设备,编号,频道,类型,来源,入口URL,结果,耗时ms,状态详情,脚本SHA256
Android 4.0.4,0,凤凰中文台,ku9,cjs/k-web/fenghuang.txt:1,https://raw.githubusercontent.com/TvWasm/cjs/main/k-web/ku9/js/fenghuang.js?id=1016529,NATIVE_VIDEO_FRAMES,890,直播播放中 · 线路 1/1,bd1431cef84efafb196e6fa118b0177eeaae0f1e40866497248289c416e688dc
Android 4.0.4,1,福建综合,ku9,cjs/k-web/fjtv.txt:1,https://raw.githubusercontent.com/TvWasm/cjs/main/k-web/ku9/js/fjtv.js?id=zhpd,NATIVE_VIDEO_FRAMES,1222,直播播放中 · 线路 1/1,fd9aca6f177ab632b4ae5c0e38a008159c7ff66bd5516a7a1fee195a22caeda4
Android 4.0.4,2,东南卫视,ku9,cjs/k-web/fjtv.txt:2,https://raw.githubusercontent.com/TvWasm/cjs/main/k-web/ku9/js/fjtv.js?id=setv,NATIVE_VIDEO_FRAMES,1209,直播播放中 · 线路 1/1,fd9aca6f177ab632b4ae5c0e38a008159c7ff66bd5516a7a1fee195a22caeda4
Android 4.0.4,3,福建新闻,ku9,cjs/k-web/fjtv.txt:3,https://raw.githubusercontent.com/TvWasm/cjs/main/k-web/ku9/js/fjtv.js?id=xwpd,NATIVE_VIDEO_FRAMES,809,直播播放中 · 线路 1/1,fd9aca6f177ab632b4ae5c0e38a008159c7ff66bd5516a7a1fee195a22caeda4
Android 4.0.4,4,福建文旅体育,ku9,cjs/k-web/fjtv.txt:4,https://raw.githubusercontent.com/TvWasm/cjs/main/k-web/ku9/js/fjtv.js?id=dspd,NATIVE_VIDEO_FRAMES,1212,直播播放中 · 线路 1/1,fd9aca6f177ab632b4ae5c0e38a008159c7ff66bd5516a7a1fee195a22caeda4
Android 4.0.4,5,福建少儿,ku9,cjs/k-web/fjtv.txt:5,https://raw.githubusercontent.com/TvWasm/cjs/main/k-web/ku9/js/fjtv.js?id=sepd,NATIVE_VIDEO_FRAMES,1210,直播播放中 · 线路 1/1,fd9aca6f177ab632b4ae5c0e38a008159c7ff66bd5516a7a1fee195a22caeda4
Android 4.0.4,6,海峡卫视,ku9,cjs/k-web/fjtv.txt:6,https://raw.githubusercontent.com/TvWasm/cjs/main/k-web/ku9/js/fjtv.js?id=hxtv,NATIVE_VIDEO_FRAMES,1211,直播播放中 · 线路 1/1,fd9aca6f177ab632b4ae5c0e38a008159c7ff66bd5516a7a1fee195a22caeda4
Android 4.0.4,7,河北卫视,ku9,cjs/k-web/hebtv.txt:1,https://raw.githubusercontent.com/TvWasm/cjs/main/k-web/ku9/js/hebtv.js?id=hbws,NATIVE_VIDEO_FRAMES,1237,直播播放中 · 线路 1/1,58a863df323a07c9b0b0120e44449716ac4ba7dd5f261a83595b543b1a183c38
Android 4.0.4,8,河北经济生活,ku9,cjs/k-web/hebtv.txt:2,https://raw.githubusercontent.com/TvWasm/cjs/main/k-web/ku9/js/hebtv.js?id=jjsh,NATIVE_VIDEO_FRAMES,811,直播播放中 · 线路 1/1,58a863df323a07c9b0b0120e44449716ac4ba7dd5f261a83595b543b1a183c38
Android 4.0.4,9,河北都市,ku9,cjs/k-web/hebtv.txt:3,https://raw.githubusercontent.com/TvWasm/cjs/main/k-web/ku9/js/hebtv.js?id=hbds,NATIVE_VIDEO_FRAMES,819,直播播放中 · 线路 1/1,58a863df323a07c9b0b0120e44449716ac4ba7dd5f261a83595b543b1a183c38
Android 4.0.4,10,河北文旅体育,ku9,cjs/k-web/hebtv.txt:4,https://raw.githubusercontent.com/TvWasm/cjs/main/k-web/ku9/js/hebtv.js?id=wlty,NATIVE_VIDEO_FRAMES,810,直播播放中 · 线路 1/1,58a863df323a07c9b0b0120e44449716ac4ba7dd5f261a83595b543b1a183c38
Android 4.0.4,11,河北少儿科教,ku9,cjs/k-web/hebtv.txt:5,https://raw.githubusercontent.com/TvWasm/cjs/main/k-web/ku9/js/hebtv.js?id=sekj,NATIVE_VIDEO_FRAMES,809,直播播放中 · 线路 1/1,58a863df323a07c9b0b0120e44449716ac4ba7dd5f261a83595b543b1a183c38
Android 4.0.4,12,河北三农,ku9,cjs/k-web/hebtv.txt:6,https://raw.githubusercontent.com/TvWasm/cjs/main/k-web/ku9/js/hebtv.js?id=sannong,NATIVE_VIDEO_FRAMES,807,直播播放中 · 线路 1/1,58a863df323a07c9b0b0120e44449716ac4ba7dd5f261a83595b543b1a183c38
Android 4.0.4,13,河北三佳购物,ku9,cjs/k-web/hebtv.txt:7,https://raw.githubusercontent.com/TvWasm/cjs/main/k-web/ku9/js/hebtv.js?id=sjgw,NATIVE_VIDEO_FRAMES,808,直播播放中 · 线路 1/1,58a863df323a07c9b0b0120e44449716ac4ba7dd5f261a83595b543b1a183c38
Android 4.0.4,14,吉林卫视,ku9,cjs/k-web/jltv.txt:1,https://raw.githubusercontent.com/TvWasm/cjs/main/k-web/ku9/js/jltv.js?id=jlws,NATIVE_VIDEO_FRAMES,1612,直播播放中 · 线路 1/1,758c1dd16e52db20e2a41cee153419e2c8395bbad2e0c1423a3bee69571f4d8c
Android 4.0.4,15,吉林都市,ku9,cjs/k-web/jltv.txt:2,https://raw.githubusercontent.com/TvWasm/cjs/main/k-web/ku9/js/jltv.js?id=ds,NATIVE_VIDEO_FRAMES,1216,直播播放中 · 线路 1/1,758c1dd16e52db20e2a41cee153419e2c8395bbad2e0c1423a3bee69571f4d8c
Android 4.0.4,16,吉林生活,ku9,cjs/k-web/jltv.txt:3,https://raw.githubusercontent.com/TvWasm/cjs/main//k-web/ku9/js/jltv.js?id=sh,NATIVE_VIDEO_FRAMES,1213,直播播放中 · 线路 1/1,758c1dd16e52db20e2a41cee153419e2c8395bbad2e0c1423a3bee69571f4d8c
Android 4.0.4,17,吉林影视,ku9,cjs/k-web/jltv.txt:4,https://raw.githubusercontent.com/TvWasm/cjs/main//k-web/ku9/js/jltv.js?id=ys,NATIVE_VIDEO_FRAMES,1209,直播播放中 · 线路 1/1,758c1dd16e52db20e2a41cee153419e2c8395bbad2e0c1423a3bee69571f4d8c
Android 4.0.4,18,吉林乡村,ku9,cjs/k-web/jltv.txt:5,https://raw.githubusercontent.com/TvWasm/cjs/main//k-web/ku9/js/jltv.js?id=xc,NATIVE_VIDEO_FRAMES,1212,直播播放中 · 线路 1/1,758c1dd16e52db20e2a41cee153419e2c8395bbad2e0c1423a3bee69571f4d8c
Android 4.0.4,19,吉林综艺文化,ku9,cjs/k-web/jltv.txt:6,https://raw.githubusercontent.com/TvWasm/cjs/main//k-web/ku9/js/jltv.js?id=zy,NATIVE_VIDEO_FRAMES,822,直播播放中 · 线路 1/1,758c1dd16e52db20e2a41cee153419e2c8395bbad2e0c1423a3bee69571f4d8c
Android 4.0.4,20,长春综合,ku9,cjs/k-web/jltv.txt:7,https://raw.githubusercontent.com/TvWasm/cjs/main//k-web/ku9/js/jltv.js?id=cc,NATIVE_VIDEO_FRAMES,808,直播播放中 · 线路 1/1,758c1dd16e52db20e2a41cee153419e2c8395bbad2e0c1423a3bee69571f4d8c
Android 4.0.4,21,江西卫视,ku9,cjs/k-web/jxntv.txt:1,https://raw.githubusercontent.com/TvWasm/cjs/main/k-web/ku9/js/jxntv.js?id=jxtv1,NATIVE_VIDEO_FRAMES,1614,直播播放中 · 线路 1/1,c38ffe43d1158029aaca5c4081d0b7ad4556e94003c825167c355e725e607338
Android 4.0.4,22,江西都市,ku9,cjs/k-web/jxntv.txt:2,https://raw.githubusercontent.com/TvWasm/cjs/main/k-web/ku9/js/jxntv.js?id=jxtv2,NATIVE_VIDEO_FRAMES,1214,直播播放中 · 线路 1/1,c38ffe43d1158029aaca5c4081d0b7ad4556e94003c825167c355e725e607338
Android 4.0.4,23,江西经济生活,ku9,cjs/k-web/jxntv.txt:3,https://raw.githubusercontent.com/TvWasm/cjs/main/k-web/ku9/js/jxntv.js?id=jxtv3,NATIVE_VIDEO_FRAMES,1611,直播播放中 · 线路 1/1,c38ffe43d1158029aaca5c4081d0b7ad4556e94003c825167c355e725e607338
Android 4.0.4,24,江西公共农业,ku9,cjs/k-web/jxntv.txt:4,https://raw.githubusercontent.com/TvWasm/cjs/main/k-web/ku9/js/jxntv.js?id=jxtv5,NATIVE_VIDEO_FRAMES,1219,直播播放中 · 线路 1/1,c38ffe43d1158029aaca5c4081d0b7ad4556e94003c825167c355e725e607338
Android 4.0.4,25,江西少儿,ku9,cjs/k-web/jxntv.txt:5,https://raw.githubusercontent.com/TvWasm/cjs/main/k-web/ku9/js/jxntv.js?id=jxtv6,NATIVE_VIDEO_FRAMES,1219,直播播放中 · 线路 1/1,c38ffe43d1158029aaca5c4081d0b7ad4556e94003c825167c355e725e607338
Android 4.0.4,26,江西新闻,ku9,cjs/k-web/jxntv.txt:6,https://raw.githubusercontent.com/TvWasm/cjs/main/k-web/ku9/js/jxntv.js?id=jxtv7,NATIVE_VIDEO_FRAMES,1611,直播播放中 · 线路 1/1,c38ffe43d1158029aaca5c4081d0b7ad4556e94003c825167c355e725e607338
Android 4.0.4,27,江西移动电视,ku9,cjs/k-web/jxntv.txt:7,https://raw.githubusercontent.com/TvWasm/cjs/main/k-web/ku9/js/jxntv.js?id=jxtv8,NATIVE_VIDEO_FRAMES,1611,直播播放中 · 线路 1/1,c38ffe43d1158029aaca5c4081d0b7ad4556e94003c825167c355e725e607338
Android 4.0.4,28,陶瓷频道,ku9,cjs/k-web/jxntv.txt:8,https://raw.githubusercontent.com/TvWasm/cjs/main/k-web/ku9/js/jxntv.js?id=tcpd,NATIVE_VIDEO_FRAMES,1612,直播播放中 · 线路 1/1,c38ffe43d1158029aaca5c4081d0b7ad4556e94003c825167c355e725e607338
Android 4.0.4,29,CCTV4K,ku9,webSourceM3U8/k-web/ku9.txt:1,https://gh-proxy.org/https://raw.githubusercontent.com/buhanzhe/webSourceM3U8/main/k-web/ku9/js/hnyx.js?id=CCTV_4K&dur=10.001&offset=162424040,NATIVE_VIDEO_FRAMES,811,直播播放中 · 线路 1/1,62ebbed9ee092b2f5a3d96ab703e22c6029858cd86e6683e494f0a76b1b3af3c
Android 4.0.4,30,CCTV16-4K,ku9,webSourceM3U8/k-web/ku9.txt:2,https://gh-proxy.org/https://raw.githubusercontent.com/buhanzhe/webSourceM3U8/main/k-web/ku9/js/hnyx.js?id=CCTV16_4K&dur=10.005&offset=163467306,NATIVE_VIDEO_FRAMES,407,直播播放中 · 线路 1/1,62ebbed9ee092b2f5a3d96ab703e22c6029858cd86e6683e494f0a76b1b3af3c
Android 4.0.4,31,东方卫视4K,ku9,webSourceM3U8/k-web/ku9.txt:3,https://gh-proxy.org/https://raw.githubusercontent.com/buhanzhe/webSourceM3U8/main/k-web/ku9/js/hnyx.js?id=dfws4K&dur=10.0066&offset=175802900,NATIVE_VIDEO_FRAMES,406,直播播放中 · 线路 1/1,62ebbed9ee092b2f5a3d96ab703e22c6029858cd86e6683e494f0a76b1b3af3c
Android 4.0.4,32,广东卫视4K,ku9,webSourceM3U8/k-web/ku9.txt:4,https://gh-proxy.org/https://raw.githubusercontent.com/buhanzhe/webSourceM3U8/main/k-web/ku9/js/hnyx.js?id=gdws4K&dur=10.001&offset=175896974,NO_PLAYBACK_OBSERVED,20099,正在连接视频 · 线路 1/1,62ebbed9ee092b2f5a3d96ab703e22c6029858cd86e6683e494f0a76b1b3af3c
Android 4.0.4,33,湖南卫视4K,ku9,webSourceM3U8/k-web/ku9.txt:5,https://gh-proxy.org/https://raw.githubusercontent.com/buhanzhe/webSourceM3U8/main/k-web/ku9/js/hnyx.js?id=hnws4K&dur=10.0066&offset=175789332,NATIVE_VIDEO_FRAMES,820,直播播放中 · 线路 1/1,62ebbed9ee092b2f5a3d96ab703e22c6029858cd86e6683e494f0a76b1b3af3c
Android 4.0.4,34,江苏卫视4K,ku9,webSourceM3U8/k-web/ku9.txt:6,https://gh-proxy.org/https://raw.githubusercontent.com/buhanzhe/webSourceM3U8/main/k-web/ku9/js/hnyx.js?id=jsws4K&dur=10.025&offset=175470420,NATIVE_VIDEO_FRAMES,414,直播播放中 · 线路 1/1,62ebbed9ee092b2f5a3d96ab703e22c6029858cd86e6683e494f0a76b1b3af3c
Android 4.0.4,35,四川卫视4K,ku9,webSourceM3U8/k-web/ku9.txt:7,https://gh-proxy.org/https://raw.githubusercontent.com/buhanzhe/webSourceM3U8/main/k-web/ku9/js/hnyx.js?id=scws4K&dur=10.032&offset=175363868,NO_PLAYBACK_OBSERVED,20109,正在连接视频 · 线路 1/1,62ebbed9ee092b2f5a3d96ab703e22c6029858cd86e6683e494f0a76b1b3af3c
Android 4.0.4,36,山东卫视4K,ku9,webSourceM3U8/k-web/ku9.txt:8,https://gh-proxy.org/https://raw.githubusercontent.com/buhanzhe/webSourceM3U8/main/k-web/ku9/js/hnyx.js?id=sdws4K&dur=10.0105&offset=175728436,NATIVE_VIDEO_FRAMES,808,直播播放中 · 线路 1/1,62ebbed9ee092b2f5a3d96ab703e22c6029858cd86e6683e494f0a76b1b3af3c
Android 4.0.4,37,深圳卫视4K,ku9,webSourceM3U8/k-web/ku9.txt:9,https://gh-proxy.org/https://raw.githubusercontent.com/buhanzhe/webSourceM3U8/main/k-web/ku9/js/hnyx.js?id=szws4K&dur=10.005&offset=175081932,NATIVE_VIDEO_FRAMES,808,直播播放中 · 线路 1/1,62ebbed9ee092b2f5a3d96ab703e22c6029858cd86e6683e494f0a76b1b3af3c
Android 4.0.4,38,浙江卫视4K,ku9,webSourceM3U8/k-web/ku9.txt:10,https://gh-proxy.org/https://raw.githubusercontent.com/buhanzhe/webSourceM3U8/main/k-web/ku9/js/hnyx.js?id=zjws4K&dur=10.0105&offset=175728140,NATIVE_VIDEO_FRAMES,810,直播播放中 · 线路 1/1,62ebbed9ee092b2f5a3d96ab703e22c6029858cd86e6683e494f0a76b1b3af3c
Android 4.0.4,39,吉林卫视,ku9,webSourceM3U8/k-web/ku9.txt:11,https://gh-proxy.org/https://raw.githubusercontent.com/buhanzhe/webSourceM3U8/main/k-web/ku9/js/jlntv.js?id=jlws,NATIVE_VIDEO_FRAMES,1212,直播播放中 · 线路 1/1,6edb44a9ab6c9bb2ec159fbd174a1422c11b9b1e576d3de35d8b3eb58e21643a
Android 4.0.4,40,吉林都市,ku9,webSourceM3U8/k-web/ku9.txt:12,https://gh-proxy.org/https://raw.githubusercontent.com/buhanzhe/webSourceM3U8/main/k-web/ku9/js/jlntv.js?id=ds,NATIVE_VIDEO_FRAMES,809,直播播放中 · 线路 1/1,6edb44a9ab6c9bb2ec159fbd174a1422c11b9b1e576d3de35d8b3eb58e21643a
Android 4.0.4,41,吉林生活,ku9,webSourceM3U8/k-web/ku9.txt:13,https://gh-proxy.org/https://raw.githubusercontent.com/buhanzhe/webSourceM3U8/main/k-web/ku9/js/jlntv.js?id=sh,NATIVE_VIDEO_FRAMES,816,直播播放中 · 线路 1/1,6edb44a9ab6c9bb2ec159fbd174a1422c11b9b1e576d3de35d8b3eb58e21643a
Android 4.0.4,42,吉林影视,ku9,webSourceM3U8/k-web/ku9.txt:14,https://gh-proxy.org/https://raw.githubusercontent.com/buhanzhe/webSourceM3U8/main/k-web/ku9/js/jlntv.js?id=ys,NATIVE_VIDEO_FRAMES,1207,直播播放中 · 线路 1/1,6edb44a9ab6c9bb2ec159fbd174a1422c11b9b1e576d3de35d8b3eb58e21643a
Android 4.0.4,43,吉林乡村,ku9,webSourceM3U8/k-web/ku9.txt:15,https://gh-proxy.org/https://raw.githubusercontent.com/buhanzhe/webSourceM3U8/main/k-web/ku9/js/jlntv.js?id=xc,NATIVE_VIDEO_FRAMES,1222,直播播放中 · 线路 1/1,6edb44a9ab6c9bb2ec159fbd174a1422c11b9b1e576d3de35d8b3eb58e21643a
Android 4.0.4,44,吉林综艺文化,ku9,webSourceM3U8/k-web/ku9.txt:16,https://gh-proxy.org/https://raw.githubusercontent.com/buhanzhe/webSourceM3U8/main/k-web/ku9/js/jlntv.js?id=zy,NATIVE_VIDEO_FRAMES,1211,直播播放中 · 线路 1/1,6edb44a9ab6c9bb2ec159fbd174a1422c11b9b1e576d3de35d8b3eb58e21643a
Android 4.0.4,45,长春综合,ku9,webSourceM3U8/k-web/ku9.txt:17,https://gh-proxy.org/https://raw.githubusercontent.com/buhanzhe/webSourceM3U8/main/k-web/ku9/js/jlntv.js?id=cc,NATIVE_VIDEO_FRAMES,815,直播播放中 · 线路 1/1,6edb44a9ab6c9bb2ec159fbd174a1422c11b9b1e576d3de35d8b3eb58e21643a
Android 4.0.4,46,凤凰中文台,ku9,webSourceM3U8/k-web/ku9.txt:18,https://gh-proxy.org/https://raw.githubusercontent.com/buhanzhe/webSourceM3U8/main/k-web/ku9/js/fenghuang.js?id=1016529,NATIVE_VIDEO_FRAMES,808,直播播放中 · 线路 1/1,f16ea4dca714e5dd7e21eeeaeb40c5ed18e6f3aa074ad465973a6d8d15b3c524
Android 4.0.4,47,本地js1,ku9,webSourceM3U8/k-web/ku9.txt:21,http://A/ku9/js/hnyx.js?id=CCTV_4K&dur=10.001&offset=162424040,NATIVE_VIDEO_FRAMES,809,直播播放中 · 线路 1/1,62ebbed9ee092b2f5a3d96ab703e22c6029858cd86e6683e494f0a76b1b3af3c
Android 4.0.4,48,本地js2,ku9,webSourceM3U8/k-web/ku9.txt:22,http://A/ku9/js/hnyx.js?id=CCTV16_4K&dur=10.005&offset=163467306,NATIVE_VIDEO_FRAMES,406,直播播放中 · 线路 1/1,62ebbed9ee092b2f5a3d96ab703e22c6029858cd86e6683e494f0a76b1b3af3c
Android 4.0.4,49,重庆js,ku9,webSourceM3U8/k-web/ku9.txt:23,https://gh-proxy.org/https://raw.githubusercontent.com/buhanzhe/webSourceM3U8/main/k-web/ku9/js/cbg.js?id=https://sj.cbg.cn/wap/list/4918/1.html,NO_PLAYBACK_OBSERVED,20093,线路播放失败，当前频道没有备用线路 · 线路 1/1,a63aded9a406cb4131336f9a8e7ffc796708994448e1a0fdea0008a823fdbb47
Android 4.0.4,50,凤凰中文,ku9,public/20250403.txt:1,http://A/ku9/js/fengh.js?id=fhzw,NO_PLAYBACK_OBSERVED,20234,线路播放失败，当前频道没有备用线路 · 线路 1/1,ad6c4d30cc6d3801e847281512cf3d8b2b19089c08d85bcc69011f69cb5a98b9
Android 4.0.4,51,凤凰资讯,ku9,public/20250403.txt:2,http://A/ku9/js/fengh.js?id=fhzx,NO_PLAYBACK_OBSERVED,20119,线路播放失败，当前频道没有备用线路 · 线路 1/1,ad6c4d30cc6d3801e847281512cf3d8b2b19089c08d85bcc69011f69cb5a98b9
Android 4.0.4,52,CCTV-1,ku9,public/20250403.txt:4,http://A/ku9/js/ku9js.js?id=https://tv.cctv.com/live/cctv1/,DEVICE_BROWSER_UNSUPPORTED,412,设备性能太弱，无法加载网页 · 线路 1/1,529c705bda0902ff0991aeb278b6d9b08e812ce772ca8c92190254e86aa9e960
Android 4.0.4,53,CCTV-2,ku9,public/20250403.txt:5,http://A/ku9/js/ku9js.js?id=https://tv.cctv.com/live/cctv2/,DEVICE_BROWSER_UNSUPPORTED,410,设备性能太弱，无法加载网页 · 线路 1/1,529c705bda0902ff0991aeb278b6d9b08e812ce772ca8c92190254e86aa9e960
Android 4.0.4,54,新疆卫视,ku9,public/20250403.txt:79,http://A/ku9/js/xjtv.js?id=xjws,RESOLVE_FAILED,419,酷9脚本结果无效: 获取数据出错... · 线路 1/1,d1c61f8e6ff59b547493fce1f5bc7c5bc1f246e65e446186f99509e579b18117
Android 4.0.4,55,云南卫视,ku9,public/20250403.txt:80,http://A/ku9/js/yn.js?id=ynws,NO_PLAYBACK_OBSERVED,20110,线路播放失败，当前频道没有备用线路 · 线路 1/1,c456a1ab9e566d13958dc1c7800f872d35de5da5b8ee5bac089a02c5774f6d78
Android 4.0.4,56,新疆维语综合,ku9,public/20250403.txt:87,http://A/ku9/js/xjtv.js?id=xjwyzh,RESOLVE_FAILED,406,酷9脚本结果无效: 获取数据出错... · 线路 1/1,d1c61f8e6ff59b547493fce1f5bc7c5bc1f246e65e446186f99509e579b18117
Android 4.0.4,57,西湖明珠,ku9,public/20250403.txt:97,http://A/ku9/js/hztv.js?id=hzmz,NATIVE_VIDEO_FRAMES,2130,直播播放中 · 线路 1/1,05c30f24ebbda47356e658935c4df5b9ca671f1e078d26b76f172ca243a34303
Android 4.0.4,58,杭州生活,ku9,public/20250403.txt:98,http://A/ku9/js/hztv.js?id=hzsh,NATIVE_VIDEO_FRAMES,1213,直播播放中 · 线路 1/1,05c30f24ebbda47356e658935c4df5b9ca671f1e078d26b76f172ca243a34303
Android 4.0.4,59,南昌综合,ku9,public/20250403.txt:103,http://A/ku9/js/jxtv.js?id=nczh,NO_PLAYBACK_OBSERVED,20103,正在解析酷9源 · 线路 1/1,1354c307129124b07730721a9d58bead022bc6087e20cfca2dde6f1a661a4adc
Android 4.0.4,60,南昌文旅,ku9,public/20250403.txt:104,http://A/ku9/js/jxtv.js?id=ncds,NO_PLAYBACK_OBSERVED,20121,正在解析酷9源 · 线路 1/1,1354c307129124b07730721a9d58bead022bc6087e20cfca2dde6f1a661a4adc
Android 4.0.4,61,云南都市,ku9,public/20250403.txt:106,http://A/ku9/js/yn.js?id=ynds,NO_PLAYBACK_OBSERVED,20128,线路播放失败，当前频道没有备用线路 · 线路 1/1,c456a1ab9e566d13958dc1c7800f872d35de5da5b8ee5bac089a02c5774f6d78
Android 4.0.4,62,CCTV1综合,ku9,public/ku9js\localData\酷9咪咕直播HD源.txt:109,https://gitee.com/smalltown240730/240730/raw/master/ku9js/k-web/ku9/js/miguhd.js?id=608807420,RESOLVE_FAILED,407,酷9脚本结果无效: 无法获取播放地址 · 线路 1/1,e0cbefa09b312f8d8613db010954445189643e8003b4efd3fee8f0c148e420c1
Android 4.0.4,63,CCTV2财经,ku9,public/ku9js\localData\酷9咪咕直播HD源.txt:110,https://gitee.com/smalltown240730/240730/raw/master/ku9js/k-web/ku9/js/miguhd.js?id=631780532,RESOLVE_FAILED,406,酷9脚本结果无效: 无法获取播放地址 · 线路 1/1,e0cbefa09b312f8d8613db010954445189643e8003b4efd3fee8f0c148e420c1
Android 4.0.4,64,CCTV1综合,ku9,public/ku9js\localData\酷9快直播js源.txt:1,http://A/ku9/js/kzbtv.js?id=484,RESOLVE_FAILED,1610,酷9脚本结果无效: 数据解析失败 · 线路 1/1,d564d50ee65865106a286324844e7f0feaf0027b15f55c9afbf1aa122107f87a
Android 4.0.4,65,CCTV2财经,ku9,public/ku9js\localData\酷9快直播js源.txt:2,http://A/ku9/js/kzbtv.js?id=485,RESOLVE_FAILED,407,酷9脚本结果无效: 数据解析失败 · 线路 1/1,d564d50ee65865106a286324844e7f0feaf0027b15f55c9afbf1aa122107f87a
Android 4.0.4,66,CCTV1,ku9,public/ku9js\localData\酷9移动js源.txt:1,http://A/PLTV/ku9/js/yditv.js?cid=bestzb&key=5000000001000004953$4M FHD,RESOLVE_FAILED,407,酷9脚本地址格式错误 · 线路 1/1,e4fb83737e146ae26c94998596a382caf8f11264f2a44eb73c467b2a4a06474a
Android 4.0.4,67,CCTV1,ku9,public/ku9js\localData\酷9移动js源.txt:2,http://A/PLTV/ku9/js/yditv.js?cid=bestzb&key=5000000004000002226$8M FHD,RESOLVE_FAILED,406,酷9脚本地址格式错误 · 线路 1/1,e4fb83737e146ae26c94998596a382caf8f11264f2a44eb73c467b2a4a06474a
Android 4.0.4,68,凤凰中文,ku9,public/ku9js\localData\酷9网页直播js源.txt:95,https://gitee.com/smalltown240730/240730/raw/master/ku9js/k-web/ku9/js/ph720.js?id=fhzw,NO_PLAYBACK_OBSERVED,45061,正在连接视频 · 线路 1/1,8bed98d13e8e237b99120220223aba7619b21d43f39cb9cbba9e95ba8729321c
Android 4.0.4,69,凤凰资讯,ku9,public/ku9js\localData\酷9网页直播js源.txt:96,https://gitee.com/smalltown240730/240730/raw/master/ku9js/k-web/ku9/js/ph720.js?id=fhzx,NO_PLAYBACK_OBSERVED,45056,正在连接视频 · 线路 1/1,8bed98d13e8e237b99120220223aba7619b21d43f39cb9cbba9e95ba8729321c
Android 4.0.4,70,凤凰中文,ku9,public/ku9js\localData\酷9网页直播js源.txt:98,https://gitee.com/smalltown240730/240730/raw/master/ku9js/k-web/ku9/js/phoenix.js?id=fhzw,NO_PLAYBACK_OBSERVED,20106,线路播放失败，当前频道没有备用线路 · 线路 1/1,ad6c4d30cc6d3801e847281512cf3d8b2b19089c08d85bcc69011f69cb5a98b9
Android 4.0.4,71,凤凰资讯,ku9,public/ku9js\localData\酷9网页直播js源.txt:99,https://gitee.com/smalltown240730/240730/raw/master/ku9js/k-web/ku9/js/phoenix.js?id=fhzx,NO_PLAYBACK_OBSERVED,20107,线路播放失败，当前频道没有备用线路 · 线路 1/1,ad6c4d30cc6d3801e847281512cf3d8b2b19089c08d85bcc69011f69cb5a98b9
Android 4.0.4,72,CCTV-1 综合,cjs,cjs/cmg.m3u:1,https://raw.githubusercontent.com/TvWasm/cjs/main/cmg.cjs?id=600001859,NATIVE_VIDEO_FRAMES,1615,直播播放中 · 线路 1/1,
Android 4.0.4,73,CCTV-2 财经,cjs,cjs/cmg.m3u:2,https://raw.githubusercontent.com/TvWasm/cjs/main/cmg.cjs?id=600001800,NATIVE_VIDEO_FRAMES,2131,直播播放中 · 线路 1/1,
Android 4.0.4,74,CCTV-3 综艺,cjs,cjs/cmg.m3u:3,https://raw.githubusercontent.com/TvWasm/cjs/main/cmg.cjs?id=600001801,NATIVE_VIDEO_FRAMES,1619,直播播放中 · 线路 1/1,
Android 4.0.4,75,CCTV-4 中文国际（亚）,cjs,cjs/cmg.m3u:4,https://raw.githubusercontent.com/TvWasm/cjs/main/cmg.cjs?id=600001814,NATIVE_VIDEO_FRAMES,2213,直播播放中 · 线路 1/1,
Android 4.0.4,76,CCTV-5 体育,cjs,cjs/cmg.m3u:5,https://raw.githubusercontent.com/TvWasm/cjs/main/cmg.cjs?id=600001818,NATIVE_VIDEO_FRAMES,1803,直播播放中 · 线路 1/1,
Android 4.0.4,77,CCTV-6 电影,cjs,cjs/cmg.m3u:6,https://raw.githubusercontent.com/TvWasm/cjs/main/cmg.cjs?id=600108442,NATIVE_VIDEO_FRAMES,1650,直播播放中 · 线路 1/1,
Android 4.0.4,78,CCTV-7 国防军事,cjs,cjs/cmg.m3u:7,https://raw.githubusercontent.com/TvWasm/cjs/main/cmg.cjs?id=600004092,NATIVE_VIDEO_FRAMES,1219,直播播放中 · 线路 1/1,
Android 4.0.4,79,CCTV-8 电视剧,cjs,cjs/cmg.m3u:8,https://raw.githubusercontent.com/TvWasm/cjs/main/cmg.cjs?id=600001803,NATIVE_VIDEO_FRAMES,2538,直播播放中 · 线路 1/1,
Android 4.0.4,80,CCTV-9 纪录,cjs,cjs/cmg.m3u:9,https://raw.githubusercontent.com/TvWasm/cjs/main/cmg.cjs?id=600004078,NATIVE_VIDEO_FRAMES,1492,直播播放中 · 线路 1/1,
Android 4.0.4,81,CCTV-10 科教,cjs,cjs/cmg.m3u:10,https://raw.githubusercontent.com/TvWasm/cjs/main/cmg.cjs?id=600001805,NATIVE_VIDEO_FRAMES,1627,直播播放中 · 线路 1/1,
Android 4.0.4,82,CCTV-11 戏曲,cjs,cjs/cmg.m3u:11,https://raw.githubusercontent.com/TvWasm/cjs/main/cmg.cjs?id=600001806,NATIVE_VIDEO_FRAMES,1767,直播播放中 · 线路 1/1,
Android 4.0.4,83,CCTV-12 社会与法,cjs,cjs/cmg.m3u:12,https://raw.githubusercontent.com/TvWasm/cjs/main/cmg.cjs?id=600001807,NATIVE_VIDEO_FRAMES,2023,直播播放中 · 线路 1/1,
Android 4.0.4,84,CCTV-13 新闻,cjs,cjs/cmg.m3u:13,https://raw.githubusercontent.com/TvWasm/cjs/main/cmg.cjs?id=600001811,NATIVE_VIDEO_FRAMES,1924,直播播放中 · 线路 1/1,
Android 4.0.4,85,CCTV-14 少儿,cjs,cjs/cmg.m3u:14,https://raw.githubusercontent.com/TvWasm/cjs/main/cmg.cjs?id=600001809,NATIVE_VIDEO_FRAMES,1755,直播播放中 · 线路 1/1,
Android 4.0.4,86,CCTV-15 音乐,cjs,cjs/cmg.m3u:15,https://raw.githubusercontent.com/TvWasm/cjs/main/cmg.cjs?id=600001815,NATIVE_VIDEO_FRAMES,1882,直播播放中 · 线路 1/1,
Android 4.0.4,87,CCTV-16 奥林匹克,cjs,cjs/cmg.m3u:16,https://raw.githubusercontent.com/TvWasm/cjs/main/cmg.cjs?id=600098637,NATIVE_VIDEO_FRAMES,1507,直播播放中 · 线路 1/1,
Android 4.0.4,88,CCTV-17 农业农村,cjs,cjs/cmg.m3u:17,https://raw.githubusercontent.com/TvWasm/cjs/main/cmg.cjs?id=600001810,NATIVE_VIDEO_FRAMES,2019,直播播放中 · 线路 1/1,
Android 4.0.4,89,CCTV-5+ 体育赛事,cjs,cjs/cmg.m3u:18,https://raw.githubusercontent.com/TvWasm/cjs/main/cmg.cjs?id=600001817,NATIVE_VIDEO_FRAMES,2234,直播播放中 · 线路 1/1,
Android 4.0.4,90,CCTV16（4K）,cjs,cjs/cmg.m3u:19,https://raw.githubusercontent.com/TvWasm/cjs/main/cmg.cjs?id=600099502,NATIVE_VIDEO_FRAMES,1969,直播播放中 · 线路 1/1,
Android 4.0.4,91,CCTV4K,cjs,cjs/cmg.m3u:20,https://raw.githubusercontent.com/TvWasm/cjs/main/cmg.cjs?id=600002264,NATIVE_VIDEO_FRAMES,2081,直播播放中 · 线路 1/1,
Android 4.0.4,92,CCTV8K,cjs,cjs/cmg.m3u:21,https://raw.githubusercontent.com/TvWasm/cjs/main/cmg.cjs?id=600156816,NATIVE_VIDEO_FRAMES,1640,直播播放中 · 线路 1/1,
Android 4.0.4,93,CGTN,cjs,cjs/cmg.m3u:22,https://raw.githubusercontent.com/TvWasm/cjs/main/cmg.cjs?id=600014550,NATIVE_VIDEO_FRAMES,1268,直播播放中 · 线路 1/1,
Android 4.0.4,94,CGTN法语频道,cjs,cjs/cmg.m3u:23,https://raw.githubusercontent.com/TvWasm/cjs/main/cmg.cjs?id=600084704,NATIVE_VIDEO_FRAMES,1644,直播播放中 · 线路 1/1,
Android 4.0.4,95,CGTN俄语频道,cjs,cjs/cmg.m3u:24,https://raw.githubusercontent.com/TvWasm/cjs/main/cmg.cjs?id=600084758,NATIVE_VIDEO_FRAMES,2026,直播播放中 · 线路 1/1,
Android 4.0.4,96,CGTN阿拉伯语频道,cjs,cjs/cmg.m3u:25,https://raw.githubusercontent.com/TvWasm/cjs/main/cmg.cjs?id=600084782,NATIVE_VIDEO_FRAMES,1875,直播播放中 · 线路 1/1,
Android 4.0.4,97,CGTN西班牙语频道,cjs,cjs/cmg.m3u:26,https://raw.githubusercontent.com/TvWasm/cjs/main/cmg.cjs?id=600084744,NATIVE_VIDEO_FRAMES,1864,直播播放中 · 线路 1/1,
Android 4.0.4,98,CGTN外语纪录频道,cjs,cjs/cmg.m3u:27,https://raw.githubusercontent.com/TvWasm/cjs/main/cmg.cjs?id=600084781,NATIVE_VIDEO_FRAMES,2024,直播播放中 · 线路 1/1,
Android 4.0.4,99,CCTV风云剧场频道,cjs,cjs/cmg.m3u:28,https://raw.githubusercontent.com/TvWasm/cjs/main/cmg.cjs?id=600099658,NATIVE_VIDEO_FRAMES,883,直播播放中 · 线路 1/1,
Android 4.0.4,100,CCTV第一剧场频道,cjs,cjs/cmg.m3u:29,https://raw.githubusercontent.com/TvWasm/cjs/main/cmg.cjs?id=600099655,NATIVE_VIDEO_FRAMES,2199,直播播放中 · 线路 1/1,
Android 4.0.4,101,CCTV怀旧剧场频道,cjs,cjs/cmg.m3u:30,https://raw.githubusercontent.com/TvWasm/cjs/main/cmg.cjs?id=600099620,NATIVE_VIDEO_FRAMES,1226,直播播放中 · 线路 1/1,
Android 4.0.4,102,CCTV-1 综合,cjs,cjs/cmg.m3u:31; cjs/cctv.cjs + ChannelCatalog,https://raw.githubusercontent.com/TvWasm/cjs/main/cctv.cjs?id=cctv1,NATIVE_VIDEO_FRAMES,2566,直播播放中 · 线路 1/1,
Android 4.0.4,103,CCTV-2 财经,cjs,cjs/cmg.m3u:32; cjs/cctv.cjs + ChannelCatalog,https://raw.githubusercontent.com/TvWasm/cjs/main/cctv.cjs?id=cctv2,NATIVE_VIDEO_FRAMES,2419,直播播放中 · 线路 1/1,
Android 4.0.4,104,CCTV-3 综艺,cjs,cjs/cmg.m3u:33; cjs/cctv.cjs + ChannelCatalog,https://raw.githubusercontent.com/TvWasm/cjs/main/cctv.cjs?id=cctv3,NATIVE_VIDEO_FRAMES,1613,直播播放中 · 线路 1/1,
Android 4.0.4,105,CCTV-4 中文国际（亚）,cjs,cjs/cmg.m3u:34; cjs/cctv.cjs + ChannelCatalog,https://raw.githubusercontent.com/TvWasm/cjs/main/cctv.cjs?id=cctv4,NATIVE_VIDEO_FRAMES,2014,直播播放中 · 线路 1/1,
Android 4.0.4,106,CCTV-5 体育,cjs,cjs/cmg.m3u:35; cjs/cctv.cjs + ChannelCatalog,https://raw.githubusercontent.com/TvWasm/cjs/main/cctv.cjs?id=cctv5,NATIVE_VIDEO_FRAMES,2021,直播播放中 · 线路 1/1,
Android 4.0.4,107,CCTV-6 电影,cjs,cjs/cmg.m3u:36; cjs/cctv.cjs + ChannelCatalog,https://raw.githubusercontent.com/TvWasm/cjs/main/cctv.cjs?id=cctv6,NATIVE_VIDEO_FRAMES,1211,直播播放中 · 线路 1/1,
Android 4.0.4,108,CCTV-7 国防军事,cjs,cjs/cmg.m3u:37; cjs/cctv.cjs + ChannelCatalog,https://raw.githubusercontent.com/TvWasm/cjs/main/cctv.cjs?id=cctv7,NATIVE_VIDEO_FRAMES,1618,直播播放中 · 线路 1/1,
Android 4.0.4,109,CCTV-8 电视剧,cjs,cjs/cmg.m3u:38; cjs/cctv.cjs + ChannelCatalog,https://raw.githubusercontent.com/TvWasm/cjs/main/cctv.cjs?id=cctv8,NATIVE_VIDEO_FRAMES,1642,直播播放中 · 线路 1/1,
Android 4.0.4,110,CCTV-9 纪录,cjs,cjs/cmg.m3u:39; cjs/cctv.cjs + ChannelCatalog,https://raw.githubusercontent.com/TvWasm/cjs/main/cctv.cjs?id=cctvjilu,NATIVE_VIDEO_FRAMES,1624,直播播放中 · 线路 1/1,
Android 4.0.4,111,CCTV-10 科教,cjs,cjs/cmg.m3u:40; cjs/cctv.cjs + ChannelCatalog,https://raw.githubusercontent.com/TvWasm/cjs/main/cctv.cjs?id=cctv10,NATIVE_VIDEO_FRAMES,2028,直播播放中 · 线路 1/1,
Android 4.0.4,112,CCTV-11 戏曲,cjs,cjs/cmg.m3u:41; cjs/cctv.cjs + ChannelCatalog,https://raw.githubusercontent.com/TvWasm/cjs/main/cctv.cjs?id=cctv11,NATIVE_VIDEO_FRAMES,2054,直播播放中 · 线路 1/1,
Android 4.0.4,113,CCTV-12 社会与法,cjs,cjs/cmg.m3u:42; cjs/cctv.cjs + ChannelCatalog,https://raw.githubusercontent.com/TvWasm/cjs/main/cctv.cjs?id=cctv12,NATIVE_VIDEO_FRAMES,1612,直播播放中 · 线路 1/1,
Android 4.0.4,114,CCTV-13 新闻,cjs,cjs/cmg.m3u:43; cjs/cctv.cjs + ChannelCatalog,https://raw.githubusercontent.com/TvWasm/cjs/main/cctv.cjs?id=cctv13,NATIVE_VIDEO_FRAMES,1612,直播播放中 · 线路 1/1,
Android 4.0.4,115,CCTV-14 少儿,cjs,cjs/cmg.m3u:44; cjs/cctv.cjs + ChannelCatalog,https://raw.githubusercontent.com/TvWasm/cjs/main/cctv.cjs?id=cctvchild,NATIVE_VIDEO_FRAMES,2032,直播播放中 · 线路 1/1,
Android 4.0.4,116,CCTV-15 音乐,cjs,cjs/cmg.m3u:45; cjs/cctv.cjs + ChannelCatalog,https://raw.githubusercontent.com/TvWasm/cjs/main/cctv.cjs?id=cctv15,NATIVE_VIDEO_FRAMES,1618,直播播放中 · 线路 1/1,
Android 4.0.4,117,CCTV-16 奥林匹克,cjs,cjs/cmg.m3u:46; cjs/cctv.cjs + ChannelCatalog,https://raw.githubusercontent.com/TvWasm/cjs/main/cctv.cjs?id=cctv16,NATIVE_VIDEO_FRAMES,1622,直播播放中 · 线路 1/1,
Android 4.0.4,118,CCTV-17 农业农村,cjs,cjs/cmg.m3u:47; cjs/cctv.cjs + ChannelCatalog,https://raw.githubusercontent.com/TvWasm/cjs/main/cctv.cjs?id=cctv17,NATIVE_VIDEO_FRAMES,2026,直播播放中 · 线路 1/1,
Android 4.0.4,119,CCTV-5+ 体育赛事,cjs,cjs/cmg.m3u:48; cjs/cctv.cjs + ChannelCatalog,https://raw.githubusercontent.com/TvWasm/cjs/main/cctv.cjs?id=cctv5plus,NATIVE_VIDEO_FRAMES,2025,直播播放中 · 线路 1/1,
Android 4.0.4,120,CCTV-4 中文国际（欧）,cjs,cjs/cmg.m3u:49; cjs/cctv.cjs + ChannelCatalog,https://raw.githubusercontent.com/TvWasm/cjs/main/cctv.cjs?id=cctveurope,NATIVE_VIDEO_FRAMES,2017,直播播放中 · 线路 1/1,
Android 4.0.4,121,CCTV-4 中文国际（美）,cjs,cjs/cmg.m3u:50; cjs/cctv.cjs + ChannelCatalog,https://raw.githubusercontent.com/TvWasm/cjs/main/cctv.cjs?id=cctvamerica,NATIVE_VIDEO_FRAMES,1614,直播播放中 · 线路 1/1,
Android 4.0.4,122,北京卫视,cjs,cjs/cmg.m3u:51,https://raw.githubusercontent.com/TvWasm/cjs/main/cmg.cjs?id=600002309,NATIVE_VIDEO_FRAMES,2030,直播播放中 · 线路 1/1,
Android 4.0.4,123,江苏卫视,cjs,cjs/cmg.m3u:52,https://raw.githubusercontent.com/TvWasm/cjs/main/cmg.cjs?id=600002521,NATIVE_VIDEO_FRAMES,2300,直播播放中 · 线路 1/1,
Android 4.0.4,124,东方卫视,cjs,cjs/cmg.m3u:53,https://raw.githubusercontent.com/TvWasm/cjs/main/cmg.cjs?id=600002483,NATIVE_VIDEO_FRAMES,2122,直播播放中 · 线路 1/1,
Android 4.0.4,125,浙江卫视,cjs,cjs/cmg.m3u:54,https://raw.githubusercontent.com/TvWasm/cjs/main/cmg.cjs?id=600002520,NATIVE_VIDEO_FRAMES,1933,直播播放中 · 线路 1/1,
Android 4.0.4,126,湖南卫视,cjs,cjs/cmg.m3u:55,https://raw.githubusercontent.com/TvWasm/cjs/main/cmg.cjs?id=600002475,NATIVE_VIDEO_FRAMES,2001,直播播放中 · 线路 1/1,
Android 4.0.4,127,湖北卫视,cjs,cjs/cmg.m3u:56,https://raw.githubusercontent.com/TvWasm/cjs/main/cmg.cjs?id=600002508,NATIVE_VIDEO_FRAMES,1616,直播播放中 · 线路 1/1,
Android 4.0.4,128,广东卫视,cjs,cjs/cmg.m3u:57,https://raw.githubusercontent.com/TvWasm/cjs/main/cmg.cjs?id=600002485,NATIVE_VIDEO_FRAMES,1912,直播播放中 · 线路 1/1,
Android 4.0.4,129,广西卫视,cjs,cjs/cmg.m3u:58,https://raw.githubusercontent.com/TvWasm/cjs/main/cmg.cjs?id=600002509,NATIVE_VIDEO_FRAMES,1900,直播播放中 · 线路 1/1,
Android 4.0.4,130,黑龙江卫视,cjs,cjs/cmg.m3u:59,https://raw.githubusercontent.com/TvWasm/cjs/main/cmg.cjs?id=600002498,NATIVE_VIDEO_FRAMES,1934,直播播放中 · 线路 1/1,
Android 4.0.4,131,海南卫视,cjs,cjs/cmg.m3u:60,https://raw.githubusercontent.com/TvWasm/cjs/main/cmg.cjs?id=600002506,NATIVE_VIDEO_FRAMES,1844,直播播放中 · 线路 1/1,
Android 4.0.4,132,重庆卫视,cjs,cjs/cmg.m3u:61,https://raw.githubusercontent.com/TvWasm/cjs/main/cmg.cjs?id=600002531,NATIVE_VIDEO_FRAMES,1959,直播播放中 · 线路 1/1,
Android 4.0.4,133,深圳卫视,cjs,cjs/cmg.m3u:62,https://raw.githubusercontent.com/TvWasm/cjs/main/cmg.cjs?id=600002481,NATIVE_VIDEO_FRAMES,1638,直播播放中 · 线路 1/1,
Android 4.0.4,134,四川卫视,cjs,cjs/cmg.m3u:63,https://raw.githubusercontent.com/TvWasm/cjs/main/cmg.cjs?id=600002516,NATIVE_VIDEO_FRAMES,1820,直播播放中 · 线路 1/1,
Android 4.0.4,135,河南卫视,cjs,cjs/cmg.m3u:64,https://raw.githubusercontent.com/TvWasm/cjs/main/cmg.cjs?id=600002525,NATIVE_VIDEO_FRAMES,1620,直播播放中 · 线路 1/1,
Android 4.0.4,136,福建东南卫视,cjs,cjs/cmg.m3u:65,https://raw.githubusercontent.com/TvWasm/cjs/main/cmg.cjs?id=600002484,NATIVE_VIDEO_FRAMES,2096,直播播放中 · 线路 1/1,
Android 4.0.4,137,贵州卫视,cjs,cjs/cmg.m3u:66,https://raw.githubusercontent.com/TvWasm/cjs/main/cmg.cjs?id=600002490,NATIVE_VIDEO_FRAMES,1631,直播播放中 · 线路 1/1,
Android 4.0.4,138,江西卫视,cjs,cjs/cmg.m3u:67,https://raw.githubusercontent.com/TvWasm/cjs/main/cmg.cjs?id=600002503,NATIVE_VIDEO_FRAMES,2007,直播播放中 · 线路 1/1,
Android 4.0.4,139,辽宁卫视,cjs,cjs/cmg.m3u:68,https://raw.githubusercontent.com/TvWasm/cjs/main/cmg.cjs?id=600002505,NATIVE_VIDEO_FRAMES,2035,直播播放中 · 线路 1/1,
Android 4.0.4,140,安徽卫视,cjs,cjs/cmg.m3u:69,https://raw.githubusercontent.com/TvWasm/cjs/main/cmg.cjs?id=600002532,NATIVE_VIDEO_FRAMES,1615,直播播放中 · 线路 1/1,
Android 4.0.4,141,河北卫视,cjs,cjs/cmg.m3u:70,https://raw.githubusercontent.com/TvWasm/cjs/main/cmg.cjs?id=600002493,NATIVE_VIDEO_FRAMES,1896,直播播放中 · 线路 1/1,
Android 4.0.4,142,山东卫视,cjs,cjs/cmg.m3u:71,https://raw.githubusercontent.com/TvWasm/cjs/main/cmg.cjs?id=600002513,NATIVE_VIDEO_FRAMES,1929,直播播放中 · 线路 1/1,
Android 4.0.4,143,天津卫视,cjs,cjs/cmg.m3u:72,https://raw.githubusercontent.com/TvWasm/cjs/main/cmg.cjs?id=600152137,NATIVE_VIDEO_FRAMES,1256,直播播放中 · 线路 1/1,
Android 4.0.4,144,吉林卫视,cjs,cjs/cmg.m3u:73,https://raw.githubusercontent.com/TvWasm/cjs/main/cmg.cjs?id=600190405,NATIVE_VIDEO_FRAMES,1621,直播播放中 · 线路 1/1,
Android 4.0.4,145,陕西卫视,cjs,cjs/cmg.m3u:74,https://raw.githubusercontent.com/TvWasm/cjs/main/cmg.cjs?id=600190400,NATIVE_VIDEO_FRAMES,3190,直播播放中 · 线路 1/1,
Android 4.0.4,146,甘肃卫视,cjs,cjs/cmg.m3u:75,https://raw.githubusercontent.com/TvWasm/cjs/main/cmg.cjs?id=600190408,NATIVE_VIDEO_FRAMES,1618,直播播放中 · 线路 1/1,
Android 4.0.4,147,宁夏卫视,cjs,cjs/cmg.m3u:76,https://raw.githubusercontent.com/TvWasm/cjs/main/cmg.cjs?id=600190737,NATIVE_VIDEO_FRAMES,1880,直播播放中 · 线路 1/1,
Android 4.0.4,148,内蒙古卫视,cjs,cjs/cmg.m3u:77,https://raw.githubusercontent.com/TvWasm/cjs/main/cmg.cjs?id=600190401,NATIVE_VIDEO_FRAMES,1620,直播播放中 · 线路 1/1,
Android 4.0.4,149,云南卫视,cjs,cjs/cmg.m3u:78,https://raw.githubusercontent.com/TvWasm/cjs/main/cmg.cjs?id=600190402,NATIVE_VIDEO_FRAMES,2809,直播播放中 · 线路 1/1,
Android 4.0.4,150,山西卫视,cjs,cjs/cmg.m3u:79,https://raw.githubusercontent.com/TvWasm/cjs/main/cmg.cjs?id=600190407,NATIVE_VIDEO_FRAMES,2616,直播播放中 · 线路 1/1,
Android 4.0.4,151,青海卫视,cjs,cjs/cmg.m3u:80,https://raw.githubusercontent.com/TvWasm/cjs/main/cmg.cjs?id=600190406,NATIVE_VIDEO_FRAMES,1923,直播播放中 · 线路 1/1,
Android 4.0.4,152,西藏卫视,cjs,cjs/cmg.m3u:81,https://raw.githubusercontent.com/TvWasm/cjs/main/cmg.cjs?id=600190403,NATIVE_VIDEO_FRAMES,1987,直播播放中 · 线路 1/1,
Android 4.0.4,153,中国教育电视台1频道,cjs,cjs/cmg.m3u:82,https://raw.githubusercontent.com/TvWasm/cjs/main/cmg.cjs?id=600171827,NATIVE_VIDEO_FRAMES,1463,直播播放中 · 线路 1/1,
Android 4.0.4,154,新疆卫视,cjs,cjs/cmg.m3u:83,https://raw.githubusercontent.com/TvWasm/cjs/main/cmg.cjs?id=600152138,NATIVE_VIDEO_FRAMES,825,直播播放中 · 线路 1/1,
Android 4.0.4,155,广西综艺旅游,cjs,cjs/gxtv.m3u:1,https://raw.githubusercontent.com/TvWasm/cjs/main/gxtv.cjs?id=f3335975f9fe11e88bcfe41f13b60c62,NATIVE_VIDEO_FRAMES,2027,直播播放中 · 线路 1/1,
Android 4.0.4,156,广西都市,cjs,cjs/gxtv.m3u:2,https://raw.githubusercontent.com/TvWasm/cjs/main/gxtv.cjs?id=fdbaf085f9fe11e88bcfe41f13b60c62,NATIVE_VIDEO_FRAMES,1209,直播播放中 · 线路 1/1,
Android 4.0.4,157,广西影视,cjs,cjs/gxtv.m3u:3,https://raw.githubusercontent.com/TvWasm/cjs/main/gxtv.cjs?id=5e923d82058e11e9ba67e41f13b60c62,NATIVE_VIDEO_FRAMES,1212,直播播放中 · 线路 1/1,
Android 4.0.4,158,广西新闻,cjs,cjs/gxtv.m3u:4,https://raw.githubusercontent.com/TvWasm/cjs/main/gxtv.cjs?id=9dfd8600075811e9ba67e41f13b60c62,NATIVE_VIDEO_FRAMES,826,直播播放中 · 线路 1/1,
Android 4.0.4,159,广西国际,cjs,cjs/gxtv.m3u:5,https://raw.githubusercontent.com/TvWasm/cjs/main/gxtv.cjs?id=bfa17b64157f11e999f0e41f13b60c62,NATIVE_VIDEO_FRAMES,1220,直播播放中 · 线路 1/1,
Android 4.0.4,160,CETV-1,cjs,cjs/gxtv.m3u:6,https://raw.githubusercontent.com/TvWasm/cjs/main/gxtv.cjs?id=ffa6b6e1b32b4a16a73eb3ef66f8bfc7,NATIVE_VIDEO_FRAMES,1209,直播播放中 · 线路 1/1,
Android 4.0.4,161,CETV-2,cjs,cjs/gxtv.m3u:7,https://raw.githubusercontent.com/TvWasm/cjs/main/gxtv.cjs?id=80d0ffb42c114eaf9663708629ff0a3e,NATIVE_VIDEO_FRAMES,1218,直播播放中 · 线路 1/1,
Android 4.0.4,162,CETV-4,cjs,cjs/gxtv.m3u:8,https://raw.githubusercontent.com/TvWasm/cjs/main/gxtv.cjs?id=67eace939278435bb4bca90800fb4225,NATIVE_VIDEO_FRAMES,1213,直播播放中 · 线路 1/1,
Android 4.0.4,163,migu测试,media,webSourceM3U8/k-web/ku9.txt:24,https://raw.githubusercontent.com/mytv-android/mytvJS/refs/heads/main/js/mgd_github.js?channel=CCTV1综合,RESOLVE_FAILED,2418,线路解析失败，当前频道没有备用线路 · 线路 1/1,
Android 4.0.4,164,音轨测试,media,webSourceM3U8/k-web/ku9.txt:25,https://r.jdshipin.com/62WM7,NO_PLAYBACK_OBSERVED,20124,直播播放中 · 线路 1/1,
Android 4.0.4,165,H.264/MPEG-TS多语言字幕,media,webSourceM3U8/k-web/ku9.txt:26,https://devstreaming-cdn.apple.com/videos/streaming/examples/img_bipbop_adv_example_ts/master.m3u8,NATIVE_VIDEO_FRAMES,1223,直播播放中 · 线路 1/1,
Android 4.0.4,166,H.264/fMP4多语言字幕,media,webSourceM3U8/k-web/ku9.txt:27,https://devstreaming-cdn.apple.com/videos/streaming/examples/img_bipbop_adv_example_fmp4/master.m3u8,NATIVE_VIDEO_FRAMES,1211,直播播放中 · 线路 1/1,
Android 4.0.4,167,HEVC/H.264单字幕,media,webSourceM3U8/k-web/ku9.txt:28,https://devstreaming-cdn.apple.com/videos/streaming/examples/bipbop_adv_example_hevc/master.m3u8,NATIVE_VIDEO_FRAMES,807,直播播放中 · 线路 1/1,
Android 4.0.4,168,DolbyAtmos720PH264,media,webSourceM3U8/k-web/ku9.txt:29,https://ott.dolby.com/OnDelKits/DDP/Dolby_Digital_Plus_Online_Delivery_Kit_v1.4.1/Test_Signals/muxed_streams/HLS/Manifest_v4_packed_audio/ChID_voices_1280x720p_25fps_h264_6ch_640kbps_ddp_joc.m3u8,NATIVE_VIDEO_FRAMES,2029,直播播放中 · 线路 1/1,
Android 4.0.4,169,DolbyAtmos720PH264,media,webSourceM3U8/k-web/ku9.txt:30,https://ott.dolby.com/OnDelKits/DDP/Dolby_Digital_Plus_Online_Delivery_Kit_v1.4.1/Test_Signals/muxed_streams/HLS/Manifest_v7_fMP4/ChID_voices_1280x720p_25fps_h264_6ch_640kbps_ddp_joc.m3u8,NATIVE_VIDEO_FRAMES,2017,直播播放中 · 线路 1/1,
Android 4.0.4,170,DolbyAtmosHEVC1080P,media,webSourceM3U8/k-web/ku9.txt:31,https://ott.dolby.com/OnDelKits/DDP/Dolby_Digital_Plus_Online_Delivery_Kit_v1.4.1/Test_Signals/muxed_streams/HLS/Manifest_v7_fMP4/ChID_voices_1920x1080p_25fps_h265_6ch_640kbps_ddp_joc.m3u8,NATIVE_VIDEO_FRAMES,2016,直播播放中 · 线路 1/1,
Android 4.0.4,171,DolbyAtmos720pH264,media,webSourceM3U8/k-web/ku9.txt:32,https://ott.dolby.com/OnDelKits/DDP/Dolby_Digital_Plus_Online_Delivery_Kit_v1.4.1/Test_Signals/muxed_streams/MP4/Example/ChID_voices_1280x720p_25fps_h264_6ch_640kbps_ddp_joc.mp4,NATIVE_VIDEO_FRAMES,1609,直播播放中 · 线路 1/1,
Android 4.0.4,172,DolbyAtmos1080HEVC,media,webSourceM3U8/k-web/ku9.txt:33,https://ott.dolby.com/OnDelKits/DDP/Dolby_Digital_Plus_Online_Delivery_Kit_v1.4.1/Test_Signals/muxed_streams/MP4/Example/ChID_voices_1920x1080p_25fps_h265_6ch_640kbps_ddp_joc.mp4,NATIVE_VIDEO_FRAMES,1611,直播播放中 · 线路 1/1,
Android 4.0.4,173,ms-6mbps-4k,media,webSourceM3U8/k-web/ku9.txt:34,https://test.playready.microsoft.com/media/profficialsite/bbb-3840x2160-cfg02-frag-6mbps.mp4,NO_PLAYBACK_OBSERVED,20114,正在连接视频 · 线路 1/1,
Android 4.0.4,174,ms-12mbps-4k,media,webSourceM3U8/k-web/ku9.txt:35,https://test.playready.microsoft.com/media/profficialsite/bbb-3840x2160-cfg02-frag-12mbps.mp4,NO_PLAYBACK_OBSERVED,20118,正在连接视频 · 线路 1/1,
Android 4.0.4,175,ms-24mbps-4k,media,webSourceM3U8/k-web/ku9.txt:36,https://test.playready.microsoft.com/media/profficialsite/bbb-3840x2160-cfg02-frag-24mbps.mp4,NO_PLAYBACK_OBSERVED,20108,正在连接视频 · 线路 1/1,
Android 4.0.4,176,tearsofsteel_4k_h265,media,webSourceM3U8/k-web/ku9.txt:37,https://test.playready.microsoft.com/media/profficialsite/tearsofsteel_4k_60s_24fps.12000kbps.3840x2160.h265-10b.2ch.128kbps.aac.mp4,NO_PLAYBACK_OBSERVED,20108,正在连接视频 · 线路 1/1,
Android 4.0.4,177,bbb_sunflower4k,media,webSourceM3U8/k-web/ku9.txt:38,https://mirrors.kodi.tv/demo-files/BBB/bbb_sunflower_2160p_60fps_normal.mp4,NATIVE_VIDEO_FRAMES,5242,直播播放中 · 线路 1/1,
Android 4.0.4,178,big_buck_bunny4K-h265,media,webSourceM3U8/k-web/ku9.txt:39,https://storage.googleapis.com/vulkan-video-samples/hevc/hevc-big_buck_bunny_2160p.h265,RESOLVE_FAILED,2017,线路解析失败，当前频道没有备用线路 · 线路 1/1,
Android 4.0.4,179,宿州新闻综合,media,webSourceM3U8/webview.txt:91,https://live.ahsz.tv/video/s10001-szzh/index.m3u8,NATIVE_VIDEO_FRAMES,806,直播播放中 · 线路 1/1,
Android 4.0.4,180,宿州科教生活,media,webSourceM3U8/webview.txt:92,https://live.ahsz.tv/video/s10001-kxjy/index.m3u8,NATIVE_VIDEO_FRAMES,810,直播播放中 · 线路 1/1,
Android 4.0.4,181,定西综合,media,webSourceM3U8/webview.txt:100,http://play.kankanlive.com/live/1745232061100288.m3u8,NATIVE_VIDEO_FRAMES,1639,直播播放中 · 线路 1/1,
Android 4.0.4,182,定西文旅生活,media,webSourceM3U8/webview.txt:101,http://play.kankanlive.com/live/1745232082475287.m3u8,NATIVE_VIDEO_FRAMES,4439,直播播放中 · 线路 1/1,
Android 4.0.4,183,广州综合,media,webSourceM3U8/webview.txt:127,http://tencentplaygzrb01.gztv.com/live/zonghes.m3u8,NATIVE_VIDEO_FRAMES,836,直播播放中 · 线路 1/1,
Android 4.0.4,184,广州新闻,media,webSourceM3U8/webview.txt:128,http://tencentplaygzrb01.gztv.com/live/xinwen.m3u8,NATIVE_VIDEO_FRAMES,849,直播播放中 · 线路 1/1,
Android 4.0.4,185,广州影视,media,webSourceM3U8/webview.txt:129,http://tencentplaygzrb01.gztv.com/live/yingshi.m3u8,NO_PLAYBACK_OBSERVED,20267,线路播放失败，当前频道没有备用线路 · 线路 1/1,
Android 4.0.4,186,广州法治,media,webSourceM3U8/webview.txt:130,http://tencentplaygzrb01.gztv.com/live/fazhi.m3u8,NO_PLAYBACK_OBSERVED,20126,线路播放失败，当前频道没有备用线路 · 线路 1/1,
Android 4.0.4,187,广州南国都市,media,webSourceM3U8/webview.txt:131,http://tencentplaygzrb01.gztv.com/live/nanguodushi.m3u8,NATIVE_VIDEO_FRAMES,807,直播播放中 · 线路 1/1,
Android 4.0.4,188,河源综合,media,webSourceM3U8/webview.txt:141,https://tmpstream.hyrtv.cn/xwzh/sd/live.m3u8,NATIVE_VIDEO_FRAMES,1215,直播播放中 · 线路 1/1,
Android 4.0.4,189,河源公共,media,webSourceM3U8/webview.txt:142,https://tmpstream.hyrtv.cn/hygg/sd/live.m3u8,NATIVE_VIDEO_FRAMES,406,直播播放中 · 线路 1/1,
Android 4.0.4,190,洛阳综合,media,webSourceM3U8/webview.txt:192,https://live.lytv.com.cn/live/LYTV1.m3u8,NATIVE_VIDEO_FRAMES,808,直播播放中 · 线路 1/1,
Android 4.0.4,191,洛阳科教,media,webSourceM3U8/webview.txt:194,https://live.lytv.com.cn/live/LYTV2.m3u8,NATIVE_VIDEO_FRAMES,412,直播播放中 · 线路 1/1,
Android 4.0.4,192,洛阳文旅,media,webSourceM3U8/webview.txt:195,https://live.lytv.com.cn/live/LYTV3.m3u8,NATIVE_VIDEO_FRAMES,407,直播播放中 · 线路 1/1,
Android 4.0.4,193,绥化新闻综合,media,webSourceM3U8/webview.txt:237,https://liveplaysr.dbw.cn/lsdream/amzPoBP/1000/live.m3u8,NATIVE_VIDEO_FRAMES,2012,直播播放中 · 线路 1/1,
Android 4.0.4,194,无锡新闻综合,media,webSourceM3U8/webview.txt:263,http://stream.thmz.com/wxtv1/playlist.m3u8,NATIVE_VIDEO_FRAMES,1614,直播播放中 · 线路 1/1,
Android 4.0.4,195,无锡娱乐,media,webSourceM3U8/webview.txt:264,http://stream.thmz.com/wxtv2/playlist.m3u8,NATIVE_VIDEO_FRAMES,1221,直播播放中 · 线路 1/1,
Android 4.0.4,196,无锡都市资讯,media,webSourceM3U8/webview.txt:265,http://stream.thmz.com/wxtv3/playlist.m3u8,NATIVE_VIDEO_FRAMES,1209,直播播放中 · 线路 1/1,
Android 4.0.4,197,无锡生活,media,webSourceM3U8/webview.txt:266,http://stream.thmz.com/wxtv4/playlist.m3u8,NATIVE_VIDEO_FRAMES,1211,直播播放中 · 线路 1/1,
Android 4.0.4,198,无锡经济,media,webSourceM3U8/webview.txt:267,http://stream.thmz.com/wxtv5/playlist.m3u8,NATIVE_VIDEO_FRAMES,808,直播播放中 · 线路 1/1,
Android 4.0.4,199,泰州-2,media,webSourceM3U8/webview.txt:268,http://stream1.mytaizhou.net/jjshnew/playlist.m3u8,NATIVE_VIDEO_FRAMES,1239,直播播放中 · 线路 1/1,
Android 4.0.4,200,泰州-3,media,webSourceM3U8/webview.txt:269,http://stream1.mytaizhou.net/ysylnew/playlist.m3u8,NATIVE_VIDEO_FRAMES,874,直播播放中 · 线路 1/1,
Android 4.0.4,201,苏州新闻综合,media,webSourceM3U8/webview.txt:270,https://live-auth.51kandianshi.com/szgd/csztv1.m3u8,NATIVE_VIDEO_FRAMES,816,直播播放中 · 线路 1/1,
Android 4.0.4,202,苏州社会经济,media,webSourceM3U8/webview.txt:271,https://live-auth.51kandianshi.com/szgd/csztv2.m3u8,NATIVE_VIDEO_FRAMES,405,直播播放中 · 线路 1/1,
Android 4.0.4,203,苏州电影娱乐,media,webSourceM3U8/webview.txt:272,https://live-auth.51kandianshi.com/szgd/csztv4.m3u8,NATIVE_VIDEO_FRAMES,405,直播播放中 · 线路 1/1,
Android 4.0.4,204,苏州生活资讯,media,webSourceM3U8/webview.txt:273,https://live-auth.51kandianshi.com/szgd/csztv5.m3u8,NATIVE_VIDEO_FRAMES,409,直播播放中 · 线路 1/1,
Android 4.0.4,205,苏州4K,media,webSourceM3U8/webview.txt:274,https://live-auth.51kandianshi.com/szgd/csztv4k_4k.m3u8,NATIVE_VIDEO_FRAMES,1612,直播播放中 · 线路 1/1,
Android 4.0.4,206,榆林综合,media,webSourceM3U8/webview.txt:325,https://49c1f938208318cdf8288bc36b62472a.livehwc4.com/hplayer1.juyun.tv/camera/186023110.m3u8,NATIVE_VIDEO_FRAMES,1222,直播播放中 · 线路 1/1,
Android 4.0.4,207,榆林文化旅游,media,webSourceM3U8/webview.txt:326,https://49c1f938208318cdf8288bc36b62472a.livehwc4.com/hplayer1.juyun.tv/camera/186022194.m3u8,NATIVE_VIDEO_FRAMES,1612,直播播放中 · 线路 1/1,
Android 4.0.4,208,商洛综合,media,webSourceM3U8/webview.txt:327,https://player4.juyun.tv/camera/171844138.m3u8,NO_PLAYBACK_OBSERVED,20149,线路播放失败，当前频道没有备用线路 · 线路 1/1,
Android 4.0.4,209,延安综合,media,webSourceM3U8/webview.txt:328,https://srs.yanews.cn/video/YATV-1/index.m3u8,NATIVE_VIDEO_FRAMES,807,直播播放中 · 线路 1/1,
Android 4.0.4,210,延安公共,media,webSourceM3U8/webview.txt:329,https://srs.yanews.cn/video/YATV-2/index.m3u8,NATIVE_VIDEO_FRAMES,815,直播播放中 · 线路 1/1,
Android 4.0.4,211,郑州教育,media,webSourceM3U8/webview.txt:377,https://livezzutv.chinamcache.com/live/zb02.m3u8,NATIVE_VIDEO_FRAMES,809,直播播放中 · 线路 1/1,
Android 4.0.4,212,平顶山教育,media,webSourceM3U8/webview.txt:378,http://219.150.204.175:81/hls/live1.m3u8,NATIVE_VIDEO_FRAMES,406,直播播放中 · 线路 1/1,
Android 4.0.4,213,拉萨藏语综合,media,webSourceM3U8/webview.txt:420,https://tvfile.lasatv.cn/nmip-media/channellive/channel104335/playlist.m3u8,NATIVE_VIDEO_FRAMES,1611,直播播放中 · 线路 1/1,
Android 4.0.4,214,拉萨综合,media,webSourceM3U8/webview.txt:421,https://tvfile.lasatv.cn/nmip-media/channellive/channel101894/playlist.m3u8,NATIVE_VIDEO_FRAMES,810,直播播放中 · 线路 1/1,
Android 4.0.4,215,拉萨文化旅游,media,webSourceM3U8/webview.txt:422,https://tvfile.lasatv.cn/nmip-media/channellive/channel103157/playlist.m3u8,NATIVE_VIDEO_FRAMES,405,直播播放中 · 线路 1/1,
Android 4.0.4,216,日喀则汉语,media,webSourceM3U8/webview.txt:423,https://console.rkzrm.cn:20323/4.m3u8,NATIVE_VIDEO_FRAMES,5232,直播播放中 · 线路 1/1,
Android 4.0.4,217,日喀则藏语,media,webSourceM3U8/webview.txt:424,https://console.rkzrm.cn:20323/8.m3u8,NATIVE_VIDEO_FRAMES,2019,直播播放中 · 线路 1/1,
Android 4.0.4,218,央视网,web,webSourceM3U8/JoyPage.txt:1,webview://https://tv.cctv.com,DEVICE_BROWSER_UNSUPPORTED,412,设备性能太弱，无法加载网页 · 线路 1/1,
Android 4.0.4,219,央视频,web,webSourceM3U8/JoyPage.txt:2,webview://https://www.yangshipin.cn,DEVICE_BROWSER_UNSUPPORTED,408,设备性能太弱，无法加载网页 · 线路 1/1,
Android 4.0.4,220,B站,web,webSourceM3U8/JoyPage.txt:3,webview://https://www.bilibili.com,DEVICE_BROWSER_UNSUPPORTED,407,设备性能太弱，无法加载网页 · 线路 1/1,
Android 4.0.4,221,爱奇艺,web,webSourceM3U8/JoyPage.txt:4,webview://https://www.iqiyi.com,DEVICE_BROWSER_UNSUPPORTED,406,设备性能太弱，无法加载网页 · 线路 1/1,
Android 4.0.4,222,优酷,web,webSourceM3U8/JoyPage.txt:5,webview://https://www.youku.com,DEVICE_BROWSER_UNSUPPORTED,406,设备性能太弱，无法加载网页 · 线路 1/1,
Android 4.0.4,223,腾讯视频,web,webSourceM3U8/JoyPage.txt:6,webview://https://v.qq.com,DEVICE_BROWSER_UNSUPPORTED,422,设备性能太弱，无法加载网页 · 线路 1/1,
Android 4.0.4,224,芒果TV,web,webSourceM3U8/JoyPage.txt:7,webview://https://www.mgtv.com,DEVICE_BROWSER_UNSUPPORTED,406,设备性能太弱，无法加载网页 · 线路 1/1,
Android 4.0.4,225,咪咕视频,web,webSourceM3U8/JoyPage.txt:8,webview://https://www.miguvideo.com,DEVICE_BROWSER_UNSUPPORTED,406,设备性能太弱，无法加载网页 · 线路 1/1,
Android 4.0.4,226,网易云音乐,web,webSourceM3U8/JoyPage.txt:9,webview://https://music.163.com,DEVICE_BROWSER_UNSUPPORTED,407,设备性能太弱，无法加载网页 · 线路 1/1,
Android 4.0.4,227,QQ音乐,web,webSourceM3U8/JoyPage.txt:10,webview://https://y.qq.com,DEVICE_BROWSER_UNSUPPORTED,406,设备性能太弱，无法加载网页 · 线路 1/1,
Android 4.0.4,228,酷狗音乐,web,webSourceM3U8/JoyPage.txt:11,webview://https://www.kugou.com,DEVICE_BROWSER_UNSUPPORTED,405,设备性能太弱，无法加载网页 · 线路 1/1,
Android 4.0.4,229,咪咕音乐,web,webSourceM3U8/JoyPage.txt:12,webview://https://music.migu.cn,DEVICE_BROWSER_UNSUPPORTED,407,设备性能太弱，无法加载网页 · 线路 1/1,
Android 4.0.4,230,果汁教育,web,webSourceM3U8/JoyPage.txt:13,webview://http://guozhivip.com/edu,DEVICE_BROWSER_UNSUPPORTED,406,设备性能太弱，无法加载网页 · 线路 1/1,
Android 4.0.4,231,墨墨背单词,web,webSourceM3U8/JoyPage.txt:14,webview://https://www.maimemo.com/home/login?continue=home/web_study,DEVICE_BROWSER_UNSUPPORTED,407,设备性能太弱，无法加载网页 · 线路 1/1,
Android 4.0.4,232,古诗文网,web,webSourceM3U8/JoyPage.txt:15,webview://https://www.gushiwen.cn,DEVICE_BROWSER_UNSUPPORTED,419,设备性能太弱，无法加载网页 · 线路 1/1,
Android 4.0.4,233,汉典,web,webSourceM3U8/JoyPage.txt:16,webview://https://www.zdic.net,DEVICE_BROWSER_UNSUPPORTED,406,设备性能太弱，无法加载网页 · 线路 1/1,
Android 4.0.4,234,国家中小学智慧教育平台,web,webSourceM3U8/JoyPage.txt:17,webview://https://basic.smartedu.cn,DEVICE_BROWSER_UNSUPPORTED,411,设备性能太弱，无法加载网页 · 线路 1/1,
Android 4.0.4,235,中国大学MOOC(慕课),web,webSourceM3U8/JoyPage.txt:18,webview://https://www.icourse163.org,DEVICE_BROWSER_UNSUPPORTED,405,设备性能太弱，无法加载网页 · 线路 1/1,
Android 4.0.4,236,中国高校外语慕课,web,webSourceM3U8/JoyPage.txt:19,webview://http://moocs.unipus.cn,DEVICE_BROWSER_UNSUPPORTED,406,设备性能太弱，无法加载网页 · 线路 1/1,
Android 4.0.4,237,学堂在线,web,webSourceM3U8/JoyPage.txt:20,webview://https://www.xuetangx.com,DEVICE_BROWSER_UNSUPPORTED,406,设备性能太弱，无法加载网页 · 线路 1/1,
Android 4.0.4,238,网易公开课,web,webSourceM3U8/JoyPage.txt:21,webview://https://open.163.com,DEVICE_BROWSER_UNSUPPORTED,407,设备性能太弱，无法加载网页 · 线路 1/1,
Android 4.0.4,239,TED(演讲),web,webSourceM3U8/JoyPage.txt:22,webview://https://www.ted.com,DEVICE_BROWSER_UNSUPPORTED,406,设备性能太弱，无法加载网页 · 线路 1/1,
Android 4.0.4,240,多邻国,web,webSourceM3U8/JoyPage.txt:23,webview://https://www.duolingo.cn,DEVICE_BROWSER_UNSUPPORTED,407,设备性能太弱，无法加载网页 · 线路 1/1,
Android 4.0.4,241,网易云课堂,web,webSourceM3U8/JoyPage.txt:24,webview://https://study.163.com,DEVICE_BROWSER_UNSUPPORTED,420,设备性能太弱，无法加载网页 · 线路 1/1,
Android 4.0.4,242,中国国家数字图书馆,web,webSourceM3U8/JoyPage.txt:25,webview://https://www.nlc.cn,DEVICE_BROWSER_UNSUPPORTED,406,设备性能太弱，无法加载网页 · 线路 1/1,
Android 4.0.4,243,国图公开课,web,webSourceM3U8/JoyPage.txt:26,webview://http://open.nlc.cn,DEVICE_BROWSER_UNSUPPORTED,406,设备性能太弱，无法加载网页 · 线路 1/1,
Android 4.0.4,244,全历史(历史知识),web,webSourceM3U8/JoyPage.txt:27,webview://https://www.allhistory.com,DEVICE_BROWSER_UNSUPPORTED,404,设备性能太弱，无法加载网页 · 线路 1/1,
Android 4.0.4,245,央视纪录片,web,webSourceM3U8/JoyPage.txt:28,webview://https://jishi.cctv.com,DEVICE_BROWSER_UNSUPPORTED,407,设备性能太弱，无法加载网页 · 线路 1/1,
Android 4.0.4,246,中国数字科技馆,web,webSourceM3U8/JoyPage.txt:29,webview://https://www.cdstm.cn,DEVICE_BROWSER_UNSUPPORTED,406,设备性能太弱，无法加载网页 · 线路 1/1,
Android 4.0.4,247,果壳,web,webSourceM3U8/JoyPage.txt:30,webview://https://www.guokr.com,DEVICE_BROWSER_UNSUPPORTED,406,设备性能太弱，无法加载网页 · 线路 1/1,
Android 4.0.4,248,科普中国,web,webSourceM3U8/JoyPage.txt:31,webview://https://www.kepuchina.cn,DEVICE_BROWSER_UNSUPPORTED,406,设备性能太弱，无法加载网页 · 线路 1/1,
Android 4.0.4,249,中国国家博物馆,web,webSourceM3U8/JoyPage.txt:32,webview://https://www.chnmuseum.cn,DEVICE_BROWSER_UNSUPPORTED,406,设备性能太弱，无法加载网页 · 线路 1/1,
Android 4.0.4,250,全景故宫,web,webSourceM3U8/JoyPage.txt:33,webview://https://pano.dpm.org.cn/,DEVICE_BROWSER_UNSUPPORTED,915,设备性能太弱，无法加载网页 · 线路 1/1,
Android 4.0.4,251,故宫数字文物库,web,webSourceM3U8/JoyPage.txt:34,webview://https://digicol.dpm.org.cn,DEVICE_BROWSER_UNSUPPORTED,408,设备性能太弱，无法加载网页 · 线路 1/1,
Android 4.0.4,252,故宫名画记,web,webSourceM3U8/JoyPage.txt:35,webview://https://minghuaji.dpm.org.cn,DEVICE_BROWSER_UNSUPPORTED,406,设备性能太弱，无法加载网页 · 线路 1/1,
Android 4.0.4,253,数字多宝阁,web,webSourceM3U8/JoyPage.txt:36,webview://https://www.dpm.org.cn/shuziduobaoge/html.html,DEVICE_BROWSER_UNSUPPORTED,407,设备性能太弱，无法加载网页 · 线路 1/1,
Android 4.0.4,254,数字敦煌,web,webSourceM3U8/JoyPage.txt:37,webview://https://www.e-dunhuang.com,DEVICE_BROWSER_UNSUPPORTED,407,设备性能太弱，无法加载网页 · 线路 1/1,
Android 4.0.4,255,甘肃石窟全景漫游,web,webSourceM3U8/JoyPage.txt:38,webview://https://vr.e-dunhuang.com,DEVICE_BROWSER_UNSUPPORTED,406,设备性能太弱，无法加载网页 · 线路 1/1,
Android 4.0.4,256,数字敦煌开放素材库,web,webSourceM3U8/JoyPage.txt:39,webview://https://ip.e-dunhuang.com,DEVICE_BROWSER_UNSUPPORTED,407,设备性能太弱，无法加载网页 · 线路 1/1,
Android 4.0.4,257,数字藏经洞,web,webSourceM3U8/JoyPage.txt:40,webview://https://cave17.e-dunhuang.com,DEVICE_BROWSER_UNSUPPORTED,407,设备性能太弱，无法加载网页 · 线路 1/1,
Android 4.0.4,258,云上龙门,web,webSourceM3U8/JoyPage.txt:41,webview://https://lmsk.org.cn/home/vr.html,DEVICE_BROWSER_UNSUPPORTED,407,设备性能太弱，无法加载网页 · 线路 1/1,
Android 4.0.4,259,美璟龙门,web,webSourceM3U8/JoyPage.txt:42,webview://https://vr.mzgf.com/?projectCode=00g6201M,DEVICE_BROWSER_UNSUPPORTED,405,设备性能太弱，无法加载网页 · 线路 1/1,
Android 4.0.4,260,全景大足,web,webSourceM3U8/JoyPage.txt:43,webview://https://www.dzskyjy.cn/web/column/col5008981.html,DEVICE_BROWSER_UNSUPPORTED,406,设备性能太弱，无法加载网页 · 线路 1/1,
Android 4.0.4,261,NASA Eyes,web,webSourceM3U8/JoyPage.txt:44,webview://https://science.nasa.gov/eyes,DEVICE_BROWSER_UNSUPPORTED,408,设备性能太弱，无法加载网页 · 线路 1/1,
Android 4.0.4,262,Stellarium Web,web,webSourceM3U8/JoyPage.txt:45,webview://https://stellarium-web.org,DEVICE_BROWSER_UNSUPPORTED,406,设备性能太弱，无法加载网页 · 线路 1/1,
Android 4.0.4,263,地球气象,web,webSourceM3U8/JoyPage.txt:46,webview://https://earth.nullschool.net/zh-cn,DEVICE_BROWSER_UNSUPPORTED,421,设备性能太弱，无法加载网页 · 线路 1/1,
Android 4.0.4,264,实时地球,web,webSourceM3U8/JoyPage.txt:47,webview://https://zoom.earth,DEVICE_BROWSER_UNSUPPORTED,406,设备性能太弱，无法加载网页 · 线路 1/1,
Android 4.0.4,265,果汁导航,web,webSourceM3U8/JoyPage.txt:48,webview://http://guozhivip.com,DEVICE_BROWSER_UNSUPPORTED,408,设备性能太弱，无法加载网页 · 线路 1/1,
Android 4.0.4,266,果汁排行榜,web,webSourceM3U8/JoyPage.txt:49,webview://http://guozhivip.com/rank,DEVICE_BROWSER_UNSUPPORTED,408,设备性能太弱，无法加载网页 · 线路 1/1,
Android 4.0.4,267,今日热榜,web,webSourceM3U8/JoyPage.txt:50,webview://https://tophub.today/c/news,DEVICE_BROWSER_UNSUPPORTED,406,设备性能太弱，无法加载网页 · 线路 1/1,
Android 4.0.4,268,工具哇,web,webSourceM3U8/JoyPage.txt:51,webview://https://toolwa.com,DEVICE_BROWSER_UNSUPPORTED,407,设备性能太弱，无法加载网页 · 线路 1/1,
Android 4.0.4,269,必应,web,webSourceM3U8/JoyPage.txt:52,webview://https://www.bing.com,DEVICE_BROWSER_UNSUPPORTED,406,设备性能太弱，无法加载网页 · 线路 1/1,
Android 4.0.4,270,yandex,web,webSourceM3U8/JoyPage.txt:53,webview://https://yandex.com,DEVICE_BROWSER_UNSUPPORTED,407,设备性能太弱，无法加载网页 · 线路 1/1,
Android 4.0.4,271,720云,web,webSourceM3U8/JoyPage.txt:54,webview://https://www.720yun.com,DEVICE_BROWSER_UNSUPPORTED,412,设备性能太弱，无法加载网页 · 线路 1/1,
Android 4.0.4,272,美璟世界,web,webSourceM3U8/JoyPage.txt:55,webview://https://www.mzgf.com,DEVICE_BROWSER_UNSUPPORTED,406,设备性能太弱，无法加载网页 · 线路 1/1,
Android 4.0.4,273,视觉中国,web,webSourceM3U8/JoyPage.txt:56,webview://https://www.vcg.com,DEVICE_BROWSER_UNSUPPORTED,407,设备性能太弱，无法加载网页 · 线路 1/1,
Android 4.0.4,274,09年的B站,web,webSourceM3U8/JoyPage.txt:57,webview://https://www.bilibili.com/blackboard/bilibili2009.html,DEVICE_BROWSER_UNSUPPORTED,408,设备性能太弱，无法加载网页 · 线路 1/1,
Android 4.0.4,275,Neal.fun,web,webSourceM3U8/JoyPage.txt:58,webview://https://neal.fun,DEVICE_BROWSER_UNSUPPORTED,405,设备性能太弱，无法加载网页 · 线路 1/1,
Android 4.0.4,276,4399,web,webSourceM3U8/JoyPage.txt:59,webview://https://4399.com,DEVICE_BROWSER_UNSUPPORTED,406,设备性能太弱，无法加载网页 · 线路 1/1,
Android 4.0.4,277,宝玩,web,webSourceM3U8/JoyPage.txt:60,webview://https://poki.com/zh,DEVICE_BROWSER_UNSUPPORTED,406,设备性能太弱，无法加载网页 · 线路 1/1,
Android 4.0.4,278,疯狂游戏,web,webSourceM3U8/JoyPage.txt:61,webview://https://www.crazygames.com,DEVICE_BROWSER_UNSUPPORTED,423,设备性能太弱，无法加载网页 · 线路 1/1,
Android 4.0.4,279,B站4k免限,web,webSourceM3U8/k-web/ku9.txt:19,webview://https://www.bilibili.com/video/BV1NGZtBwELa,DEVICE_BROWSER_UNSUPPORTED,408,设备性能太弱，无法加载网页 · 线路 1/1,
Android 4.0.4,280,B站直播测试,web,webSourceM3U8/k-web/ku9.txt:20,webview://https://live.bilibili.com/24022841,DEVICE_BROWSER_UNSUPPORTED,409,设备性能太弱，无法加载网页 · 线路 1/1,
Android 4.0.4,281,CCTV1,web,webSourceM3U8/webview.txt:1,webview://https://yangshipin.cn/tv/home?pid=600001859,NATIVE_VIDEO_FRAMES,2033,直播播放中 · 线路 1/1,
Android 4.0.4,282,CCTV2,web,webSourceM3U8/webview.txt:2,webview://https://yangshipin.cn/tv/home?pid=600001800,NATIVE_VIDEO_FRAMES,2554,直播播放中 · 线路 1/1,
Android 4.0.4,283,CCTV3,web,webSourceM3U8/webview.txt:3,webview://https://yangshipin.cn/tv/home?pid=600001801,NATIVE_VIDEO_FRAMES,1350,直播播放中 · 线路 1/1,
Android 4.0.4,284,CCTV4,web,webSourceM3U8/webview.txt:4,webview://https://yangshipin.cn/tv/home?pid=600001814,NATIVE_VIDEO_FRAMES,2544,直播播放中 · 线路 1/1,
Android 4.0.4,285,CCTV5,web,webSourceM3U8/webview.txt:5,webview://https://yangshipin.cn/tv/home?pid=600001818,NATIVE_VIDEO_FRAMES,1475,直播播放中 · 线路 1/1,
Android 4.0.4,286,CCTV6,web,webSourceM3U8/webview.txt:6,webview://https://yangshipin.cn/tv/home?pid=600108442,NATIVE_VIDEO_FRAMES,1217,直播播放中 · 线路 1/1,
Android 4.0.4,287,CCTV7,web,webSourceM3U8/webview.txt:7,webview://https://yangshipin.cn/tv/home?pid=600004092,NATIVE_VIDEO_FRAMES,1224,直播播放中 · 线路 1/1,
Android 4.0.4,288,CCTV8,web,webSourceM3U8/webview.txt:8,webview://https://yangshipin.cn/tv/home?pid=600001803,NATIVE_VIDEO_FRAMES,1700,直播播放中 · 线路 1/1,
Android 4.0.4,289,CCTV9,web,webSourceM3U8/webview.txt:9,webview://https://yangshipin.cn/tv/home?pid=600004078,NATIVE_VIDEO_FRAMES,1919,直播播放中 · 线路 1/1,
Android 4.0.4,290,CCTV10,web,webSourceM3U8/webview.txt:10,webview://https://yangshipin.cn/tv/home?pid=600001805,NATIVE_VIDEO_FRAMES,3057,直播播放中 · 线路 1/1,
Android 4.0.4,291,CCTV11,web,webSourceM3U8/webview.txt:11,webview://https://yangshipin.cn/tv/home?pid=600001806,NATIVE_VIDEO_FRAMES,1950,直播播放中 · 线路 1/1,
Android 4.0.4,292,CCTV12,web,webSourceM3U8/webview.txt:12,webview://https://yangshipin.cn/tv/home?pid=600001807,NATIVE_VIDEO_FRAMES,2201,直播播放中 · 线路 1/1,
Android 4.0.4,293,CCTV13,web,webSourceM3U8/webview.txt:13,webview://https://yangshipin.cn/tv/home?pid=600001811,NATIVE_VIDEO_FRAMES,1989,直播播放中 · 线路 1/1,
Android 4.0.4,294,CCTV14,web,webSourceM3U8/webview.txt:14,webview://https://yangshipin.cn/tv/home?pid=600001809,NATIVE_VIDEO_FRAMES,1732,直播播放中 · 线路 1/1,
Android 4.0.4,295,CCTV15,web,webSourceM3U8/webview.txt:15,webview://https://yangshipin.cn/tv/home?pid=600001815,NATIVE_VIDEO_FRAMES,2029,直播播放中 · 线路 1/1,
Android 4.0.4,296,CCTV16,web,webSourceM3U8/webview.txt:16,webview://https://yangshipin.cn/tv/home?pid=600098637,NATIVE_VIDEO_FRAMES,5387,直播播放中 · 线路 1/1,
Android 4.0.4,297,CCTV17,web,webSourceM3U8/webview.txt:17,webview://https://yangshipin.cn/tv/home?pid=600001810,NATIVE_VIDEO_FRAMES,1858,直播播放中 · 线路 1/1,
Android 4.0.4,298,CCTV5+,web,webSourceM3U8/webview.txt:18,webview://https://yangshipin.cn/tv/home?pid=600001817,NATIVE_VIDEO_FRAMES,1664,直播播放中 · 线路 1/1,
Android 4.0.4,299,CCTV4K,web,webSourceM3U8/webview.txt:19,webview://https://yangshipin.cn/tv/home?pid=600002264,NATIVE_VIDEO_FRAMES,4395,直播播放中 · 线路 1/1,
Android 4.0.4,300,CCTV8K,web,webSourceM3U8/webview.txt:20,webview://https://yangshipin.cn/tv/home?pid=600156816,NATIVE_VIDEO_FRAMES,1722,直播播放中 · 线路 1/1,
Android 4.0.4,301,CCTV1,web,webSourceM3U8/webview.txt:21,webview://https://tv.cctv.com/live/cctv1/,NATIVE_VIDEO_FRAMES,2103,直播播放中 · 线路 1/1,
Android 4.0.4,302,CCTV2,web,webSourceM3U8/webview.txt:22,webview://https://tv.cctv.com/live/cctv2/,NATIVE_VIDEO_FRAMES,2013,直播播放中 · 线路 1/1,
Android 4.0.4,303,CCTV3,web,webSourceM3U8/webview.txt:23,webview://https://tv.cctv.com/live/cctv3/,NATIVE_VIDEO_FRAMES,1642,直播播放中 · 线路 1/1,
Android 4.0.4,304,CCTV4,web,webSourceM3U8/webview.txt:24,webview://https://tv.cctv.com/live/cctv4/,NATIVE_VIDEO_FRAMES,2016,直播播放中 · 线路 1/1,
Android 4.0.4,305,CCTV5,web,webSourceM3U8/webview.txt:25,webview://https://tv.cctv.com/live/cctv5/,NATIVE_VIDEO_FRAMES,2416,直播播放中 · 线路 1/1,
Android 4.0.4,306,CCTV6,web,webSourceM3U8/webview.txt:26,webview://https://tv.cctv.com/live/cctv6/,NATIVE_VIDEO_FRAMES,1613,直播播放中 · 线路 1/1,
Android 4.0.4,307,CCTV7,web,webSourceM3U8/webview.txt:27,webview://https://tv.cctv.com/live/cctv7/,NATIVE_VIDEO_FRAMES,2018,直播播放中 · 线路 1/1,
Android 4.0.4,308,CCTV8,web,webSourceM3U8/webview.txt:28,webview://https://tv.cctv.com/live/cctv8/,NATIVE_VIDEO_FRAMES,1621,直播播放中 · 线路 1/1,
Android 4.0.4,309,CCTV9,web,webSourceM3U8/webview.txt:29,webview://https://tv.cctv.com/live/cctvjilu/,NATIVE_VIDEO_FRAMES,2017,直播播放中 · 线路 1/1,
Android 4.0.4,310,CCTV10,web,webSourceM3U8/webview.txt:30,webview://https://tv.cctv.com/live/cctv10/,NATIVE_VIDEO_FRAMES,2020,直播播放中 · 线路 1/1,
Android 4.0.4,311,CCTV11,web,webSourceM3U8/webview.txt:31,webview://https://tv.cctv.com/live/cctv11/,NATIVE_VIDEO_FRAMES,2032,直播播放中 · 线路 1/1,
Android 4.0.4,312,CCTV12,web,webSourceM3U8/webview.txt:32,webview://https://tv.cctv.com/live/cctv12/,NATIVE_VIDEO_FRAMES,1212,直播播放中 · 线路 1/1,
Android 4.0.4,313,CCTV13,web,webSourceM3U8/webview.txt:33,webview://https://tv.cctv.com/live/cctv13/,NATIVE_VIDEO_FRAMES,1614,直播播放中 · 线路 1/1,
Android 4.0.4,314,CCTV14,web,webSourceM3U8/webview.txt:34,webview://https://tv.cctv.com/live/cctvchild/,NATIVE_VIDEO_FRAMES,2017,直播播放中 · 线路 1/1,
Android 4.0.4,315,CCTV15,web,webSourceM3U8/webview.txt:35,webview://https://tv.cctv.com/live/cctv15/,NATIVE_VIDEO_FRAMES,2016,直播播放中 · 线路 1/1,
Android 4.0.4,316,CCTV16,web,webSourceM3U8/webview.txt:36,webview://https://tv.cctv.com/live/cctv16/,NATIVE_VIDEO_FRAMES,2013,直播播放中 · 线路 1/1,
Android 4.0.4,317,CCTV17,web,webSourceM3U8/webview.txt:37,webview://https://tv.cctv.com/live/cctv17/,NATIVE_VIDEO_FRAMES,1615,直播播放中 · 线路 1/1,
Android 4.0.4,318,CCTV4(欧),web,webSourceM3U8/webview.txt:38,webview://https://tv.cctv.com/live/cctveurope/,NATIVE_VIDEO_FRAMES,1229,直播播放中 · 线路 1/1,
Android 4.0.4,319,CCTV4(美),web,webSourceM3U8/webview.txt:39,webview://https://tv.cctv.com/live/cctvamerica/,NATIVE_VIDEO_FRAMES,2034,直播播放中 · 线路 1/1,
Android 4.0.4,320,CCTV5+,web,webSourceM3U8/webview.txt:40,webview://https://tv.cctv.com/live/cctv5plus/,NATIVE_VIDEO_FRAMES,2018,直播播放中 · 线路 1/1,
Android 4.0.4,321,CCTV风云剧场,web,webSourceM3U8/webview.txt:41,webview://https://yangshipin.cn/tv/home?pid=600099658,NATIVE_VIDEO_FRAMES,1233,直播播放中 · 线路 1/1,
Android 4.0.4,322,CCTV第一剧场,web,webSourceM3U8/webview.txt:42,webview://https://yangshipin.cn/tv/home?pid=600099655,NATIVE_VIDEO_FRAMES,1443,直播播放中 · 线路 1/1,
Android 4.0.4,323,CCTV怀旧剧场,web,webSourceM3U8/webview.txt:43,webview://https://yangshipin.cn/tv/home?pid=600099620,NATIVE_VIDEO_FRAMES,1313,直播播放中 · 线路 1/1,
Android 4.0.4,324,CGTN英语,web,webSourceM3U8/webview.txt:44,webview://https://yangshipin.cn/tv/home?pid=600014550,NATIVE_VIDEO_FRAMES,2099,直播播放中 · 线路 1/1,
Android 4.0.4,325,CGTN记录,web,webSourceM3U8/webview.txt:45,webview://https://yangshipin.cn/tv/home?pid=600084781,NATIVE_VIDEO_FRAMES,2408,直播播放中 · 线路 1/1,
Android 4.0.4,326,CGTN俄语,web,webSourceM3U8/webview.txt:46,webview://https://yangshipin.cn/tv/home?pid=600084758,NATIVE_VIDEO_FRAMES,1644,直播播放中 · 线路 1/1,
Android 4.0.4,327,CGTN法语,web,webSourceM3U8/webview.txt:47,webview://https://yangshipin.cn/tv/home?pid=600084704,NATIVE_VIDEO_FRAMES,1221,直播播放中 · 线路 1/1,
Android 4.0.4,328,CGTN西语,web,webSourceM3U8/webview.txt:48,webview://https://yangshipin.cn/tv/home?pid=600084744,NATIVE_VIDEO_FRAMES,2034,直播播放中 · 线路 1/1,
Android 4.0.4,329,CGTN阿语,web,webSourceM3U8/webview.txt:49,webview://https://yangshipin.cn/tv/home?pid=600084782,NATIVE_VIDEO_FRAMES,1618,直播播放中 · 线路 1/1,
Android 4.0.4,330,北京卫视,web,webSourceM3U8/webview.txt:50,webview://https://yangshipin.cn/tv/home?pid=600002309,NATIVE_VIDEO_FRAMES,1492,直播播放中 · 线路 1/1,
Android 4.0.4,331,江苏卫视,web,webSourceM3U8/webview.txt:51,webview://https://yangshipin.cn/tv/home?pid=600002521,NATIVE_VIDEO_FRAMES,1494,直播播放中 · 线路 1/1,
Android 4.0.4,332,东方卫视,web,webSourceM3U8/webview.txt:52,webview://https://yangshipin.cn/tv/home?pid=600002483,NATIVE_VIDEO_FRAMES,1622,直播播放中 · 线路 1/1,
Android 4.0.4,333,浙江卫视,web,webSourceM3U8/webview.txt:53,webview://https://yangshipin.cn/tv/home?pid=600002520,NATIVE_VIDEO_FRAMES,1340,直播播放中 · 线路 1/1,
Android 4.0.4,334,湖南卫视,web,webSourceM3U8/webview.txt:54,webview://https://yangshipin.cn/tv/home?pid=600002475,NATIVE_VIDEO_FRAMES,1524,直播播放中 · 线路 1/1,
Android 4.0.4,335,湖北卫视,web,webSourceM3U8/webview.txt:55,webview://https://yangshipin.cn/tv/home?pid=600002508,NATIVE_VIDEO_FRAMES,1400,直播播放中 · 线路 1/1,
Android 4.0.4,336,广东卫视,web,webSourceM3U8/webview.txt:56,webview://https://yangshipin.cn/tv/home?pid=600002485,NATIVE_VIDEO_FRAMES,1511,直播播放中 · 线路 1/1,
Android 4.0.4,337,广西卫视,web,webSourceM3U8/webview.txt:57,webview://https://yangshipin.cn/tv/home?pid=600002509,NATIVE_VIDEO_FRAMES,2046,直播播放中 · 线路 1/1,
Android 4.0.4,338,黑龙江卫视,web,webSourceM3U8/webview.txt:58,webview://https://yangshipin.cn/tv/home?pid=600002498,NATIVE_VIDEO_FRAMES,1720,直播播放中 · 线路 1/1,
Android 4.0.4,339,海南卫视,web,webSourceM3U8/webview.txt:59,webview://https://yangshipin.cn/tv/home?pid=600002506,NATIVE_VIDEO_FRAMES,1681,直播播放中 · 线路 1/1,
Android 4.0.4,340,重庆卫视,web,webSourceM3U8/webview.txt:60,webview://https://yangshipin.cn/tv/home?pid=600002531,NATIVE_VIDEO_FRAMES,1218,直播播放中 · 线路 1/1,
Android 4.0.4,341,深圳卫视,web,webSourceM3U8/webview.txt:61,webview://https://yangshipin.cn/tv/home?pid=600002481,NATIVE_VIDEO_FRAMES,1610,直播播放中 · 线路 1/1,
Android 4.0.4,342,四川卫视,web,webSourceM3U8/webview.txt:62,webview://https://yangshipin.cn/tv/home?pid=600002516,NATIVE_VIDEO_FRAMES,1288,直播播放中 · 线路 1/1,
Android 4.0.4,343,河南卫视,web,webSourceM3U8/webview.txt:63,webview://https://yangshipin.cn/tv/home?pid=600002525,NATIVE_VIDEO_FRAMES,1628,直播播放中 · 线路 1/1,
Android 4.0.4,344,福建东南卫视,web,webSourceM3U8/webview.txt:64,webview://https://yangshipin.cn/tv/home?pid=600002484,NATIVE_VIDEO_FRAMES,2006,直播播放中 · 线路 1/1,
Android 4.0.4,345,贵州卫视,web,webSourceM3U8/webview.txt:65,webview://https://yangshipin.cn/tv/home?pid=600002490,NATIVE_VIDEO_FRAMES,1431,直播播放中 · 线路 1/1,
Android 4.0.4,346,江西卫视,web,webSourceM3U8/webview.txt:66,webview://https://yangshipin.cn/tv/home?pid=600002503,NATIVE_VIDEO_FRAMES,1551,直播播放中 · 线路 1/1,
Android 4.0.4,347,辽宁卫视,web,webSourceM3U8/webview.txt:67,webview://https://yangshipin.cn/tv/home?pid=600002505,NATIVE_VIDEO_FRAMES,1613,直播播放中 · 线路 1/1,
Android 4.0.4,348,安徽卫视,web,webSourceM3U8/webview.txt:68,webview://https://yangshipin.cn/tv/home?pid=600002532,NATIVE_VIDEO_FRAMES,1461,直播播放中 · 线路 1/1,
Android 4.0.4,349,河北卫视,web,webSourceM3U8/webview.txt:69,webview://https://yangshipin.cn/tv/home?pid=600002493,NATIVE_VIDEO_FRAMES,2099,直播播放中 · 线路 1/1,
Android 4.0.4,350,山东卫视,web,webSourceM3U8/webview.txt:70,webview://https://yangshipin.cn/tv/home?pid=600002513,NATIVE_VIDEO_FRAMES,2045,直播播放中 · 线路 1/1,
Android 4.0.4,351,天津卫视,web,webSourceM3U8/webview.txt:71,webview://https://yangshipin.cn/tv/home?pid=600152137,NATIVE_VIDEO_FRAMES,827,直播播放中 · 线路 1/1,
Android 4.0.4,352,吉林卫视,web,webSourceM3U8/webview.txt:72,webview://https://yangshipin.cn/tv/home?pid=600190405,NATIVE_VIDEO_FRAMES,1240,直播播放中 · 线路 1/1,
Android 4.0.4,353,陕西卫视,web,webSourceM3U8/webview.txt:73,webview://https://yangshipin.cn/tv/home?pid=600190400,NATIVE_VIDEO_FRAMES,1923,直播播放中 · 线路 1/1,
Android 4.0.4,354,甘肃卫视,web,webSourceM3U8/webview.txt:74,webview://https://yangshipin.cn/tv/home?pid=600190408,NATIVE_VIDEO_FRAMES,1806,直播播放中 · 线路 1/1,
Android 4.0.4,355,宁夏卫视,web,webSourceM3U8/webview.txt:75,webview://https://yangshipin.cn/tv/home?pid=600190737,NATIVE_VIDEO_FRAMES,1669,直播播放中 · 线路 1/1,
Android 4.0.4,356,内蒙古卫视,web,webSourceM3U8/webview.txt:76,webview://https://yangshipin.cn/tv/home?pid=600190401,NATIVE_VIDEO_FRAMES,1765,直播播放中 · 线路 1/1,
Android 4.0.4,357,云南卫视,web,webSourceM3U8/webview.txt:77,webview://https://yangshipin.cn/tv/home?pid=600190402,NATIVE_VIDEO_FRAMES,1815,直播播放中 · 线路 1/1,
Android 4.0.4,358,山西卫视,web,webSourceM3U8/webview.txt:78,webview://https://yangshipin.cn/tv/home?pid=600190407,NATIVE_VIDEO_FRAMES,1713,直播播放中 · 线路 1/1,
Android 4.0.4,359,青海卫视,web,webSourceM3U8/webview.txt:79,webview://https://yangshipin.cn/tv/home?pid=600190406,NATIVE_VIDEO_FRAMES,1665,直播播放中 · 线路 1/1,
Android 4.0.4,360,西藏卫视,web,webSourceM3U8/webview.txt:80,webview://https://yangshipin.cn/tv/home?pid=600190403,NATIVE_VIDEO_FRAMES,1816,直播播放中 · 线路 1/1,
Android 4.0.4,361,新疆卫视,web,webSourceM3U8/webview.txt:81,webview://https://www.yangshipin.cn/tv/home?pid=600152138,NATIVE_VIDEO_FRAMES,854,直播播放中 · 线路 1/1,
Android 4.0.4,362,亳州综合,web,webSourceM3U8/webview.txt:82,webview://https://www.ahbztv.com/televisi0n.html,DEVICE_BROWSER_UNSUPPORTED,407,设备性能太弱，无法加载网页 · 线路 1/1,
Android 4.0.4,363,芜湖新闻综合,web,webSourceM3U8/webview.txt:83,webview://http://www.wuhubtv.com/folder1194/#,DEVICE_BROWSER_UNSUPPORTED,408,设备性能太弱，无法加载网页 · 线路 1/1,
Android 4.0.4,364,合肥新闻,web,webSourceM3U8/webview.txt:84,webview://https://app.hfbtc.cn/shows/2/1.html,DEVICE_BROWSER_UNSUPPORTED,407,设备性能太弱，无法加载网页 · 线路 1/1,
Android 4.0.4,365,合肥生活,web,webSourceM3U8/webview.txt:85,webview://https://app.hfbtc.cn/shows/2/2.html,DEVICE_BROWSER_UNSUPPORTED,407,设备性能太弱，无法加载网页 · 线路 1/1,
Android 4.0.4,366,合肥科创,web,webSourceM3U8/webview.txt:86,webview://https://app.hfbtc.cn/shows/2/3.html,DEVICE_BROWSER_UNSUPPORTED,406,设备性能太弱，无法加载网页 · 线路 1/1,
Android 4.0.4,367,合肥教育法治,web,webSourceM3U8/webview.txt:87,webview://https://app.hfbtc.cn/shows/2/4.html,DEVICE_BROWSER_UNSUPPORTED,410,设备性能太弱，无法加载网页 · 线路 1/1,
Android 4.0.4,368,铜陵新闻综合,web,webSourceM3U8/webview.txt:88,webview://http://wxfx.tlbts.com/mag/livevideo/v1/video/wapVideoView?id=56,DEVICE_BROWSER_UNSUPPORTED,411,设备性能太弱，无法加载网页 · 线路 1/1,
Android 4.0.4,369,阜阳新闻综合,web,webSourceM3U8/webview.txt:89,webview://https://web.guangdianyun.tv/tv/2851?uin=2577,DEVICE_BROWSER_UNSUPPORTED,413,设备性能太弱，无法加载网页 · 线路 1/1,
Android 4.0.4,370,阜阳生活,web,webSourceM3U8/webview.txt:90,webview://https://web.guangdianyun.tv/tv/2853?uin=2577,DEVICE_BROWSER_UNSUPPORTED,405,设备性能太弱，无法加载网页 · 线路 1/1,
Android 4.0.4,371,泉州新闻综合,web,webSourceM3U8/webview.txt:93,webview://https://www.qztv.cn/index/Medias/index/media_id/wq95wqbDnMKyd8KiwqzChnt0w5nChcKowoHCoQ/stream_name/news.html,DEVICE_BROWSER_UNSUPPORTED,407,设备性能太弱，无法加载网页 · 线路 1/1,
Android 4.0.4,372,泉州闽南语,web,webSourceM3U8/webview.txt:94,webview://https://www.qztv.cn/index/Medias/index/media_id/wq95wqbDnMKyd8KiwqzChnt0w5nChcKofcKh/stream_name/mny.html,DEVICE_BROWSER_UNSUPPORTED,405,设备性能太弱，无法加载网页 · 线路 1/1,
Android 4.0.4,373,晋江电视台,web,webSourceM3U8/webview.txt:95,webview://http://www.jinjiang.tv/live/,DEVICE_BROWSER_UNSUPPORTED,406,设备性能太弱，无法加载网页 · 线路 1/1,
Android 4.0.4,374,兰州新闻综合,web,webSourceM3U8/webview.txt:96,webview://https://www.lzr.com.cn/folder25/folder26/,DEVICE_BROWSER_UNSUPPORTED,406,设备性能太弱，无法加载网页 · 线路 1/1,
Android 4.0.4,375,兰州新闻综合,web,webSourceM3U8/webview.txt:97,webview://https://lanzhoubcnew.zainanjing365.com/share/live/detailTv?resourceId=12&appscheme=gdmm-ailanzhou,DEVICE_BROWSER_UNSUPPORTED,406,设备性能太弱，无法加载网页 · 线路 1/1,
Android 4.0.4,376,兰州文旅,web,webSourceM3U8/webview.txt:98,webview://https://www.lzr.com.cn/folder25/folder26/folder30/,DEVICE_BROWSER_UNSUPPORTED,407,设备性能太弱，无法加载网页 · 线路 1/1,
Android 4.0.4,377,兰州文旅,web,webSourceM3U8/webview.txt:99,webview://https://lanzhoubcnew.zainanjing365.com/share/live/detailTv?resourceId=14&appscheme=gdmm-ailanzhou,DEVICE_BROWSER_UNSUPPORTED,420,设备性能太弱，无法加载网页 · 线路 1/1,
Android 4.0.4,378,广东卫视,web,webSourceM3U8/webview.txt:102,webview://https://www.gdtv.cn/tvChannelDetail/43,DEVICE_BROWSER_UNSUPPORTED,406,设备性能太弱，无法加载网页 · 线路 1/1,
Android 4.0.4,379,广东珠江,web,webSourceM3U8/webview.txt:103,webview://https://www.gdtv.cn/tvChannelDetail/44,DEVICE_BROWSER_UNSUPPORTED,407,设备性能太弱，无法加载网页 · 线路 1/1,
Android 4.0.4,380,广东新闻,web,webSourceM3U8/webview.txt:104,webview://https://www.gdtv.cn/tvChannelDetail/45,DEVICE_BROWSER_UNSUPPORTED,406,设备性能太弱，无法加载网页 · 线路 1/1,
Android 4.0.4,381,广东民生,web,webSourceM3U8/webview.txt:105,webview://https://www.gdtv.cn/tvChannelDetail/48,DEVICE_BROWSER_UNSUPPORTED,406,设备性能太弱，无法加载网页 · 线路 1/1,
Android 4.0.4,382,广东体育,web,webSourceM3U8/webview.txt:106,webview://https://www.gdtv.cn/tvChannelDetail/47,DEVICE_BROWSER_UNSUPPORTED,406,设备性能太弱，无法加载网页 · 线路 1/1,
Android 4.0.4,383,大湾区卫视,web,webSourceM3U8/webview.txt:107,webview://https://www.gdtv.cn/tvChannelDetail/51,DEVICE_BROWSER_UNSUPPORTED,407,设备性能太弱，无法加载网页 · 线路 1/1,
Android 4.0.4,384,大湾区卫视（海外版）,web,webSourceM3U8/webview.txt:108,webview://https://www.gdtv.cn/tvChannelDetail/46,DEVICE_BROWSER_UNSUPPORTED,406,设备性能太弱，无法加载网页 · 线路 1/1,
Android 4.0.4,385,广东影视,web,webSourceM3U8/webview.txt:109,webview://https://www.gdtv.cn/tvChannelDetail/53,DEVICE_BROWSER_UNSUPPORTED,422,设备性能太弱，无法加载网页 · 线路 1/1,
Android 4.0.4,386,4K超高清,web,webSourceM3U8/webview.txt:110,webview://https://www.gdtv.cn/tvChannelDetail/16,DEVICE_BROWSER_UNSUPPORTED,407,设备性能太弱，无法加载网页 · 线路 1/1,
Android 4.0.4,387,广东少儿,web,webSourceM3U8/webview.txt:111,webview://https://www.gdtv.cn/tvChannelDetail/54,DEVICE_BROWSER_UNSUPPORTED,405,设备性能太弱，无法加载网页 · 线路 1/1,
Android 4.0.4,388,嘉佳卡通,web,webSourceM3U8/webview.txt:112,webview://https://www.gdtv.cn/tvChannelDetail/66,DEVICE_BROWSER_UNSUPPORTED,405,设备性能太弱，无法加载网页 · 线路 1/1,
Android 4.0.4,389,南方购物,web,webSourceM3U8/webview.txt:113,webview://https://www.gdtv.cn/tvChannelDetail/42,DEVICE_BROWSER_UNSUPPORTED,406,设备性能太弱，无法加载网页 · 线路 1/1,
Android 4.0.4,390,岭南戏曲,web,webSourceM3U8/webview.txt:114,webview://https://www.gdtv.cn/tvChannelDetail/15,DEVICE_BROWSER_UNSUPPORTED,407,设备性能太弱，无法加载网页 · 线路 1/1,
Android 4.0.4,391,广东移动,web,webSourceM3U8/webview.txt:115,webview://https://www.gdtv.cn/tvChannelDetail/74,DEVICE_BROWSER_UNSUPPORTED,405,设备性能太弱，无法加载网页 · 线路 1/1,
Android 4.0.4,392,荔枝台,web,webSourceM3U8/webview.txt:116,webview://https://www.gdtv.cn/tvChannelDetail/100,DEVICE_BROWSER_UNSUPPORTED,407,设备性能太弱，无法加载网页 · 线路 1/1,
Android 4.0.4,393,纪录片,web,webSourceM3U8/webview.txt:117,webview://https://www.gdtv.cn/tvChannelDetail/94,DEVICE_BROWSER_UNSUPPORTED,419,设备性能太弱，无法加载网页 · 线路 1/1,
Android 4.0.4,394,GRTN生活频道,web,webSourceM3U8/webview.txt:118,webview://https://www.gdtv.cn/tvChannelDetail/102,DEVICE_BROWSER_UNSUPPORTED,406,设备性能太弱，无法加载网页 · 线路 1/1,
Android 4.0.4,395,深圳卫视,web,webSourceM3U8/webview.txt:119,webview://https://www.sztv.com.cn/dianshi.shtml?id=7867,DEVICE_BROWSER_UNSUPPORTED,406,设备性能太弱，无法加载网页 · 线路 1/1,
Android 4.0.4,396,深圳都市,web,webSourceM3U8/webview.txt:120,webview://https://www.sztv.com.cn/dianshi.shtml?id=7868,DEVICE_BROWSER_UNSUPPORTED,405,设备性能太弱，无法加载网页 · 线路 1/1,
Android 4.0.4,397,深圳电视剧,web,webSourceM3U8/webview.txt:121,webview://https://www.sztv.com.cn/dianshi.shtml?id=7880,DEVICE_BROWSER_UNSUPPORTED,406,设备性能太弱，无法加载网页 · 线路 1/1,
Android 4.0.4,398,深圳财经,web,webSourceM3U8/webview.txt:122,webview://https://www.sztv.com.cn/dianshi.shtml?id=7871,DEVICE_BROWSER_UNSUPPORTED,407,设备性能太弱，无法加载网页 · 线路 1/1,
Android 4.0.4,399,深圳少儿,web,webSourceM3U8/webview.txt:123,webview://https://www.sztv.com.cn/dianshi.shtml?id=7881,DEVICE_BROWSER_UNSUPPORTED,406,设备性能太弱，无法加载网页 · 线路 1/1,
Android 4.0.4,400,深圳移动,web,webSourceM3U8/webview.txt:124,webview://https://www.sztv.com.cn/dianshi.shtml?id=7869,DEVICE_BROWSER_UNSUPPORTED,419,设备性能太弱，无法加载网页 · 线路 1/1,
Android 4.0.4,401,深圳宜和购物,web,webSourceM3U8/webview.txt:125,webview://https://www.sztv.com.cn/dianshi.shtml?id=7878,DEVICE_BROWSER_UNSUPPORTED,407,设备性能太弱，无法加载网页 · 线路 1/1,
Android 4.0.4,402,深圳国际,web,webSourceM3U8/webview.txt:126,webview://https://www.sztv.com.cn/dianshi.shtml?id=7944,DEVICE_BROWSER_UNSUPPORTED,411,设备性能太弱，无法加载网页 · 线路 1/1,
Android 4.0.4,403,东莞生活咨询,web,webSourceM3U8/webview.txt:132,webview://https://dgrtv.sun0769.com/online/280.html,DEVICE_BROWSER_UNSUPPORTED,406,设备性能太弱，无法加载网页 · 线路 1/1,
Android 4.0.4,404,东莞新闻综合,web,webSourceM3U8/webview.txt:133,webview://https://dgrtv.sun0769.com/online/279.html,DEVICE_BROWSER_UNSUPPORTED,406,设备性能太弱，无法加载网页 · 线路 1/1,
Android 4.0.4,405,江门综合,web,webSourceM3U8/webview.txt:134,webview://http://www.jmtv.cn/live/jm_live_h5.shtml?pid=1,DEVICE_BROWSER_UNSUPPORTED,406,设备性能太弱，无法加载网页 · 线路 1/1,
Android 4.0.4,406,河源综合,web,webSourceM3U8/webview.txt:135,webview://https://www.hyrtv.cn/itv/zhds/,DEVICE_BROWSER_UNSUPPORTED,406,设备性能太弱，无法加载网页 · 线路 1/1,
Android 4.0.4,407,河源生活,web,webSourceM3U8/webview.txt:136,webview://https://www.hyrtv.cn/itv/ggds/,DEVICE_BROWSER_UNSUPPORTED,405,设备性能太弱，无法加载网页 · 线路 1/1,
Android 4.0.4,408,清远新闻综合,web,webSourceM3U8/webview.txt:137,webview://https://h5.qyrb.cn/h5/nfzmy-television-and-radio/#/?channelId=1,DEVICE_BROWSER_UNSUPPORTED,406,设备性能太弱，无法加载网页 · 线路 1/1,
Android 4.0.4,409,清远文旅生活,web,webSourceM3U8/webview.txt:138,webview://https://h5.qyrb.cn/h5/nfzmy-television-and-radio/#/?channelId=3,DEVICE_BROWSER_UNSUPPORTED,404,设备性能太弱，无法加载网页 · 线路 1/1,
Android 4.0.4,410,韶关,web,webSourceM3U8/webview.txt:139,webview://https://www.sgmsw.cn/v/tv?spm=0.0.0.0.nRYAvk&id=SB05RIYZOU8JR418AUQOF62CAJQ08D0E,DEVICE_BROWSER_UNSUPPORTED,418,设备性能太弱，无法加载网页 · 线路 1/1,
Android 4.0.4,411,肇庆综合,web,webSourceM3U8/webview.txt:140,webview://https://zqh5.xjrb.com/h5/nfzmy-television-and-radio/#/?channelId=33,DEVICE_BROWSER_UNSUPPORTED,419,设备性能太弱，无法加载网页 · 线路 1/1,
Android 4.0.4,412,清远新闻综合,web,webSourceM3U8/webview.txt:143,webview://https://www.qyrb.cn/tv/rM834x3d5a.html,DEVICE_BROWSER_UNSUPPORTED,406,设备性能太弱，无法加载网页 · 线路 1/1,
Android 4.0.4,413,韶关新闻综合,web,webSourceM3U8/webview.txt:144,webview://https://www.sgmsw.cn/v/tv?spm=0.0.0.0.HGiuAr&id=SB05RIYZOU8JR418AUQOF62CAJQ08D0E,DEVICE_BROWSER_UNSUPPORTED,405,设备性能太弱，无法加载网页 · 线路 1/1,
Android 4.0.4,414,来宾,web,webSourceM3U8/webview.txt:145,webview://https://share-laibin.gxlbcloud.com/fhshare/#/live_detail?contentType=4&id=9,DEVICE_BROWSER_UNSUPPORTED,408,设备性能太弱，无法加载网页 · 线路 1/1,
Android 4.0.4,415,北海新闻综合,web,webSourceM3U8/webview.txt:146,webview://https://res.gxbhxww.cn/html/rft/live.html?channelId=389d764cf13244de97a30bc44161d235&type=1&siteId=c510269b15014be4aaf5aa6d2b92c629&shareAppId=c510269b15014be4aaf5aa6d2b92c629,DEVICE_BROWSER_UNSUPPORTED,408,设备性能太弱，无法加载网页 · 线路 1/1,
Android 4.0.4,416,北海经济科教,web,webSourceM3U8/webview.txt:147,webview://https://res.gxbhxww.cn/html/rft/live.html?channelId=51733cd2fd0548d288c3015ec3d0535b&type=1&siteId=c510269b15014be4aaf5aa6d2b92c629&shareAppId=c510269b15014be4aaf5aa6d2b92c629,DEVICE_BROWSER_UNSUPPORTED,407,设备性能太弱，无法加载网页 · 线路 1/1,
Android 4.0.4,417,贵州卫视,web,webSourceM3U8/webview.txt:148,webview://https://www.gzstv.com/tv/ch01,DEVICE_BROWSER_UNSUPPORTED,423,设备性能太弱，无法加载网页 · 线路 1/1,
Android 4.0.4,418,贵州公共,web,webSourceM3U8/webview.txt:149,webview://https://www.gzstv.com/tv/ch02,DEVICE_BROWSER_UNSUPPORTED,406,设备性能太弱，无法加载网页 · 线路 1/1,
Android 4.0.4,419,贵州影视文艺,web,webSourceM3U8/webview.txt:150,webview://https://www.gzstv.com/tv/ch03,DEVICE_BROWSER_UNSUPPORTED,405,设备性能太弱，无法加载网页 · 线路 1/1,
Android 4.0.4,420,贵州大众生活,web,webSourceM3U8/webview.txt:151,webview://https://www.gzstv.com/tv/ch04,DEVICE_BROWSER_UNSUPPORTED,406,设备性能太弱，无法加载网页 · 线路 1/1,
Android 4.0.4,421,贵州生态乡村,web,webSourceM3U8/webview.txt:152,webview://https://www.gzstv.com/tv/ch05,DEVICE_BROWSER_UNSUPPORTED,407,设备性能太弱，无法加载网页 · 线路 1/1,
Android 4.0.4,422,贵州科教健康,web,webSourceM3U8/webview.txt:153,webview://https://www.gzstv.com/tv/ch06,DEVICE_BROWSER_UNSUPPORTED,406,设备性能太弱，无法加载网页 · 线路 1/1,
Android 4.0.4,423,贵州移动,web,webSourceM3U8/webview.txt:154,webview://https://www.gzstv.com/tv/ch13,DEVICE_BROWSER_UNSUPPORTED,405,设备性能太弱，无法加载网页 · 线路 1/1,
Android 4.0.4,424,肇庆综合,web,webSourceM3U8/webview.txt:155,webview://https://zqh5.xjrb.com/h5/nfzmy-television-and-radio/#/?channelId=34,DEVICE_BROWSER_UNSUPPORTED,422,设备性能太弱，无法加载网页 · 线路 1/1,
Android 4.0.4,425,黔南新闻综合,web,webSourceM3U8/webview.txt:156,webview://http://m.qntv.net/cms-tv,DEVICE_BROWSER_UNSUPPORTED,407,设备性能太弱，无法加载网页 · 线路 1/1,
Android 4.0.4,426,安顺新闻综合,web,webSourceM3U8/webview.txt:157,webview://https://www.gzastv.cn/live/live.shtml,DEVICE_BROWSER_UNSUPPORTED,406,设备性能太弱，无法加载网页 · 线路 1/1,
Android 4.0.4,427,海南卫视,web,webSourceM3U8/webview.txt:158,webview://http://tc.hnntv.cn/,DEVICE_BROWSER_UNSUPPORTED,407,设备性能太弱，无法加载网页 · 线路 1/1,
Android 4.0.4,428,三沙卫视,web,webSourceM3U8/webview.txt:159,webview://https://www.hnntv.cn/live.html?playType=livePlay&channelId=5&referPage=home,DEVICE_BROWSER_UNSUPPORTED,406,设备性能太弱，无法加载网页 · 线路 1/1,
Android 4.0.4,429,海南新闻,web,webSourceM3U8/webview.txt:160,webview://https://www.hnntv.cn/live.html?playType=livePlay&channelId=3&referPage=home,DEVICE_BROWSER_UNSUPPORTED,405,设备性能太弱，无法加载网页 · 线路 1/1,
Android 4.0.4,430,海南社会与法,web,webSourceM3U8/webview.txt:161,webview://https://www.hnntv.cn/live.html?playType=livePlay&channelId=4&referPage=home,DEVICE_BROWSER_UNSUPPORTED,405,设备性能太弱，无法加载网页 · 线路 1/1,
Android 4.0.4,431,海南文旅,web,webSourceM3U8/webview.txt:162,webview://https://www.hnntv.cn/live.html?playType=livePlay&channelId=6&referPage=home,DEVICE_BROWSER_UNSUPPORTED,421,设备性能太弱，无法加载网页 · 线路 1/1,
Android 4.0.4,432,海南少儿,web,webSourceM3U8/webview.txt:163,webview://https://www.hnntv.cn/live.html?playType=livePlay&channelId=7&referPage=home,DEVICE_BROWSER_UNSUPPORTED,409,设备性能太弱，无法加载网页 · 线路 1/1,
Android 4.0.4,433,海南自贸,web,webSourceM3U8/webview.txt:164,webview://https://www.hnntv.cn/live.html?playType=livePlay&channelId=1&referPage=home,DEVICE_BROWSER_UNSUPPORTED,405,设备性能太弱，无法加载网页 · 线路 1/1,
Android 4.0.4,434,河北卫视,web,webSourceM3U8/webview.txt:165,webview://https://www.hebtv.com/19/19js/st/xdszb/index.shtml?index=0,DEVICE_BROWSER_UNSUPPORTED,405,设备性能太弱，无法加载网页 · 线路 1/1,
Android 4.0.4,435,河北经济生活,web,webSourceM3U8/webview.txt:166,webview://https://www.hebtv.com/19/19js/st/xdszb/index.shtml?index=1,DEVICE_BROWSER_UNSUPPORTED,406,设备性能太弱，无法加载网页 · 线路 1/1,
Android 4.0.4,436,河北都市,web,webSourceM3U8/webview.txt:167,webview://https://www.hebtv.com/19/19js/st/xdszb/index.shtml?index=2,DEVICE_BROWSER_UNSUPPORTED,405,设备性能太弱，无法加载网页 · 线路 1/1,
Android 4.0.4,437,河北文旅体育,web,webSourceM3U8/webview.txt:168,webview://https://www.hebtv.com/19/19js/st/xdszb/index.shtml?index=3,DEVICE_BROWSER_UNSUPPORTED,407,设备性能太弱，无法加载网页 · 线路 1/1,
Android 4.0.4,438,河北少儿科教,web,webSourceM3U8/webview.txt:169,webview://https://www.hebtv.com/19/19js/st/xdszb/index.shtml?index=4,DEVICE_BROWSER_UNSUPPORTED,408,设备性能太弱，无法加载网页 · 线路 1/1,
Android 4.0.4,439,河北三农,web,webSourceM3U8/webview.txt:170,webview://https://www.hebtv.com/19/19js/st/xdszb/index.shtml?index=5,DEVICE_BROWSER_UNSUPPORTED,406,设备性能太弱，无法加载网页 · 线路 1/1,
Android 4.0.4,440,河北三佳购物,web,webSourceM3U8/webview.txt:171,webview://https://www.hebtv.com/19/19js/st/xdszb/index.shtml?index=6,DEVICE_BROWSER_UNSUPPORTED,406,设备性能太弱，无法加载网页 · 线路 1/1,
Android 4.0.4,441,河南卫视,web,webSourceM3U8/webview.txt:172,webview://https://static.hntv.tv/kds/#/,DEVICE_BROWSER_UNSUPPORTED,406,设备性能太弱，无法加载网页 · 线路 1/1,
Android 4.0.4,442,河南卫视,web,webSourceM3U8/webview.txt:173,webview://https://www.hndyjyfw.gov.cn/livePlay.html?u=1,DEVICE_BROWSER_UNSUPPORTED,406,设备性能太弱，无法加载网页 · 线路 1/1,
Android 4.0.4,443,河南新闻,web,webSourceM3U8/webview.txt:174,webview://https://static.hntv.tv/total/television/?id=149&u-link=1,DEVICE_BROWSER_UNSUPPORTED,406,设备性能太弱，无法加载网页 · 线路 1/1,
Android 4.0.4,444,河南都市,web,webSourceM3U8/webview.txt:175,webview://https://www.hndyjyfw.gov.cn/livePlay.html?u=2,DEVICE_BROWSER_UNSUPPORTED,408,设备性能太弱，无法加载网页 · 线路 1/1,
Android 4.0.4,445,河南都市,web,webSourceM3U8/webview.txt:176,webview://https://www.hntv2.net/index.html#/pages/tv/index,DEVICE_BROWSER_UNSUPPORTED,404,设备性能太弱，无法加载网页 · 线路 1/1,
Android 4.0.4,446,河南民生,web,webSourceM3U8/webview.txt:177,webview://https://www.hndyjyfw.gov.cn/livePlay.html?u=3,DEVICE_BROWSER_UNSUPPORTED,406,设备性能太弱，无法加载网页 · 线路 1/1,
Android 4.0.4,447,河南梨园,web,webSourceM3U8/webview.txt:178,webview://https://www.hndyjyfw.gov.cn/livePlay.html?u=4,DEVICE_BROWSER_UNSUPPORTED,407,设备性能太弱，无法加载网页 · 线路 1/1,
Android 4.0.4,448,河南法治,web,webSourceM3U8/webview.txt:179,webview://https://static.hntv.tv/total/television/?id=147&u-link=1,DEVICE_BROWSER_UNSUPPORTED,406,设备性能太弱，无法加载网页 · 线路 1/1,
Android 4.0.4,449,河南公共,web,webSourceM3U8/webview.txt:180,webview://https://static.hntv.tv/total/television/?id=151&u-link=1,DEVICE_BROWSER_UNSUPPORTED,406,设备性能太弱，无法加载网页 · 线路 1/1,
Android 4.0.4,450,河南乡村,web,webSourceM3U8/webview.txt:181,webview://https://static.hntv.tv/total/television/?id=152&u-link=1,DEVICE_BROWSER_UNSUPPORTED,427,设备性能太弱，无法加载网页 · 线路 1/1,
Android 4.0.4,451,河南乡村,web,webSourceM3U8/webview.txt:182,webview://https://www.hndyjyfw.gov.cn/livePlay.html?u=5,DEVICE_BROWSER_UNSUPPORTED,409,设备性能太弱，无法加载网页 · 线路 1/1,
Android 4.0.4,452,河南电视剧,web,webSourceM3U8/webview.txt:183,webview://https://static.hntv.tv/total/television/?id=148&u-link=1,DEVICE_BROWSER_UNSUPPORTED,406,设备性能太弱，无法加载网页 · 线路 1/1,
Android 4.0.4,453,河南文物宝库,web,webSourceM3U8/webview.txt:184,webview://https://static.hntv.tv/total/television/?id=155&u-link=1,DEVICE_BROWSER_UNSUPPORTED,406,设备性能太弱，无法加载网页 · 线路 1/1,
Android 4.0.4,454,河南武术世界,web,webSourceM3U8/webview.txt:185,webview://https://static.hntv.tv/total/television/?id=156&u-link=1,DEVICE_BROWSER_UNSUPPORTED,406,设备性能太弱，无法加载网页 · 线路 1/1,
Android 4.0.4,455,河南武术世界,web,webSourceM3U8/webview.txt:186,webview://https://www.hndyjyfw.gov.cn/livePlay.html?u=6,DEVICE_BROWSER_UNSUPPORTED,407,设备性能太弱，无法加载网页 · 线路 1/1,
Android 4.0.4,456,河南曲艺,web,webSourceM3U8/webview.txt:187,webview://https://static.hntv.tv/total/television/?id=157&u-link=1,DEVICE_BROWSER_UNSUPPORTED,406,设备性能太弱，无法加载网页 · 线路 1/1,
Android 4.0.4,457,河南国学,web,webSourceM3U8/webview.txt:188,webview://https://static.hntv.tv/total/television/?id=194&u-link=1,DEVICE_BROWSER_UNSUPPORTED,406,设备性能太弱，无法加载网页 · 线路 1/1,
Android 4.0.4,458,河南远程党员教育,web,webSourceM3U8/webview.txt:189,webview://https://www.hndyjyfw.gov.cn/livePlay.html?u=0,DEVICE_BROWSER_UNSUPPORTED,407,设备性能太弱，无法加载网页 · 线路 1/1,
Android 4.0.4,459,郑州综合,web,webSourceM3U8/webview.txt:190,webview://https://static.hntv.tv/total/television/?id=197&u-link=1,DEVICE_BROWSER_UNSUPPORTED,408,设备性能太弱，无法加载网页 · 线路 1/1,
Android 4.0.4,460,开封新闻综合,web,webSourceM3U8/webview.txt:191,webview://https://static.hntv.tv/total/television/?id=198&u-link=1,DEVICE_BROWSER_UNSUPPORTED,419,设备性能太弱，无法加载网页 · 线路 1/1,
Android 4.0.4,461,洛阳综合,web,webSourceM3U8/webview.txt:193,webview://https://static.hntv.tv/total/television/?id=204&u-link=1,DEVICE_BROWSER_UNSUPPORTED,406,设备性能太弱，无法加载网页 · 线路 1/1,
Android 4.0.4,462,平顶山综合,web,webSourceM3U8/webview.txt:196,webview://https://static.hntv.tv/total/television/?id=205&u-link=1,DEVICE_BROWSER_UNSUPPORTED,406,设备性能太弱，无法加载网页 · 线路 1/1,
Android 4.0.4,463,安阳新闻综合,web,webSourceM3U8/webview.txt:197,webview://https://static.hntv.tv/total/television/?id=206&u-link=1,DEVICE_BROWSER_UNSUPPORTED,406,设备性能太弱，无法加载网页 · 线路 1/1,
Android 4.0.4,464,安阳新闻综合,web,webSourceM3U8/webview.txt:198,webview://https://share.aynews.net.cn/share/page/tvLive/?tvid=1&tvType=1&webTenId=1&origin=1,DEVICE_BROWSER_UNSUPPORTED,406,设备性能太弱，无法加载网页 · 线路 1/1,
Android 4.0.4,465,安阳文旅,web,webSourceM3U8/webview.txt:199,webview://https://share.aynews.net.cn/share/page/tvLive/?tvid=3&tvType=1&webTenId=1&origin=1,DEVICE_BROWSER_UNSUPPORTED,406,设备性能太弱，无法加载网页 · 线路 1/1,
Android 4.0.4,466,鹤壁综合,web,webSourceM3U8/webview.txt:200,webview://https://static.hntv.tv/total/television/?id=207&u-link=1,DEVICE_BROWSER_UNSUPPORTED,406,设备性能太弱，无法加载网页 · 线路 1/1,
Android 4.0.4,467,新乡综合,web,webSourceM3U8/webview.txt:201,webview://https://static.hntv.tv/total/television/?id=208&u-link=1,DEVICE_BROWSER_UNSUPPORTED,405,设备性能太弱，无法加载网页 · 线路 1/1,
Android 4.0.4,468,焦作综合,web,webSourceM3U8/webview.txt:202,webview://https://static.hntv.tv/total/television/?id=209&u-link=1,DEVICE_BROWSER_UNSUPPORTED,408,设备性能太弱，无法加载网页 · 线路 1/1,
Android 4.0.4,469,焦作综合,web,webSourceM3U8/webview.txt:203,webview://http://www.jzrt.com/list-zhpd.html,DEVICE_BROWSER_UNSUPPORTED,417,设备性能太弱，无法加载网页 · 线路 1/1,
Android 4.0.4,470,焦作综合,web,webSourceM3U8/webview.txt:204,webview://https://jiaozuo.dxhmt.cn/api/page/goLivePage?liveId=a15a6b9e3e1f435584f903641e85a975,DEVICE_BROWSER_UNSUPPORTED,407,设备性能太弱，无法加载网页 · 线路 1/1,
Android 4.0.4,471,焦作文旅,web,webSourceM3U8/webview.txt:205,webview://http://www.jzrt.com/list-ggpd.html,DEVICE_BROWSER_UNSUPPORTED,405,设备性能太弱，无法加载网页 · 线路 1/1,
Android 4.0.4,472,焦作文旅,web,webSourceM3U8/webview.txt:206,webview://https://jiaozuo.dxhmt.cn/api/page/goLivePage?liveId=6a8a51398cf44ad28bb7808afdc94f4d,DEVICE_BROWSER_UNSUPPORTED,405,设备性能太弱，无法加载网页 · 线路 1/1,
Android 4.0.4,473,濮阳综合,web,webSourceM3U8/webview.txt:207,webview://https://static.hntv.tv/total/television/?id=219&u-link=1,DEVICE_BROWSER_UNSUPPORTED,406,设备性能太弱，无法加载网页 · 线路 1/1,
Android 4.0.4,474,许昌综合,web,webSourceM3U8/webview.txt:208,webview://https://static.hntv.tv/total/television/?id=220&u-link=1,DEVICE_BROWSER_UNSUPPORTED,406,设备性能太弱，无法加载网页 · 线路 1/1,
Android 4.0.4,475,许昌综合,web,webSourceM3U8/webview.txt:209,webview://http://xctv.cn/2359,DEVICE_BROWSER_UNSUPPORTED,406,设备性能太弱，无法加载网页 · 线路 1/1,
Android 4.0.4,476,许昌农业科教,web,webSourceM3U8/webview.txt:210,webview://http://xctv.cn/3918,DEVICE_BROWSER_UNSUPPORTED,408,设备性能太弱，无法加载网页 · 线路 1/1,
Android 4.0.4,477,漯河综合,web,webSourceM3U8/webview.txt:211,webview://https://static.hntv.tv/total/television/?id=221&u-link=1,DEVICE_BROWSER_UNSUPPORTED,407,设备性能太弱，无法加载网页 · 线路 1/1,
Android 4.0.4,478,三门峡综合,web,webSourceM3U8/webview.txt:212,webview://https://static.hntv.tv/total/television/?id=222&u-link=1,DEVICE_BROWSER_UNSUPPORTED,422,设备性能太弱，无法加载网页 · 线路 1/1,
Android 4.0.4,479,南阳综合,web,webSourceM3U8/webview.txt:213,webview://https://static.hntv.tv/total/television/?id=223&u-link=1,DEVICE_BROWSER_UNSUPPORTED,405,设备性能太弱，无法加载网页 · 线路 1/1,
Android 4.0.4,480,商丘综合,web,webSourceM3U8/webview.txt:214,webview://https://static.hntv.tv/total/television/?id=224&u-link=1,DEVICE_BROWSER_UNSUPPORTED,406,设备性能太弱，无法加载网页 · 线路 1/1,
Android 4.0.4,481,信阳综合,web,webSourceM3U8/webview.txt:215,webview://https://static.hntv.tv/total/television/?id=225&u-link=1,DEVICE_BROWSER_UNSUPPORTED,407,设备性能太弱，无法加载网页 · 线路 1/1,
Android 4.0.4,482,信阳综合,web,webSourceM3U8/webview.txt:216,webview://https://wap.xytv.cn/share/page/tvLive/?tvid=1&webProId=1&tvType=1&webTenId=1&invCode=&userName=&origin=1&webSoleId=4f6012673a674a07ba7380a6bfd99ee9,DEVICE_BROWSER_UNSUPPORTED,407,设备性能太弱，无法加载网页 · 线路 1/1,
Android 4.0.4,483,信阳文旅,web,webSourceM3U8/webview.txt:217,webview://https://wap.xytv.cn/share/page/tvLive?tvid=3&webProId=1&tvType=1&webTenId=1&invCode=&userName=&origin=1&webSoleId=39afabf7e90b4e708f7583ec223ea541,DEVICE_BROWSER_UNSUPPORTED,405,设备性能太弱，无法加载网页 · 线路 1/1,
Android 4.0.4,484,信阳综合,web,webSourceM3U8/webview.txt:218,webview://https://www.xytv.cn/h5/pages/tv/detail?id=137,DEVICE_BROWSER_UNSUPPORTED,406,设备性能太弱，无法加载网页 · 线路 1/1,
Android 4.0.4,485,信阳文旅,web,webSourceM3U8/webview.txt:219,webview://https://www.xytv.cn/h5/pages/tv/detail?id=138,DEVICE_BROWSER_UNSUPPORTED,405,设备性能太弱，无法加载网页 · 线路 1/1,
Android 4.0.4,486,周口综合,web,webSourceM3U8/webview.txt:220,webview://http://wxyszk.yszkapp.cn/share/views/share/index_share.html?contentType=tvlive&channelId=1&mmsurl=http://mms.yszkapp.cn:18080/mms4.6.3&token=pmqhukcpyipvqmoz,DEVICE_BROWSER_UNSUPPORTED,406,设备性能太弱，无法加载网页 · 线路 1/1,
Android 4.0.4,487,周口公共,web,webSourceM3U8/webview.txt:221,webview://http://wxyszk.yszkapp.cn/share/views/share/index_share.html?contentType=tvlive&channelId=2&mmsurl=http%3A%2F%2Fmms.yszkapp.cn%3A18080%2Fmms4.6.3&token=pmqhukcpyipvqmoz&tencentShare=1,DEVICE_BROWSER_UNSUPPORTED,421,设备性能太弱，无法加载网页 · 线路 1/1,
Android 4.0.4,488,周口教育,web,webSourceM3U8/webview.txt:222,webview://http://wxyszk.yszkapp.cn/share/views/share/index_share.html?contentType=tvlive&channelId=3&mmsurl=http%3A%2F%2Fmms.yszkapp.cn%3A18080%2Fmms4.6.3&token=pmqhukcpyipvqmoz&tencentShare=1,DEVICE_BROWSER_UNSUPPORTED,406,设备性能太弱，无法加载网页 · 线路 1/1,
Android 4.0.4,489,驻马店综合,web,webSourceM3U8/webview.txt:223,webview://https://static.hntv.tv/total/television/?id=227&u-link=1,DEVICE_BROWSER_UNSUPPORTED,405,设备性能太弱，无法加载网页 · 线路 1/1,
Android 4.0.4,490,济源综合,web,webSourceM3U8/webview.txt:224,webview://https://static.hntv.tv/total/television/?id=228&u-link=1,DEVICE_BROWSER_UNSUPPORTED,405,设备性能太弱，无法加载网页 · 线路 1/1,
Android 4.0.4,491,黑龙江卫视,web,webSourceM3U8/webview.txt:225,webview://https://www.dbw.cn/zhibodan/zhibo_dan/hljws/,DEVICE_BROWSER_UNSUPPORTED,404,设备性能太弱，无法加载网页 · 线路 1/1,
Android 4.0.4,492,黑龙江文体,web,webSourceM3U8/webview.txt:226,webview://https://www.dbw.cn/zhibodan/zhibo_dan/hljwt/,DEVICE_BROWSER_UNSUPPORTED,405,设备性能太弱，无法加载网页 · 线路 1/1,
Android 4.0.4,493,黑龙江影视,web,webSourceM3U8/webview.txt:227,webview://https://www.dbw.cn/zhibodan/zhibo_dan/hljys/,DEVICE_BROWSER_UNSUPPORTED,407,设备性能太弱，无法加载网页 · 线路 1/1,
Android 4.0.4,494,黑龙江新闻法治,web,webSourceM3U8/webview.txt:228,webview://https://www.dbw.cn/zhibodan/zhibo_dan/heilongjiang/,DEVICE_BROWSER_UNSUPPORTED,406,设备性能太弱，无法加载网页 · 线路 1/1,
Android 4.0.4,495,黑龙江都市,web,webSourceM3U8/webview.txt:229,webview://https://www.dbw.cn/zhibodan/zhibo_dan/hljds/,DEVICE_BROWSER_UNSUPPORTED,418,设备性能太弱，无法加载网页 · 线路 1/1,
Android 4.0.4,496,黑龙江农业·科技,web,webSourceM3U8/webview.txt:230,webview://https://www.dbw.cn/zhibodan/zhibo_dan/hljnykj/,DEVICE_BROWSER_UNSUPPORTED,407,设备性能太弱，无法加载网页 · 线路 1/1,
Android 4.0.4,497,黑龙江少儿,web,webSourceM3U8/webview.txt:231,webview://https://www.dbw.cn/zhibodan/zhibo_dan/hljse/,DEVICE_BROWSER_UNSUPPORTED,406,设备性能太弱，无法加载网页 · 线路 1/1,
Android 4.0.4,498,哈尔滨新闻综合,web,webSourceM3U8/webview.txt:232,webview://https://www.hrbtv.net/folder79/folder81/,DEVICE_BROWSER_UNSUPPORTED,405,设备性能太弱，无法加载网页 · 线路 1/1,
Android 4.0.4,499,哈尔滨生活,web,webSourceM3U8/webview.txt:233,webview://https://www.hrbtv.net/folder79/folder85/,DEVICE_BROWSER_UNSUPPORTED,407,设备性能太弱，无法加载网页 · 线路 1/1,
Android 4.0.4,500,哈尔滨影视,web,webSourceM3U8/webview.txt:234,webview://https://www.hrbtv.net/folder79/folder87/,DEVICE_BROWSER_UNSUPPORTED,419,设备性能太弱，无法加载网页 · 线路 1/1,
Android 4.0.4,501,齐齐哈尔新闻综合,web,webSourceM3U8/webview.txt:235,webview://https://www.qqhrnews.cn/p/qiqihaerxinwen.html,DEVICE_BROWSER_UNSUPPORTED,405,设备性能太弱，无法加载网页 · 线路 1/1,
Android 4.0.4,502,齐齐哈尔经济·法治,web,webSourceM3U8/webview.txt:236,webview://https://www.qqhrnews.cn/p/jingjifazhipindao.html,DEVICE_BROWSER_UNSUPPORTED,406,设备性能太弱，无法加载网页 · 线路 1/1,
Android 4.0.4,503,金鹰卡通,web,webSourceM3U8/webview.txt:238,webview://https://www.mgtv.com/live,DEVICE_BROWSER_UNSUPPORTED,405,设备性能太弱，无法加载网页 · 线路 1/1,
Android 4.0.4,504,娄底1,web,webSourceM3U8/webview.txt:239,webview://http://www.ldntv.cn/folder51/folder154/folder171,DEVICE_BROWSER_UNSUPPORTED,406,设备性能太弱，无法加载网页 · 线路 1/1,
Android 4.0.4,505,吉林卫视,web,webSourceM3U8/webview.txt:240,webview://https://www.jlntv.cn/tv?tag=0,DEVICE_BROWSER_UNSUPPORTED,406,设备性能太弱，无法加载网页 · 线路 1/1,
Android 4.0.4,506,延边汉语综合,web,webSourceM3U8/webview.txt:241,webview://https://www.iyb983.cn/ybtv2/,DEVICE_BROWSER_UNSUPPORTED,406,设备性能太弱，无法加载网页 · 线路 1/1,
Android 4.0.4,507,延边朝语综合,web,webSourceM3U8/webview.txt:242,webview://https://www.iyb983.cn/live/index.html,DEVICE_BROWSER_UNSUPPORTED,406,设备性能太弱，无法加载网页 · 线路 1/1,
Android 4.0.4,508,延边卫视,web,webSourceM3U8/webview.txt:243,webview://https://www.iyb983.cn/cys/,DEVICE_BROWSER_UNSUPPORTED,406,设备性能太弱，无法加载网页 · 线路 1/1,
Android 4.0.4,509,江苏卫视4K,web,webSourceM3U8/webview.txt:244,webview://https://live.jstv.com/?channelId=676,DEVICE_BROWSER_UNSUPPORTED,406,设备性能太弱，无法加载网页 · 线路 1/1,
Android 4.0.4,510,江苏卫视,web,webSourceM3U8/webview.txt:245,webview://https://live.jstv.com/?channelId=670,DEVICE_BROWSER_UNSUPPORTED,405,设备性能太弱，无法加载网页 · 线路 1/1,
Android 4.0.4,511,江苏城市,web,webSourceM3U8/webview.txt:246,webview://https://live.jstv.com/?channelId=669,DEVICE_BROWSER_UNSUPPORTED,405,设备性能太弱，无法加载网页 · 线路 1/1,
Android 4.0.4,512,江苏综艺,web,webSourceM3U8/webview.txt:247,webview://https://live.jstv.com/?channelId=663,DEVICE_BROWSER_UNSUPPORTED,407,设备性能太弱，无法加载网页 · 线路 1/1,
Android 4.0.4,513,江苏影视,web,webSourceM3U8/webview.txt:248,webview://https://live.jstv.com/?channelId=664,DEVICE_BROWSER_UNSUPPORTED,407,设备性能太弱，无法加载网页 · 线路 1/1,
Android 4.0.4,514,江苏新闻,web,webSourceM3U8/webview.txt:249,webview://https://live.jstv.com/?channelId=668,DEVICE_BROWSER_UNSUPPORTED,418,设备性能太弱，无法加载网页 · 线路 1/1,
Android 4.0.4,515,江苏教育,web,webSourceM3U8/webview.txt:250,webview://https://live.jstv.com/?channelId=666,DEVICE_BROWSER_UNSUPPORTED,405,设备性能太弱，无法加载网页 · 线路 1/1,
Android 4.0.4,516,江苏体育休闲,web,webSourceM3U8/webview.txt:251,webview://https://live.jstv.com/?channelId=665,DEVICE_BROWSER_UNSUPPORTED,406,设备性能太弱，无法加载网页 · 线路 1/1,
Android 4.0.4,517,江苏国际,web,webSourceM3U8/webview.txt:252,webview://https://live.jstv.com/?channelId=671,DEVICE_BROWSER_UNSUPPORTED,407,设备性能太弱，无法加载网页 · 线路 1/1,
Android 4.0.4,518,优漫卡通,web,webSourceM3U8/webview.txt:253,webview://https://live.jstv.com/?channelId=667,DEVICE_BROWSER_UNSUPPORTED,406,设备性能太弱，无法加载网页 · 线路 1/1,
Android 4.0.4,519,南京新闻综合频道,web,webSourceM3U8/webview.txt:254,webview://https://www.nbs.cn/live/?id=109152,DEVICE_BROWSER_UNSUPPORTED,406,设备性能太弱，无法加载网页 · 线路 1/1,
Android 4.0.4,520,南京十八生活频道,web,webSourceM3U8/webview.txt:255,webview://https://www.nbs.cn/live/?id=110094,DEVICE_BROWSER_UNSUPPORTED,405,设备性能太弱，无法加载网页 · 线路 1/1,
Android 4.0.4,521,南京教育科技频道,web,webSourceM3U8/webview.txt:256,webview://https://www.nbs.cn/live/?id=109153,DEVICE_BROWSER_UNSUPPORTED,406,设备性能太弱，无法加载网页 · 线路 1/1,
Android 4.0.4,522,南京文旅纪录频道,web,webSourceM3U8/webview.txt:257,webview://https://www.nbs.cn/live/?id=110093,DEVICE_BROWSER_UNSUPPORTED,423,设备性能太弱，无法加载网页 · 线路 1/1,
Android 4.0.4,523,南京少年儿童频道,web,webSourceM3U8/webview.txt:258,webview://https://www.nbs.cn/live/?id=110095,DEVICE_BROWSER_UNSUPPORTED,405,设备性能太弱，无法加载网页 · 线路 1/1,
Android 4.0.4,524,盐城一套,web,webSourceM3U8/webview.txt:259,webview://https://www.0515yc.cn/folder147/folder148/folder156/,DEVICE_BROWSER_UNSUPPORTED,406,设备性能太弱，无法加载网页 · 线路 1/1,
Android 4.0.4,525,铜川综合,web,webSourceM3U8/webview.txt:260,webview://https://www.tcsrm.cn/tvradio/tczhpd.html,DEVICE_BROWSER_UNSUPPORTED,406,设备性能太弱，无法加载网页 · 线路 1/1,
Android 4.0.4,526,铜川公共,web,webSourceM3U8/webview.txt:261,webview://https://www.tcsrm.cn/tvradio/tcggpd.html,DEVICE_BROWSER_UNSUPPORTED,407,设备性能太弱，无法加载网页 · 线路 1/1,
Android 4.0.4,527,无锡移动,web,webSourceM3U8/webview.txt:262,webview://https://live.wifiwx.com/m2/?page=live&id=494#/pkgA/pages/live/live?id=494,DEVICE_BROWSER_UNSUPPORTED,406,设备性能太弱，无法加载网页 · 线路 1/1,
Android 4.0.4,528,南昌新闻综合,web,webSourceM3U8/webview.txt:275,webview://https://www.nctv.net.cn/live?channel=1,DEVICE_BROWSER_UNSUPPORTED,405,设备性能太弱，无法加载网页 · 线路 1/1,
Android 4.0.4,529,宜春综合,web,webSourceM3U8/webview.txt:276,webview://https://h5-yc.newsyc.com/front-cloudlive-manage-h5/index.html?id=610897459610271744,DEVICE_BROWSER_UNSUPPORTED,405,设备性能太弱，无法加载网页 · 线路 1/1,
Android 4.0.4,530,宜春新闻综合,web,webSourceM3U8/webview.txt:277,webview://https://h5-yc.newsyc.com/front-cloudlive-manage-h5/index.html?id=610897459610271744&company_id=397#/,DEVICE_BROWSER_UNSUPPORTED,420,设备性能太弱，无法加载网页 · 线路 1/1,
Android 4.0.4,531,宜春法治·民生,web,webSourceM3U8/webview.txt:278,webview://https://h5-yc.newsyc.com/front-cloudlive-manage-h5/index.html?id=636127231831396352&company_id=397#/,DEVICE_BROWSER_UNSUPPORTED,406,设备性能太弱，无法加载网页 · 线路 1/1,
Android 4.0.4,532,青海卫视,web,webSourceM3U8/webview.txt:279,webview://https://h5.qhbtv.com.cn/front-cloudlive-manage-h5/index.html?id=786181204964564992&company_id=1075&utaot=1,DEVICE_BROWSER_UNSUPPORTED,406,设备性能太弱，无法加载网页 · 线路 1/1,
Android 4.0.4,533,青海经视,web,webSourceM3U8/webview.txt:280,webview://https://h5.qhbtv.com.cn/front-cloudlive-manage-h5/index.html?id=786227316454875136&company_id=1075&utaot=1,DEVICE_BROWSER_UNSUPPORTED,405,设备性能太弱，无法加载网页 · 线路 1/1,
Android 4.0.4,534,青海都市,web,webSourceM3U8/webview.txt:281,webview://https://h5.qhbtv.com.cn/front-cloudlive-manage-h5/index.html?id=786227009616371712&company_id=1075&utaot=1,DEVICE_BROWSER_UNSUPPORTED,406,设备性能太弱，无法加载网页 · 线路 1/1,
Android 4.0.4,535,西宁新闻综合,web,webSourceM3U8/webview.txt:282,webview://https://xiningbcnew.zainanjing365.com/share/live/detailTv?resourceId=5&appscheme=gdmm-zhangshangxining,DEVICE_BROWSER_UNSUPPORTED,406,设备性能太弱，无法加载网页 · 线路 1/1,
Android 4.0.4,536,西宁生活服务,web,webSourceM3U8/webview.txt:283,webview://https://xiningbcnew.zainanjing365.com/share/live/detailTv?resourceId=6&appscheme=gdmm-zhangshangxining,DEVICE_BROWSER_UNSUPPORTED,406,设备性能太弱，无法加载网页 · 线路 1/1,
Android 4.0.4,537,山东教育卫视,web,webSourceM3U8/webview.txt:284,webview://https://www.sdetv.com.cn/edu/pc/live/index.html,DEVICE_BROWSER_UNSUPPORTED,406,设备性能太弱，无法加载网页 · 线路 1/1,
Android 4.0.4,538,东营1,web,webSourceM3U8/webview.txt:285,webview://https://ady.dongyingnews.cn/share/dHZsLTUzNy0x.html,DEVICE_BROWSER_UNSUPPORTED,419,设备性能太弱，无法加载网页 · 线路 1/1,
Android 4.0.4,539,东营2,web,webSourceM3U8/webview.txt:286,webview://https://ady.dongyingnews.cn/share/dHZsLTUzNy0z.html,DEVICE_BROWSER_UNSUPPORTED,406,设备性能太弱，无法加载网页 · 线路 1/1,
Android 4.0.4,540,东营3,web,webSourceM3U8/webview.txt:287,webview://https://ady.dongyingnews.cn/share/dHZsLTUzNy03.html,DEVICE_BROWSER_UNSUPPORTED,406,设备性能太弱，无法加载网页 · 线路 1/1,
Android 4.0.4,541,潍坊1,web,webSourceM3U8/webview.txt:288,webview://http://www.wfcmw.cn/wfrtv_pdLive.html?tv=1,DEVICE_BROWSER_UNSUPPORTED,405,设备性能太弱，无法加载网页 · 线路 1/1,
Android 4.0.4,542,潍坊2,web,webSourceM3U8/webview.txt:289,webview://http://www.wfcmw.cn/wfrtv_pdLive.html?tv=2,DEVICE_BROWSER_UNSUPPORTED,413,设备性能太弱，无法加载网页 · 线路 1/1,
Android 4.0.4,543,潍坊3,web,webSourceM3U8/webview.txt:290,webview://http://www.wfcmw.cn/wfrtv_pdLive.html?tv=3,DEVICE_BROWSER_UNSUPPORTED,406,设备性能太弱，无法加载网页 · 线路 1/1,
Android 4.0.4,544,潍坊4,web,webSourceM3U8/webview.txt:291,webview://http://www.wfcmw.cn/wfrtv_pdLive.html?tv=4,DEVICE_BROWSER_UNSUPPORTED,405,设备性能太弱，无法加载网页 · 线路 1/1,
Android 4.0.4,545,山东卫视,web,webSourceM3U8/webview.txt:292,webview://https://v.iqilu.com/live/sdtv/index.html,DEVICE_BROWSER_UNSUPPORTED,406,设备性能太弱，无法加载网页 · 线路 1/1,
Android 4.0.4,546,聊城综合,web,webSourceM3U8/webview.txt:293,webview://https://www.lcxw.cn/kands/?tag=0,DEVICE_BROWSER_UNSUPPORTED,418,设备性能太弱，无法加载网页 · 线路 1/1,
Android 4.0.4,547,聊城民生,web,webSourceM3U8/webview.txt:294,webview://https://www.lcxw.cn/kands/?tag=1,DEVICE_BROWSER_UNSUPPORTED,406,设备性能太弱，无法加载网页 · 线路 1/1,
Android 4.0.4,548,山西卫视,web,webSourceM3U8/webview.txt:295,webview://https://www.sxrtv.com/tv/index.shtml,DEVICE_BROWSER_UNSUPPORTED,407,设备性能太弱，无法加载网页 · 线路 1/1,
Android 4.0.4,549,山西经济与科技,web,webSourceM3U8/webview.txt:296,webview://https://apphhplushttps.sxrtv.com//television/live_wap_653.html,DEVICE_BROWSER_UNSUPPORTED,406,设备性能太弱，无法加载网页 · 线路 1/1,
Android 4.0.4,550,山西影视,web,webSourceM3U8/webview.txt:297,webview://https://apphhplushttps.sxrtv.com//television/live_wap_654.html,DEVICE_BROWSER_UNSUPPORTED,422,设备性能太弱，无法加载网页 · 线路 1/1,
Android 4.0.4,551,山西社会与法治,web,webSourceM3U8/webview.txt:298,webview://https://apphhplushttps.sxrtv.com//television/live_wap_655.html,DEVICE_BROWSER_UNSUPPORTED,412,设备性能太弱，无法加载网页 · 线路 1/1,
Android 4.0.4,552,山西文体生活,web,webSourceM3U8/webview.txt:299,webview://https://apphhplushttps.sxrtv.com//television/live_wap_656.html,DEVICE_BROWSER_UNSUPPORTED,406,设备性能太弱，无法加载网页 · 线路 1/1,
Android 4.0.4,553,太原新闻综合,web,webSourceM3U8/webview.txt:300,webview://https://www.sxtygdy.com/23/23mbdszb/index.shtml,DEVICE_BROWSER_UNSUPPORTED,407,设备性能太弱，无法加载网页 · 线路 1/1,
Android 4.0.4,554,阳泉新闻综合,web,webSourceM3U8/webview.txt:301,webview://https://www.yqrtv.com/folder74/folder139?id=10,DEVICE_BROWSER_UNSUPPORTED,406,设备性能太弱，无法加载网页 · 线路 1/1,
Android 4.0.4,555,阳泉科教,web,webSourceM3U8/webview.txt:302,webview://https://www.yqrtv.com/folder74/folder139?id=11,DEVICE_BROWSER_UNSUPPORTED,405,设备性能太弱，无法加载网页 · 线路 1/1,
Android 4.0.4,556,太原新闻综合,web,webSourceM3U8/webview.txt:303,webview://https://web.wx.sztv.com.cn/cms/rmt2018/23/23mbdszb/index.shtml,DEVICE_BROWSER_UNSUPPORTED,407,设备性能太弱，无法加载网页 · 线路 1/1,
Android 4.0.4,557,黄河,web,webSourceM3U8/webview.txt:304,webview://https://apphhplushttps.sxrtv.com//television/live_wap_651.html,DEVICE_BROWSER_UNSUPPORTED,420,设备性能太弱，无法加载网页 · 线路 1/1,
Android 4.0.4,558,太原新闻综合,web,webSourceM3U8/webview.txt:305,webview://https://apphhplushttps.sxrtv.com//a/b/a/live_wap_811850.html,DEVICE_BROWSER_UNSUPPORTED,406,设备性能太弱，无法加载网页 · 线路 1/1,
Android 4.0.4,559,大同新闻综合,web,webSourceM3U8/webview.txt:306,webview://http://share.dtradio.com.cn/?_hgOutLink=live/livedetail&channel_id=16,DEVICE_BROWSER_UNSUPPORTED,405,设备性能太弱，无法加载网页 · 线路 1/1,
Android 4.0.4,560,大同公共,web,webSourceM3U8/webview.txt:307,webview://http://share.dtradio.com.cn/?_hgOutLink=live/livedetail&channel_id=8,DEVICE_BROWSER_UNSUPPORTED,407,设备性能太弱，无法加载网页 · 线路 1/1,
Android 4.0.4,561,大同生活,web,webSourceM3U8/webview.txt:308,webview://http://share.dtradio.com.cn/?_hgOutLink=live/livedetail&channel_id=9,DEVICE_BROWSER_UNSUPPORTED,406,设备性能太弱，无法加载网页 · 线路 1/1,
Android 4.0.4,562,晋中公共,web,webSourceM3U8/webview.txt:309,webview://https://app.jztvnews.cn//television/live_wap_12442.html,DEVICE_BROWSER_UNSUPPORTED,417,设备性能太弱，无法加载网页 · 线路 1/1,
Android 4.0.4,563,陕西卫视,web,webSourceM3U8/webview.txt:310,webview://http://live.snrtv.com/star,DEVICE_BROWSER_UNSUPPORTED,405,设备性能太弱，无法加载网页 · 线路 1/1,
Android 4.0.4,564,陕西新闻资讯,web,webSourceM3U8/webview.txt:311,webview://http://live.snrtv.com/1,DEVICE_BROWSER_UNSUPPORTED,406,设备性能太弱，无法加载网页 · 线路 1/1,
Android 4.0.4,565,陕西都市青春,web,webSourceM3U8/webview.txt:312,webview://http://live.snrtv.com/2,DEVICE_BROWSER_UNSUPPORTED,407,设备性能太弱，无法加载网页 · 线路 1/1,
Android 4.0.4,566,陕西银龄,web,webSourceM3U8/webview.txt:313,webview://http://live.snrtv.com/3,DEVICE_BROWSER_UNSUPPORTED,406,设备性能太弱，无法加载网页 · 线路 1/1,
Android 4.0.4,567,陕西秦腔,web,webSourceM3U8/webview.txt:314,webview://http://live.snrtv.com/5,DEVICE_BROWSER_UNSUPPORTED,407,设备性能太弱，无法加载网页 · 线路 1/1,
Android 4.0.4,568,陕西体育休闲,web,webSourceM3U8/webview.txt:315,webview://http://live.snrtv.com/7,DEVICE_BROWSER_UNSUPPORTED,406,设备性能太弱，无法加载网页 · 线路 1/1,
Android 4.0.4,569,陕西农林,web,webSourceM3U8/webview.txt:316,webview://http://live.snrtv.com/nl,DEVICE_BROWSER_UNSUPPORTED,406,设备性能太弱，无法加载网页 · 线路 1/1,
Android 4.0.4,570,陕西移动,web,webSourceM3U8/webview.txt:317,webview://http://www.sxtvs.com/sxtvs_ydpd/index.html,DEVICE_BROWSER_UNSUPPORTED,418,设备性能太弱，无法加载网页 · 线路 1/1,
Android 4.0.4,571,西安新闻综合,web,webSourceM3U8/webview.txt:318,webview://https://v.xiancity.cn/folder8/folder39/folder29/,DEVICE_BROWSER_UNSUPPORTED,406,设备性能太弱，无法加载网页 · 线路 1/1,
Android 4.0.4,572,西安都市,web,webSourceM3U8/webview.txt:319,webview://https://v.xiancity.cn/folder8/folder39/folder30/,DEVICE_BROWSER_UNSUPPORTED,407,设备性能太弱，无法加载网页 · 线路 1/1,
Android 4.0.4,573,西安商务资讯,web,webSourceM3U8/webview.txt:320,webview://https://v.xiancity.cn/folder8/folder39/folder31/,DEVICE_BROWSER_UNSUPPORTED,406,设备性能太弱，无法加载网页 · 线路 1/1,
Android 4.0.4,574,西安影视,web,webSourceM3U8/webview.txt:321,webview://https://v.xiancity.cn/folder8/folder39/folder32/,DEVICE_BROWSER_UNSUPPORTED,406,设备性能太弱，无法加载网页 · 线路 1/1,
Android 4.0.4,575,西安丝路,web,webSourceM3U8/webview.txt:322,webview://https://v.xiancity.cn/folder8/folder39/folder33/,DEVICE_BROWSER_UNSUPPORTED,407,设备性能太弱，无法加载网页 · 线路 1/1,
Android 4.0.4,576,榆林综合,web,webSourceM3U8/webview.txt:323,webview://https://v.ylrb.com/2/2tsp/zb/dszb/336843.shtml,DEVICE_BROWSER_UNSUPPORTED,405,设备性能太弱，无法加载网页 · 线路 1/1,
Android 4.0.4,577,榆林公共,web,webSourceM3U8/webview.txt:324,webview://https://v.ylrb.com/2/2tsp/zb/dszb/336842.shtml,DEVICE_BROWSER_UNSUPPORTED,407,设备性能太弱，无法加载网页 · 线路 1/1,
Android 4.0.4,578,咸阳综合,web,webSourceM3U8/webview.txt:330,webview://https://www.sxxynews.com.cn/tvradio/xyzhpd.html,DEVICE_BROWSER_UNSUPPORTED,421,设备性能太弱，无法加载网页 · 线路 1/1,
Android 4.0.4,579,东方卫视,web,webSourceM3U8/webview.txt:331,webview://https://live.kankanews.com/huikan?id=1,DEVICE_BROWSER_UNSUPPORTED,406,设备性能太弱，无法加载网页 · 线路 1/1,
Android 4.0.4,580,上海新闻综合,web,webSourceM3U8/webview.txt:332,webview://https://live.kankanews.com/huikan?id=2,DEVICE_BROWSER_UNSUPPORTED,406,设备性能太弱，无法加载网页 · 线路 1/1,
Android 4.0.4,581,上海都市,web,webSourceM3U8/webview.txt:333,webview://https://live.kankanews.com/huikan?id=4,DEVICE_BROWSER_UNSUPPORTED,407,设备性能太弱，无法加载网页 · 线路 1/1,
Android 4.0.4,582,第一财经,web,webSourceM3U8/webview.txt:334,webview://https://live.kankanews.com/huikan?id=5,DEVICE_BROWSER_UNSUPPORTED,407,设备性能太弱，无法加载网页 · 线路 1/1,
Android 4.0.4,583,哈哈炫动,web,webSourceM3U8/webview.txt:335,webview://https://live.kankanews.com/huikan?id=9,DEVICE_BROWSER_UNSUPPORTED,407,设备性能太弱，无法加载网页 · 线路 1/1,
Android 4.0.4,584,五星体育,web,webSourceM3U8/webview.txt:336,webview://https://live.kankanews.com/huikan?id=10,DEVICE_BROWSER_UNSUPPORTED,405,设备性能太弱，无法加载网页 · 线路 1/1,
Android 4.0.4,585,魔都眼,web,webSourceM3U8/webview.txt:337,webview://https://live.kankanews.com/huikan?id=11,DEVICE_BROWSER_UNSUPPORTED,407,设备性能太弱，无法加载网页 · 线路 1/1,
Android 4.0.4,586,新纪实,web,webSourceM3U8/webview.txt:338,webview://https://live.kankanews.com/huikan?id=12,DEVICE_BROWSER_UNSUPPORTED,407,设备性能太弱，无法加载网页 · 线路 1/1,
Android 4.0.4,587,新疆卫视,web,webSourceM3U8/webview.txt:339,webview://https://www.xjtvs.com.cn/column/tv/434?channelId=1,DEVICE_BROWSER_UNSUPPORTED,406,设备性能太弱，无法加载网页 · 线路 1/1,
Android 4.0.4,588,新疆2套,web,webSourceM3U8/webview.txt:340,webview://https://www.xjtvs.com.cn/column/tv/434?channelId=3,DEVICE_BROWSER_UNSUPPORTED,405,设备性能太弱，无法加载网页 · 线路 1/1,
Android 4.0.4,589,新疆3套,web,webSourceM3U8/webview.txt:341,webview://https://www.xjtvs.com.cn/column/tv/434?channelId=4,DEVICE_BROWSER_UNSUPPORTED,406,设备性能太弱，无法加载网页 · 线路 1/1,
Android 4.0.4,590,新疆4套,web,webSourceM3U8/webview.txt:342,webview://https://www.xjtvs.com.cn/column/tv/434?channelId=16,DEVICE_BROWSER_UNSUPPORTED,407,设备性能太弱，无法加载网页 · 线路 1/1,
Android 4.0.4,591,新疆5套,web,webSourceM3U8/webview.txt:343,webview://https://www.xjtvs.com.cn/column/tv/434?channelId=17,DEVICE_BROWSER_UNSUPPORTED,407,设备性能太弱，无法加载网页 · 线路 1/1,
Android 4.0.4,592,新疆8套,web,webSourceM3U8/webview.txt:344,webview://https://www.xjtvs.com.cn/column/tv/434?channelId=23,DEVICE_BROWSER_UNSUPPORTED,406,设备性能太弱，无法加载网页 · 线路 1/1,
Android 4.0.4,593,新建兵团卫视,web,webSourceM3U8/webview.txt:345,webview://https://www.btzx.com.cn/2024new/new_zhibo/index.shtml,DEVICE_BROWSER_UNSUPPORTED,407,设备性能太弱，无法加载网页 · 线路 1/1,
Android 4.0.4,594,丽江广播电视,web,webSourceM3U8/webview.txt:346,webview://https://www.lijiang.cn/live/,DEVICE_BROWSER_UNSUPPORTED,405,设备性能太弱，无法加载网页 · 线路 1/1,
Android 4.0.4,595,红河1,web,webSourceM3U8/webview.txt:347,webview://https://www.hh.cn/ynhhzMini/site/tv,DEVICE_BROWSER_UNSUPPORTED,406,设备性能太弱，无法加载网页 · 线路 1/1,
Android 4.0.4,596,普洱新闻综合,web,webSourceM3U8/webview.txt:348,webview://https://www.puerw.cn/col1992.html,DEVICE_BROWSER_UNSUPPORTED,405,设备性能太弱，无法加载网页 · 线路 1/1,
Android 4.0.4,597,临沧新闻综合,web,webSourceM3U8/webview.txt:349,webview://https://mtydazzle.yntv.cn/pages/liveDetails/detail.html/?companyId=lincang&_id=5f51fa40e4b04f16d0288832&isTest=no,DEVICE_BROWSER_UNSUPPORTED,406,设备性能太弱，无法加载网页 · 线路 1/1,
Android 4.0.4,598,临沧科教,web,webSourceM3U8/webview.txt:350,webview://https://mtydazzle.yntv.cn/pages/liveDetails/detail.html/?companyId=lincang&_id=5f51f80ee4b04f16d0288801&isTest=no,DEVICE_BROWSER_UNSUPPORTED,407,设备性能太弱，无法加载网页 · 线路 1/1,
Android 4.0.4,599,浙江卫视,web,webSourceM3U8/webview.txt:351,webview://https://www.cztv.com/liveTV/101,DEVICE_BROWSER_UNSUPPORTED,406,设备性能太弱，无法加载网页 · 线路 1/1,
Android 4.0.4,600,浙江钱江,web,webSourceM3U8/webview.txt:352,webview://https://www.cztv.com/liveTV/102,DEVICE_BROWSER_UNSUPPORTED,748,设备性能太弱，无法加载网页 · 线路 1/1,
Android 4.0.4,601,浙江经济生活,web,webSourceM3U8/webview.txt:353,webview://https://www.cztv.com/liveTV/103,DEVICE_BROWSER_UNSUPPORTED,405,设备性能太弱，无法加载网页 · 线路 1/1,
Android 4.0.4,602,浙江教科影视,web,webSourceM3U8/webview.txt:354,webview://https://www.cztv.com/liveTV/104,DEVICE_BROWSER_UNSUPPORTED,406,设备性能太弱，无法加载网页 · 线路 1/1,
Android 4.0.4,603,浙江民生休闲,web,webSourceM3U8/webview.txt:355,webview://https://www.cztv.com/liveTV/106,DEVICE_BROWSER_UNSUPPORTED,406,设备性能太弱，无法加载网页 · 线路 1/1,
Android 4.0.4,604,浙江新闻,web,webSourceM3U8/webview.txt:356,webview://https://www.cztv.com/liveTV/107,DEVICE_BROWSER_UNSUPPORTED,405,设备性能太弱，无法加载网页 · 线路 1/1,
Android 4.0.4,605,浙江少儿,web,webSourceM3U8/webview.txt:357,webview://https://www.cztv.com/liveTV/108,DEVICE_BROWSER_UNSUPPORTED,406,设备性能太弱，无法加载网页 · 线路 1/1,
Android 4.0.4,606,浙江国际,web,webSourceM3U8/webview.txt:358,webview://https://www.cztv.com/liveTV/110,DEVICE_BROWSER_UNSUPPORTED,411,设备性能太弱，无法加载网页 · 线路 1/1,
Android 4.0.4,607,浙江好易购,web,webSourceM3U8/webview.txt:359,webview://https://www.cztv.com/liveTV/111,DEVICE_BROWSER_UNSUPPORTED,407,设备性能太弱，无法加载网页 · 线路 1/1,
Android 4.0.4,608,浙江之江纪录,web,webSourceM3U8/webview.txt:360,webview://https://www.cztv.com/liveTV/112,DEVICE_BROWSER_UNSUPPORTED,421,设备性能太弱，无法加载网页 · 线路 1/1,
Android 4.0.4,609,杭州综合,web,webSourceM3U8/webview.txt:361,webview://https://tv.hoolo.tv/hzzh/,DEVICE_BROWSER_UNSUPPORTED,405,设备性能太弱，无法加载网页 · 线路 1/1,
Android 4.0.4,610,西湖明珠,web,webSourceM3U8/webview.txt:362,webview://https://tv.hoolo.tv/xhmz/,DEVICE_BROWSER_UNSUPPORTED,405,设备性能太弱，无法加载网页 · 线路 1/1,
Android 4.0.4,611,杭州生活,web,webSourceM3U8/webview.txt:363,webview://https://tv.hoolo.tv/hzsh/,DEVICE_BROWSER_UNSUPPORTED,405,设备性能太弱，无法加载网页 · 线路 1/1,
Android 4.0.4,612,杭州影视,web,webSourceM3U8/webview.txt:364,webview://https://tv.hoolo.tv/utv/,DEVICE_BROWSER_UNSUPPORTED,405,设备性能太弱，无法加载网页 · 线路 1/1,
Android 4.0.4,613,杭州青少体育,web,webSourceM3U8/webview.txt:365,webview://https://tv.hoolo.tv/hzse/,DEVICE_BROWSER_UNSUPPORTED,406,设备性能太弱，无法加载网页 · 线路 1/1,
Android 4.0.4,614,杭州文化,web,webSourceM3U8/webview.txt:366,webview://https://tv.hoolo.tv/whpd/,DEVICE_BROWSER_UNSUPPORTED,407,设备性能太弱，无法加载网页 · 线路 1/1,
Android 4.0.4,615,宁波-1,web,webSourceM3U8/webview.txt:367,webview://https://www.ncmc.nbtv.cn/gbds/folder8458/NBTV1/index.shtml,DEVICE_BROWSER_UNSUPPORTED,417,设备性能太弱，无法加载网页 · 线路 1/1,
Android 4.0.4,616,宁波-2,web,webSourceM3U8/webview.txt:368,webview://https://www.ncmc.nbtv.cn/gbds/folder8458/NBTV2/index.shtml,DEVICE_BROWSER_UNSUPPORTED,405,设备性能太弱，无法加载网页 · 线路 1/1,
Android 4.0.4,617,宁波-3,web,webSourceM3U8/webview.txt:369,webview://https://www.ncmc.nbtv.cn/gbds/folder8458/NBTV3/index.shtml,DEVICE_BROWSER_UNSUPPORTED,406,设备性能太弱，无法加载网页 · 线路 1/1,
Android 4.0.4,618,宁波-4,web,webSourceM3U8/webview.txt:370,webview://https://www.ncmc.nbtv.cn/gbds/folder8458/NBTV4/index.shtml,DEVICE_BROWSER_UNSUPPORTED,405,设备性能太弱，无法加载网页 · 线路 1/1,
Android 4.0.4,619,绍兴公共,web,webSourceM3U8/webview.txt:371,webview://https://www.shaoxing.com.cn/app/tv/78,DEVICE_BROWSER_UNSUPPORTED,406,设备性能太弱，无法加载网页 · 线路 1/1,
Android 4.0.4,620,绍兴新闻综合,web,webSourceM3U8/webview.txt:372,webview://https://www.shaoxing.com.cn/app/tv/74,DEVICE_BROWSER_UNSUPPORTED,406,设备性能太弱，无法加载网页 · 线路 1/1,
Android 4.0.4,621,绍兴文化影视,web,webSourceM3U8/webview.txt:373,webview://http://www.shaoxing.com.cn/app/tv/75,DEVICE_BROWSER_UNSUPPORTED,405,设备性能太弱，无法加载网页 · 线路 1/1,
Android 4.0.4,622,中国教育1 综合,web,webSourceM3U8/webview.txt:374,webview://https://www.yangshipin.cn/tv/home?pid=600171827,NATIVE_VIDEO_FRAMES,1215,直播播放中 · 线路 1/1,
Android 4.0.4,623,上海教育,web,webSourceM3U8/webview.txt:375,webview://https://www.setv.sh.cn/#/tvshow,DEVICE_BROWSER_UNSUPPORTED,407,设备性能太弱，无法加载网页 · 线路 1/1,
Android 4.0.4,624,武汉教育,web,webSourceM3U8/webview.txt:376,webview://https://ronghehao-h5.whjyapp.com/#/pages/live/tv,DEVICE_BROWSER_UNSUPPORTED,407,设备性能太弱，无法加载网页 · 线路 1/1,
Android 4.0.4,625,深圳卫视,web,webSourceM3U8/webview.txt:379,webview://https://www.sztv.com.cn/dianshi.shtml?id=7867&u-link=1,DEVICE_BROWSER_UNSUPPORTED,406,设备性能太弱，无法加载网页 · 线路 1/1,
Android 4.0.4,626,深圳卫视4K,web,webSourceM3U8/webview.txt:380,webview://https://www.sztv.com.cn/dianshi.shtml?id=24725&u-link=1,DEVICE_BROWSER_UNSUPPORTED,405,设备性能太弱，无法加载网页 · 线路 1/1,
Android 4.0.4,627,深圳都市,web,webSourceM3U8/webview.txt:381,webview://https://www.sztv.com.cn/dianshi.shtml?id=7868&u-link=1,DEVICE_BROWSER_UNSUPPORTED,405,设备性能太弱，无法加载网页 · 线路 1/1,
Android 4.0.4,628,深圳电视剧,web,webSourceM3U8/webview.txt:382,webview://https://www.sztv.com.cn/dianshi.shtml?id=7880&u-link=1,DEVICE_BROWSER_UNSUPPORTED,405,设备性能太弱，无法加载网页 · 线路 1/1,
Android 4.0.4,629,深圳国际,web,webSourceM3U8/webview.txt:383,webview://https://www.sztv.com.cn/dianshi.shtml?id=7944&u-link=1,DEVICE_BROWSER_UNSUPPORTED,405,设备性能太弱，无法加载网页 · 线路 1/1,
Android 4.0.4,630,成都新闻综合,web,webSourceM3U8/webview.txt:384,webview://https://www.cditv.cn/show/4845-563.html,DEVICE_BROWSER_UNSUPPORTED,408,设备性能太弱，无法加载网页 · 线路 1/1,
Android 4.0.4,631,成都经济咨询,web,webSourceM3U8/webview.txt:385,webview://https://www.cditv.cn/show/4845-562.html,DEVICE_BROWSER_UNSUPPORTED,405,设备性能太弱，无法加载网页 · 线路 1/1,
Android 4.0.4,632,成都都市生活,web,webSourceM3U8/webview.txt:386,webview://https://www.cditv.cn/show/4845-561.html,DEVICE_BROWSER_UNSUPPORTED,404,设备性能太弱，无法加载网页 · 线路 1/1,
Android 4.0.4,633,成都影视文艺,web,webSourceM3U8/webview.txt:387,webview://https://www.cditv.cn/show/4845-560.html,DEVICE_BROWSER_UNSUPPORTED,406,设备性能太弱，无法加载网页 · 线路 1/1,
Android 4.0.4,634,成都生活,web,webSourceM3U8/webview.txt:388,webview://https://www.cditv.cn/show/4845-559.html,DEVICE_BROWSER_UNSUPPORTED,406,设备性能太弱，无法加载网页 · 线路 1/1,
Android 4.0.4,635,成都少儿,web,webSourceM3U8/webview.txt:389,webview://https://www.cditv.cn/show/4845-558.html,DEVICE_BROWSER_UNSUPPORTED,422,设备性能太弱，无法加载网页 · 线路 1/1,
Android 4.0.4,636,成都蓉城先锋,web,webSourceM3U8/webview.txt:390,webview://https://www.cditv.cn/show/4845-592.html,DEVICE_BROWSER_UNSUPPORTED,407,设备性能太弱，无法加载网页 · 线路 1/1,
Android 4.0.4,637,简阳新闻综合,web,webSourceM3U8/webview.txt:391,webview://https://www.cditv.cn/show/4844-578.html,DEVICE_BROWSER_UNSUPPORTED,406,设备性能太弱，无法加载网页 · 线路 1/1,
Android 4.0.4,638,彭州综合,web,webSourceM3U8/webview.txt:392,webview://https://www.cditv.cn/show/4844-576.html,DEVICE_BROWSER_UNSUPPORTED,407,设备性能太弱，无法加载网页 · 线路 1/1,
Android 4.0.4,639,青白江电视,web,webSourceM3U8/webview.txt:393,webview://https://www.cditv.cn/show/4844-584.html,DEVICE_BROWSER_UNSUPPORTED,407,设备性能太弱，无法加载网页 · 线路 1/1,
Android 4.0.4,640,浦江电视,web,webSourceM3U8/webview.txt:394,webview://https://www.cditv.cn/show/4844-571.html,DEVICE_BROWSER_UNSUPPORTED,407,设备性能太弱，无法加载网页 · 线路 1/1,
Android 4.0.4,641,大邑电视,web,webSourceM3U8/webview.txt:395,webview://https://www.cditv.cn/show/4844-572.html,DEVICE_BROWSER_UNSUPPORTED,406,设备性能太弱，无法加载网页 · 线路 1/1,
Android 4.0.4,642,金堂电视,web,webSourceM3U8/webview.txt:396,webview://https://www.cditv.cn/show/4844-573.html,DEVICE_BROWSER_UNSUPPORTED,420,设备性能太弱，无法加载网页 · 线路 1/1,
Android 4.0.4,643,邛崃综合,web,webSourceM3U8/webview.txt:397,webview://https://www.cditv.cn/show/4844-575.html,DEVICE_BROWSER_UNSUPPORTED,405,设备性能太弱，无法加载网页 · 线路 1/1,
Android 4.0.4,644,双流综合,web,webSourceM3U8/webview.txt:398,webview://https://www.cditv.cn/show/4844-581.html,DEVICE_BROWSER_UNSUPPORTED,406,设备性能太弱，无法加载网页 · 线路 1/1,
Android 4.0.4,645,新都综合,web,webSourceM3U8/webview.txt:399,webview://https://www.cditv.cn/show/4844-583.html,DEVICE_BROWSER_UNSUPPORTED,405,设备性能太弱，无法加载网页 · 线路 1/1,
Android 4.0.4,646,成华有线,web,webSourceM3U8/webview.txt:400,webview://https://www.cditv.cn/show/4844-586.html,DEVICE_BROWSER_UNSUPPORTED,406,设备性能太弱，无法加载网页 · 线路 1/1,
Android 4.0.4,647,武侯电视,web,webSourceM3U8/webview.txt:401,webview://https://www.cditv.cn/show/4844-587.html,DEVICE_BROWSER_UNSUPPORTED,405,设备性能太弱，无法加载网页 · 线路 1/1,
Android 4.0.4,648,金牛,web,webSourceM3U8/webview.txt:402,webview://https://www.cditv.cn/show/4844-588.html,DEVICE_BROWSER_UNSUPPORTED,405,设备性能太弱，无法加载网页 · 线路 1/1,
Android 4.0.4,649,南江综合,web,webSourceM3U8/webview.txt:403,webview://https://web.guangdianyun.tv/tv/?id=1670&uin=1822,DEVICE_BROWSER_UNSUPPORTED,406,设备性能太弱，无法加载网页 · 线路 1/1,
Android 4.0.4,650,泸县综合,web,webSourceM3U8/webview.txt:404,webview://https://web.guangdianyun.tv/tv/?id=1645&uin=2392,DEVICE_BROWSER_UNSUPPORTED,647,设备性能太弱，无法加载网页 · 线路 1/1,
Android 4.0.4,651,绵竹综合,web,webSourceM3U8/webview.txt:405,webview://https://web.guangdianyun.tv/tv/?id=1933&uin=3277,DEVICE_BROWSER_UNSUPPORTED,404,设备性能太弱，无法加载网页 · 线路 1/1,
Android 4.0.4,652,射洪综合,web,webSourceM3U8/webview.txt:406,webview://https://web.guangdianyun.tv/tv/?id=391&uin=1743,DEVICE_BROWSER_UNSUPPORTED,404,设备性能太弱，无法加载网页 · 线路 1/1,
Android 4.0.4,653,内江综合,web,webSourceM3U8/webview.txt:407,webview://http://www.scnj.tv/plus/live/live.php?id=15948060915449&flag=1,DEVICE_BROWSER_UNSUPPORTED,405,设备性能太弱，无法加载网页 · 线路 1/1,
Android 4.0.4,654,泸州新闻综合,web,webSourceM3U8/webview.txt:408,webview://https://www.luzhoubs.com/lztv1/index.html,DEVICE_BROWSER_UNSUPPORTED,406,设备性能太弱，无法加载网页 · 线路 1/1,
Android 4.0.4,655,泸州科教生活,web,webSourceM3U8/webview.txt:409,webview://https://www.luzhoubs.com/lztv3/index.html,DEVICE_BROWSER_UNSUPPORTED,408,设备性能太弱，无法加载网页 · 线路 1/1,
Android 4.0.4,656,遂宁综合,web,webSourceM3U8/webview.txt:410,webview://https://www.snxw.com/suinMini/site/6642bf8360b26293fe689f04/6642d21860b26293fe689f4c,DEVICE_BROWSER_UNSUPPORTED,407,设备性能太弱，无法加载网页 · 线路 1/1,
Android 4.0.4,657,广元文化生活,web,webSourceM3U8/webview.txt:411,webview://https://m3u8.channel.dzsm.com/nmip-media/channellive/channel101257/playlist.m3u8,DEVICE_BROWSER_UNSUPPORTED,406,设备性能太弱，无法加载网页 · 线路 1/1,
Android 4.0.4,658,甘孜综合,web,webSourceM3U8/webview.txt:412,webview://https://www.ganzitv.com/cms/tv,DEVICE_BROWSER_UNSUPPORTED,406,设备性能太弱，无法加载网页 · 线路 1/1,
Android 4.0.4,659,雅安新闻综合,web,webSourceM3U8/webview.txt:413,webview://https://www.beiww.com/shiting,DEVICE_BROWSER_UNSUPPORTED,406,设备性能太弱，无法加载网页 · 线路 1/1,
Android 4.0.4,660,绵阳新闻综合,web,webSourceM3U8/webview.txt:414,webview://https://myntv.cn/html/zb/mytv1.asp,DEVICE_BROWSER_UNSUPPORTED,407,设备性能太弱，无法加载网页 · 线路 1/1,
Android 4.0.4,661,内蒙古卫视,web,webSourceM3U8/webview.txt:415,webview://https://www.nmtv.cn/liveTv?tag=内蒙古卫视,DEVICE_BROWSER_UNSUPPORTED,407,设备性能太弱，无法加载网页 · 线路 1/1,
Android 4.0.4,662,乌海都市生活,web,webSourceM3U8/webview.txt:416,webview://https://app.wuhainews.org.cn/folder17/share/live/?channel_id=9,DEVICE_BROWSER_UNSUPPORTED,406,设备性能太弱，无法加载网页 · 线路 1/1,
Android 4.0.4,663,赤峰经济服务,web,webSourceM3U8/webview.txt:417,webview://http://h5.cfrmw.cn/front-cloudlive-manage-h5/index.html?id=722728110696456192&company_id=1073#/,DEVICE_BROWSER_UNSUPPORTED,407,设备性能太弱，无法加载网页 · 线路 1/1,
Android 4.0.4,664,赤峰影视娱乐,web,webSourceM3U8/webview.txt:418,webview://http://h5.cfrmw.cn/front-cloudlive-manage-h5/index.html?id=722728404075438080&company_id=1073#/,DEVICE_BROWSER_UNSUPPORTED,406,设备性能太弱，无法加载网页 · 线路 1/1,
Android 4.0.4,665,乌兰察布经济生活,web,webSourceM3U8/webview.txt:419,webview://https://res.wrbtv.cn/html/rft/live.html?channelId=f5c8509c3b7b4c76b691d1863be29d27&type=1&siteId=82dcdad6b80b4f2d8a13067e5fce2e7a&shareAppId=82dcdad6b80b4f2d8a13067e5fce2e7a,DEVICE_BROWSER_UNSUPPORTED,406,设备性能太弱，无法加载网页 · 线路 1/1,
Android 4.4.4,0,凤凰中文台,ku9,cjs/k-web/fenghuang.txt:1,https://raw.githubusercontent.com/TvWasm/cjs/main/k-web/ku9/js/fenghuang.js?id=1016529,NATIVE_VIDEO_FRAMES,3996,直播播放中 · 线路 1/1,bd1431cef84efafb196e6fa118b0177eeaae0f1e40866497248289c416e688dc
Android 4.4.4,1,福建综合,ku9,cjs/k-web/fjtv.txt:1,https://raw.githubusercontent.com/TvWasm/cjs/main/k-web/ku9/js/fjtv.js?id=zhpd,NATIVE_VIDEO_FRAMES,2058,直播播放中 · 线路 1/1,fd9aca6f177ab632b4ae5c0e38a008159c7ff66bd5516a7a1fee195a22caeda4
Android 4.4.4,2,东南卫视,ku9,cjs/k-web/fjtv.txt:2,https://raw.githubusercontent.com/TvWasm/cjs/main/k-web/ku9/js/fjtv.js?id=setv,NATIVE_VIDEO_FRAMES,2515,直播播放中 · 线路 1/1,fd9aca6f177ab632b4ae5c0e38a008159c7ff66bd5516a7a1fee195a22caeda4
Android 4.4.4,3,福建新闻,ku9,cjs/k-web/fjtv.txt:3,https://raw.githubusercontent.com/TvWasm/cjs/main/k-web/ku9/js/fjtv.js?id=xwpd,NATIVE_VIDEO_FRAMES,2094,直播播放中 · 线路 1/1,fd9aca6f177ab632b4ae5c0e38a008159c7ff66bd5516a7a1fee195a22caeda4
Android 4.4.4,4,福建文旅体育,ku9,cjs/k-web/fjtv.txt:4,https://raw.githubusercontent.com/TvWasm/cjs/main/k-web/ku9/js/fjtv.js?id=dspd,NATIVE_VIDEO_FRAMES,2079,直播播放中 · 线路 1/1,fd9aca6f177ab632b4ae5c0e38a008159c7ff66bd5516a7a1fee195a22caeda4
Android 4.4.4,5,福建少儿,ku9,cjs/k-web/fjtv.txt:5,https://raw.githubusercontent.com/TvWasm/cjs/main/k-web/ku9/js/fjtv.js?id=sepd,NATIVE_VIDEO_FRAMES,1682,直播播放中 · 线路 1/1,fd9aca6f177ab632b4ae5c0e38a008159c7ff66bd5516a7a1fee195a22caeda4
Android 4.4.4,6,海峡卫视,ku9,cjs/k-web/fjtv.txt:6,https://raw.githubusercontent.com/TvWasm/cjs/main/k-web/ku9/js/fjtv.js?id=hxtv,NATIVE_VIDEO_FRAMES,2510,直播播放中 · 线路 1/1,fd9aca6f177ab632b4ae5c0e38a008159c7ff66bd5516a7a1fee195a22caeda4
Android 4.4.4,7,河北卫视,ku9,cjs/k-web/hebtv.txt:1,https://raw.githubusercontent.com/TvWasm/cjs/main/k-web/ku9/js/hebtv.js?id=hbws,NATIVE_VIDEO_FRAMES,2498,直播播放中 · 线路 1/1,58a863df323a07c9b0b0120e44449716ac4ba7dd5f261a83595b543b1a183c38
Android 4.4.4,8,河北经济生活,ku9,cjs/k-web/hebtv.txt:2,https://raw.githubusercontent.com/TvWasm/cjs/main/k-web/ku9/js/hebtv.js?id=jjsh,NATIVE_VIDEO_FRAMES,1249,直播播放中 · 线路 1/1,58a863df323a07c9b0b0120e44449716ac4ba7dd5f261a83595b543b1a183c38
Android 4.4.4,9,河北都市,ku9,cjs/k-web/hebtv.txt:3,https://raw.githubusercontent.com/TvWasm/cjs/main/k-web/ku9/js/hebtv.js?id=hbds,NATIVE_VIDEO_FRAMES,1669,直播播放中 · 线路 1/1,58a863df323a07c9b0b0120e44449716ac4ba7dd5f261a83595b543b1a183c38
Android 4.4.4,10,河北文旅体育,ku9,cjs/k-web/hebtv.txt:4,https://raw.githubusercontent.com/TvWasm/cjs/main/k-web/ku9/js/hebtv.js?id=wlty,NATIVE_VIDEO_FRAMES,1257,直播播放中 · 线路 1/1,58a863df323a07c9b0b0120e44449716ac4ba7dd5f261a83595b543b1a183c38
Android 4.4.4,11,河北少儿科教,ku9,cjs/k-web/hebtv.txt:5,https://raw.githubusercontent.com/TvWasm/cjs/main/k-web/ku9/js/hebtv.js?id=sekj,NATIVE_VIDEO_FRAMES,1251,直播播放中 · 线路 1/1,58a863df323a07c9b0b0120e44449716ac4ba7dd5f261a83595b543b1a183c38
Android 4.4.4,12,河北三农,ku9,cjs/k-web/hebtv.txt:6,https://raw.githubusercontent.com/TvWasm/cjs/main/k-web/ku9/js/hebtv.js?id=sannong,NATIVE_VIDEO_FRAMES,1243,直播播放中 · 线路 1/1,58a863df323a07c9b0b0120e44449716ac4ba7dd5f261a83595b543b1a183c38
Android 4.4.4,13,河北三佳购物,ku9,cjs/k-web/hebtv.txt:7,https://raw.githubusercontent.com/TvWasm/cjs/main/k-web/ku9/js/hebtv.js?id=sjgw,NATIVE_VIDEO_FRAMES,1630,直播播放中 · 线路 1/1,58a863df323a07c9b0b0120e44449716ac4ba7dd5f261a83595b543b1a183c38
Android 4.4.4,14,吉林卫视,ku9,cjs/k-web/jltv.txt:1,https://raw.githubusercontent.com/TvWasm/cjs/main/k-web/ku9/js/jltv.js?id=jlws,NATIVE_VIDEO_FRAMES,3328,直播播放中 · 线路 1/1,758c1dd16e52db20e2a41cee153419e2c8395bbad2e0c1423a3bee69571f4d8c
Android 4.4.4,15,吉林都市,ku9,cjs/k-web/jltv.txt:2,https://raw.githubusercontent.com/TvWasm/cjs/main/k-web/ku9/js/jltv.js?id=ds,NATIVE_VIDEO_FRAMES,2466,直播播放中 · 线路 1/1,758c1dd16e52db20e2a41cee153419e2c8395bbad2e0c1423a3bee69571f4d8c
Android 4.4.4,16,吉林生活,ku9,cjs/k-web/jltv.txt:3,https://raw.githubusercontent.com/TvWasm/cjs/main//k-web/ku9/js/jltv.js?id=sh,NATIVE_VIDEO_FRAMES,2884,直播播放中 · 线路 1/1,758c1dd16e52db20e2a41cee153419e2c8395bbad2e0c1423a3bee69571f4d8c
Android 4.4.4,17,吉林影视,ku9,cjs/k-web/jltv.txt:4,https://raw.githubusercontent.com/TvWasm/cjs/main//k-web/ku9/js/jltv.js?id=ys,NATIVE_VIDEO_FRAMES,2945,直播播放中 · 线路 1/1,758c1dd16e52db20e2a41cee153419e2c8395bbad2e0c1423a3bee69571f4d8c
Android 4.4.4,18,吉林乡村,ku9,cjs/k-web/jltv.txt:5,https://raw.githubusercontent.com/TvWasm/cjs/main//k-web/ku9/js/jltv.js?id=xc,NATIVE_VIDEO_FRAMES,2883,直播播放中 · 线路 1/1,758c1dd16e52db20e2a41cee153419e2c8395bbad2e0c1423a3bee69571f4d8c
Android 4.4.4,19,吉林综艺文化,ku9,cjs/k-web/jltv.txt:6,https://raw.githubusercontent.com/TvWasm/cjs/main//k-web/ku9/js/jltv.js?id=zy,NATIVE_VIDEO_FRAMES,3379,直播播放中 · 线路 1/1,758c1dd16e52db20e2a41cee153419e2c8395bbad2e0c1423a3bee69571f4d8c
Android 4.4.4,20,长春综合,ku9,cjs/k-web/jltv.txt:7,https://raw.githubusercontent.com/TvWasm/cjs/main//k-web/ku9/js/jltv.js?id=cc,NATIVE_VIDEO_FRAMES,1775,直播播放中 · 线路 1/1,758c1dd16e52db20e2a41cee153419e2c8395bbad2e0c1423a3bee69571f4d8c
Android 4.4.4,21,江西卫视,ku9,cjs/k-web/jxntv.txt:1,https://raw.githubusercontent.com/TvWasm/cjs/main/k-web/ku9/js/jxntv.js?id=jxtv1,NATIVE_VIDEO_FRAMES,2528,直播播放中 · 线路 1/1,c38ffe43d1158029aaca5c4081d0b7ad4556e94003c825167c355e725e607338
Android 4.4.4,22,江西都市,ku9,cjs/k-web/jxntv.txt:2,https://raw.githubusercontent.com/TvWasm/cjs/main/k-web/ku9/js/jxntv.js?id=jxtv2,NATIVE_VIDEO_FRAMES,1690,直播播放中 · 线路 1/1,c38ffe43d1158029aaca5c4081d0b7ad4556e94003c825167c355e725e607338
Android 4.4.4,23,江西经济生活,ku9,cjs/k-web/jxntv.txt:3,https://raw.githubusercontent.com/TvWasm/cjs/main/k-web/ku9/js/jxntv.js?id=jxtv3,NATIVE_VIDEO_FRAMES,2075,直播播放中 · 线路 1/1,c38ffe43d1158029aaca5c4081d0b7ad4556e94003c825167c355e725e607338
Android 4.4.4,24,江西公共农业,ku9,cjs/k-web/jxntv.txt:4,https://raw.githubusercontent.com/TvWasm/cjs/main/k-web/ku9/js/jxntv.js?id=jxtv5,NATIVE_VIDEO_FRAMES,2063,直播播放中 · 线路 1/1,c38ffe43d1158029aaca5c4081d0b7ad4556e94003c825167c355e725e607338
Android 4.4.4,25,江西少儿,ku9,cjs/k-web/jxntv.txt:5,https://raw.githubusercontent.com/TvWasm/cjs/main/k-web/ku9/js/jxntv.js?id=jxtv6,NATIVE_VIDEO_FRAMES,1656,直播播放中 · 线路 1/1,c38ffe43d1158029aaca5c4081d0b7ad4556e94003c825167c355e725e607338
Android 4.4.4,26,江西新闻,ku9,cjs/k-web/jxntv.txt:6,https://raw.githubusercontent.com/TvWasm/cjs/main/k-web/ku9/js/jxntv.js?id=jxtv7,NATIVE_VIDEO_FRAMES,2460,直播播放中 · 线路 1/1,c38ffe43d1158029aaca5c4081d0b7ad4556e94003c825167c355e725e607338
Android 4.4.4,27,江西移动电视,ku9,cjs/k-web/jxntv.txt:7,https://raw.githubusercontent.com/TvWasm/cjs/main/k-web/ku9/js/jxntv.js?id=jxtv8,NATIVE_VIDEO_FRAMES,2476,直播播放中 · 线路 1/1,c38ffe43d1158029aaca5c4081d0b7ad4556e94003c825167c355e725e607338
Android 4.4.4,28,陶瓷频道,ku9,cjs/k-web/jxntv.txt:8,https://raw.githubusercontent.com/TvWasm/cjs/main/k-web/ku9/js/jxntv.js?id=tcpd,NATIVE_VIDEO_FRAMES,2105,直播播放中 · 线路 1/1,c38ffe43d1158029aaca5c4081d0b7ad4556e94003c825167c355e725e607338
Android 4.4.4,29,CCTV4K,ku9,webSourceM3U8/k-web/ku9.txt:1,https://gh-proxy.org/https://raw.githubusercontent.com/buhanzhe/webSourceM3U8/main/k-web/ku9/js/hnyx.js?id=CCTV_4K&dur=10.001&offset=162424040,NATIVE_VIDEO_FRAMES,2063,直播播放中 · 线路 1/1,62ebbed9ee092b2f5a3d96ab703e22c6029858cd86e6683e494f0a76b1b3af3c
Android 4.4.4,30,CCTV16-4K,ku9,webSourceM3U8/k-web/ku9.txt:2,https://gh-proxy.org/https://raw.githubusercontent.com/buhanzhe/webSourceM3U8/main/k-web/ku9/js/hnyx.js?id=CCTV16_4K&dur=10.005&offset=163467306,NATIVE_VIDEO_FRAMES,1673,直播播放中 · 线路 1/1,62ebbed9ee092b2f5a3d96ab703e22c6029858cd86e6683e494f0a76b1b3af3c
Android 4.4.4,31,东方卫视4K,ku9,webSourceM3U8/k-web/ku9.txt:3,https://gh-proxy.org/https://raw.githubusercontent.com/buhanzhe/webSourceM3U8/main/k-web/ku9/js/hnyx.js?id=dfws4K&dur=10.0066&offset=175802900,NATIVE_VIDEO_FRAMES,1668,直播播放中 · 线路 1/1,62ebbed9ee092b2f5a3d96ab703e22c6029858cd86e6683e494f0a76b1b3af3c
Android 4.4.4,32,广东卫视4K,ku9,webSourceM3U8/k-web/ku9.txt:4,https://gh-proxy.org/https://raw.githubusercontent.com/buhanzhe/webSourceM3U8/main/k-web/ku9/js/hnyx.js?id=gdws4K&dur=10.001&offset=175896974,NATIVE_VIDEO_FRAMES,2067,直播播放中 · 线路 1/1,62ebbed9ee092b2f5a3d96ab703e22c6029858cd86e6683e494f0a76b1b3af3c
Android 4.4.4,33,湖南卫视4K,ku9,webSourceM3U8/k-web/ku9.txt:5,https://gh-proxy.org/https://raw.githubusercontent.com/buhanzhe/webSourceM3U8/main/k-web/ku9/js/hnyx.js?id=hnws4K&dur=10.0066&offset=175789332,NATIVE_VIDEO_FRAMES,2042,直播播放中 · 线路 1/1,62ebbed9ee092b2f5a3d96ab703e22c6029858cd86e6683e494f0a76b1b3af3c
Android 4.4.4,34,江苏卫视4K,ku9,webSourceM3U8/k-web/ku9.txt:6,https://gh-proxy.org/https://raw.githubusercontent.com/buhanzhe/webSourceM3U8/main/k-web/ku9/js/hnyx.js?id=jsws4K&dur=10.025&offset=175470420,NATIVE_VIDEO_FRAMES,1248,直播播放中 · 线路 1/1,62ebbed9ee092b2f5a3d96ab703e22c6029858cd86e6683e494f0a76b1b3af3c
Android 4.4.4,35,四川卫视4K,ku9,webSourceM3U8/k-web/ku9.txt:7,https://gh-proxy.org/https://raw.githubusercontent.com/buhanzhe/webSourceM3U8/main/k-web/ku9/js/hnyx.js?id=scws4K&dur=10.032&offset=175363868,NATIVE_VIDEO_FRAMES,2065,直播播放中 · 线路 1/1,62ebbed9ee092b2f5a3d96ab703e22c6029858cd86e6683e494f0a76b1b3af3c
Android 4.4.4,36,山东卫视4K,ku9,webSourceM3U8/k-web/ku9.txt:8,https://gh-proxy.org/https://raw.githubusercontent.com/buhanzhe/webSourceM3U8/main/k-web/ku9/js/hnyx.js?id=sdws4K&dur=10.0105&offset=175728436,NATIVE_VIDEO_FRAMES,1647,直播播放中 · 线路 1/1,62ebbed9ee092b2f5a3d96ab703e22c6029858cd86e6683e494f0a76b1b3af3c
Android 4.4.4,37,深圳卫视4K,ku9,webSourceM3U8/k-web/ku9.txt:9,https://gh-proxy.org/https://raw.githubusercontent.com/buhanzhe/webSourceM3U8/main/k-web/ku9/js/hnyx.js?id=szws4K&dur=10.005&offset=175081932,NATIVE_VIDEO_FRAMES,2907,直播播放中 · 线路 1/1,62ebbed9ee092b2f5a3d96ab703e22c6029858cd86e6683e494f0a76b1b3af3c
Android 4.4.4,38,浙江卫视4K,ku9,webSourceM3U8/k-web/ku9.txt:10,https://gh-proxy.org/https://raw.githubusercontent.com/buhanzhe/webSourceM3U8/main/k-web/ku9/js/hnyx.js?id=zjws4K&dur=10.0105&offset=175728140,NATIVE_VIDEO_FRAMES,2088,直播播放中 · 线路 1/1,62ebbed9ee092b2f5a3d96ab703e22c6029858cd86e6683e494f0a76b1b3af3c
Android 4.4.4,39,吉林卫视,ku9,webSourceM3U8/k-web/ku9.txt:11,https://gh-proxy.org/https://raw.githubusercontent.com/buhanzhe/webSourceM3U8/main/k-web/ku9/js/jlntv.js?id=jlws,NATIVE_VIDEO_FRAMES,2965,直播播放中 · 线路 1/1,6edb44a9ab6c9bb2ec159fbd174a1422c11b9b1e576d3de35d8b3eb58e21643a
Android 4.4.4,40,吉林都市,ku9,webSourceM3U8/k-web/ku9.txt:12,https://gh-proxy.org/https://raw.githubusercontent.com/buhanzhe/webSourceM3U8/main/k-web/ku9/js/jlntv.js?id=ds,NATIVE_VIDEO_FRAMES,2519,直播播放中 · 线路 1/1,6edb44a9ab6c9bb2ec159fbd174a1422c11b9b1e576d3de35d8b3eb58e21643a
Android 4.4.4,41,吉林生活,ku9,webSourceM3U8/k-web/ku9.txt:13,https://gh-proxy.org/https://raw.githubusercontent.com/buhanzhe/webSourceM3U8/main/k-web/ku9/js/jlntv.js?id=sh,NATIVE_VIDEO_FRAMES,2883,直播播放中 · 线路 1/1,6edb44a9ab6c9bb2ec159fbd174a1422c11b9b1e576d3de35d8b3eb58e21643a
Android 4.4.4,42,吉林影视,ku9,webSourceM3U8/k-web/ku9.txt:14,https://gh-proxy.org/https://raw.githubusercontent.com/buhanzhe/webSourceM3U8/main/k-web/ku9/js/jlntv.js?id=ys,NATIVE_VIDEO_FRAMES,2885,直播播放中 · 线路 1/1,6edb44a9ab6c9bb2ec159fbd174a1422c11b9b1e576d3de35d8b3eb58e21643a
Android 4.4.4,43,吉林乡村,ku9,webSourceM3U8/k-web/ku9.txt:15,https://gh-proxy.org/https://raw.githubusercontent.com/buhanzhe/webSourceM3U8/main/k-web/ku9/js/jlntv.js?id=xc,NATIVE_VIDEO_FRAMES,2906,直播播放中 · 线路 1/1,6edb44a9ab6c9bb2ec159fbd174a1422c11b9b1e576d3de35d8b3eb58e21643a
Android 4.4.4,44,吉林综艺文化,ku9,webSourceM3U8/k-web/ku9.txt:16,https://gh-proxy.org/https://raw.githubusercontent.com/buhanzhe/webSourceM3U8/main/k-web/ku9/js/jlntv.js?id=zy,NATIVE_VIDEO_FRAMES,2481,直播播放中 · 线路 1/1,6edb44a9ab6c9bb2ec159fbd174a1422c11b9b1e576d3de35d8b3eb58e21643a
Android 4.4.4,45,长春综合,ku9,webSourceM3U8/k-web/ku9.txt:17,https://gh-proxy.org/https://raw.githubusercontent.com/buhanzhe/webSourceM3U8/main/k-web/ku9/js/jlntv.js?id=cc,NATIVE_VIDEO_FRAMES,1671,直播播放中 · 线路 1/1,6edb44a9ab6c9bb2ec159fbd174a1422c11b9b1e576d3de35d8b3eb58e21643a
Android 4.4.4,46,凤凰中文台,ku9,webSourceM3U8/k-web/ku9.txt:18,https://gh-proxy.org/https://raw.githubusercontent.com/buhanzhe/webSourceM3U8/main/k-web/ku9/js/fenghuang.js?id=1016529,NATIVE_VIDEO_FRAMES,1642,直播播放中 · 线路 1/1,f16ea4dca714e5dd7e21eeeaeb40c5ed18e6f3aa074ad465973a6d8d15b3c524
Android 4.4.4,47,本地js1,ku9,webSourceM3U8/k-web/ku9.txt:21,http://A/ku9/js/hnyx.js?id=CCTV_4K&dur=10.001&offset=162424040,NATIVE_VIDEO_FRAMES,2050,直播播放中 · 线路 1/1,62ebbed9ee092b2f5a3d96ab703e22c6029858cd86e6683e494f0a76b1b3af3c
Android 4.4.4,48,本地js2,ku9,webSourceM3U8/k-web/ku9.txt:22,http://A/ku9/js/hnyx.js?id=CCTV16_4K&dur=10.005&offset=163467306,NATIVE_VIDEO_FRAMES,1320,直播播放中 · 线路 1/1,62ebbed9ee092b2f5a3d96ab703e22c6029858cd86e6683e494f0a76b1b3af3c
Android 4.4.4,49,重庆js,ku9,webSourceM3U8/k-web/ku9.txt:23,https://gh-proxy.org/https://raw.githubusercontent.com/buhanzhe/webSourceM3U8/main/k-web/ku9/js/cbg.js?id=https://sj.cbg.cn/wap/list/4918/1.html,NO_PLAYBACK_OBSERVED,20200,线路播放失败，当前频道没有备用线路 · 线路 1/1,a63aded9a406cb4131336f9a8e7ffc796708994448e1a0fdea0008a823fdbb47
Android 4.4.4,50,凤凰中文,ku9,public/20250403.txt:1,http://A/ku9/js/fengh.js?id=fhzw,NO_PLAYBACK_OBSERVED,20003,线路播放失败，当前频道没有备用线路 · 线路 1/1,ad6c4d30cc6d3801e847281512cf3d8b2b19089c08d85bcc69011f69cb5a98b9
Android 4.4.4,51,凤凰资讯,ku9,public/20250403.txt:2,http://A/ku9/js/fengh.js?id=fhzx,NO_PLAYBACK_OBSERVED,20144,线路播放失败，当前频道没有备用线路 · 线路 1/1,ad6c4d30cc6d3801e847281512cf3d8b2b19089c08d85bcc69011f69cb5a98b9
Android 4.4.4,52,CCTV-1,ku9,public/20250403.txt:4,http://A/ku9/js/ku9js.js?id=https://tv.cctv.com/live/cctv1/,NO_PLAYBACK_OBSERVED,45321,网页已打开 · 可在管理页开启飞鼠 · 线路 1/1,529c705bda0902ff0991aeb278b6d9b08e812ce772ca8c92190254e86aa9e960
Android 4.4.4,53,CCTV-2,ku9,public/20250403.txt:5,http://A/ku9/js/ku9js.js?id=https://tv.cctv.com/live/cctv2/,NO_PLAYBACK_OBSERVED,45244,网页已打开 · 可在管理页开启飞鼠 · 线路 1/1,529c705bda0902ff0991aeb278b6d9b08e812ce772ca8c92190254e86aa9e960
Android 4.4.4,54,新疆卫视,ku9,public/20250403.txt:79,http://A/ku9/js/xjtv.js?id=xjws,RESOLVE_FAILED,444,酷9脚本结果无效: 酷9脚本没有返回可播放地址 · 线路 1/1,d1c61f8e6ff59b547493fce1f5bc7c5bc1f246e65e446186f99509e579b18117
Android 4.4.4,55,云南卫视,ku9,public/20250403.txt:80,http://A/ku9/js/yn.js?id=ynws,NO_PLAYBACK_OBSERVED,20160,线路播放失败，当前频道没有备用线路 · 线路 1/1,c456a1ab9e566d13958dc1c7800f872d35de5da5b8ee5bac089a02c5774f6d78
Android 4.4.4,56,新疆维语综合,ku9,public/20250403.txt:87,http://A/ku9/js/xjtv.js?id=xjwyzh,RESOLVE_FAILED,436,酷9脚本结果无效: 酷9脚本没有返回可播放地址 · 线路 1/1,d1c61f8e6ff59b547493fce1f5bc7c5bc1f246e65e446186f99509e579b18117
Android 4.4.4,57,西湖明珠,ku9,public/20250403.txt:97,http://A/ku9/js/hztv.js?id=hzmz,NATIVE_VIDEO_FRAMES,2121,直播播放中 · 线路 1/1,05c30f24ebbda47356e658935c4df5b9ca671f1e078d26b76f172ca243a34303
Android 4.4.4,58,杭州生活,ku9,public/20250403.txt:98,http://A/ku9/js/hztv.js?id=hzsh,NATIVE_VIDEO_FRAMES,1662,直播播放中 · 线路 1/1,05c30f24ebbda47356e658935c4df5b9ca671f1e078d26b76f172ca243a34303
Android 4.4.4,59,南昌综合,ku9,public/20250403.txt:103,http://A/ku9/js/jxtv.js?id=nczh,NO_PLAYBACK_OBSERVED,20245,正在解析酷9源 · 线路 1/1,1354c307129124b07730721a9d58bead022bc6087e20cfca2dde6f1a661a4adc
Android 4.4.4,60,南昌文旅,ku9,public/20250403.txt:104,http://A/ku9/js/jxtv.js?id=ncds,NO_PLAYBACK_OBSERVED,20178,正在解析酷9源 · 线路 1/1,1354c307129124b07730721a9d58bead022bc6087e20cfca2dde6f1a661a4adc
Android 4.4.4,61,云南都市,ku9,public/20250403.txt:106,http://A/ku9/js/yn.js?id=ynds,NO_PLAYBACK_OBSERVED,20154,线路播放失败，当前频道没有备用线路 · 线路 1/1,c456a1ab9e566d13958dc1c7800f872d35de5da5b8ee5bac089a02c5774f6d78
Android 4.4.4,62,CCTV1综合,ku9,public/ku9js\localData\酷9咪咕直播HD源.txt:109,https://gitee.com/smalltown240730/240730/raw/master/ku9js/k-web/ku9/js/miguhd.js?id=608807420,RESOLVE_FAILED,832,酷9脚本结果无效: 酷9脚本没有返回可播放地址 · 线路 1/1,e0cbefa09b312f8d8613db010954445189643e8003b4efd3fee8f0c148e420c1
Android 4.4.4,63,CCTV2财经,ku9,public/ku9js\localData\酷9咪咕直播HD源.txt:110,https://gitee.com/smalltown240730/240730/raw/master/ku9js/k-web/ku9/js/miguhd.js?id=631780532,RESOLVE_FAILED,429,酷9脚本结果无效: 酷9脚本没有返回可播放地址 · 线路 1/1,e0cbefa09b312f8d8613db010954445189643e8003b4efd3fee8f0c148e420c1
Android 4.4.4,64,CCTV1综合,ku9,public/ku9js\localData\酷9快直播js源.txt:1,http://A/ku9/js/kzbtv.js?id=484,RESOLVE_FAILED,1684,酷9脚本结果无效: 酷9脚本没有返回可播放地址 · 线路 1/1,d564d50ee65865106a286324844e7f0feaf0027b15f55c9afbf1aa122107f87a
Android 4.4.4,65,CCTV2财经,ku9,public/ku9js\localData\酷9快直播js源.txt:2,http://A/ku9/js/kzbtv.js?id=485,RESOLVE_FAILED,426,酷9脚本结果无效: 酷9脚本没有返回可播放地址 · 线路 1/1,d564d50ee65865106a286324844e7f0feaf0027b15f55c9afbf1aa122107f87a
Android 4.4.4,66,CCTV1,ku9,public/ku9js\localData\酷9移动js源.txt:1,http://A/PLTV/ku9/js/yditv.js?cid=bestzb&key=5000000001000004953$4M FHD,RESOLVE_FAILED,425,酷9脚本地址格式错误 · 线路 1/1,e4fb83737e146ae26c94998596a382caf8f11264f2a44eb73c467b2a4a06474a
Android 4.4.4,67,CCTV1,ku9,public/ku9js\localData\酷9移动js源.txt:2,http://A/PLTV/ku9/js/yditv.js?cid=bestzb&key=5000000004000002226$8M FHD,RESOLVE_FAILED,428,酷9脚本地址格式错误 · 线路 1/1,e4fb83737e146ae26c94998596a382caf8f11264f2a44eb73c467b2a4a06474a
Android 4.4.4,68,凤凰中文,ku9,public/ku9js\localData\酷9网页直播js源.txt:95,https://gitee.com/smalltown240730/240730/raw/master/ku9js/k-web/ku9/js/ph720.js?id=fhzw,NO_PLAYBACK_OBSERVED,20152,线路播放失败，当前频道没有备用线路 · 线路 1/1,8bed98d13e8e237b99120220223aba7619b21d43f39cb9cbba9e95ba8729321c
Android 4.4.4,69,凤凰资讯,ku9,public/ku9js\localData\酷9网页直播js源.txt:96,https://gitee.com/smalltown240730/240730/raw/master/ku9js/k-web/ku9/js/ph720.js?id=fhzx,NO_PLAYBACK_OBSERVED,20145,线路播放失败，当前频道没有备用线路 · 线路 1/1,8bed98d13e8e237b99120220223aba7619b21d43f39cb9cbba9e95ba8729321c
Android 4.4.4,70,凤凰中文,ku9,public/ku9js\localData\酷9网页直播js源.txt:98,https://gitee.com/smalltown240730/240730/raw/master/ku9js/k-web/ku9/js/phoenix.js?id=fhzw,NO_PLAYBACK_OBSERVED,20148,线路播放失败，当前频道没有备用线路 · 线路 1/1,ad6c4d30cc6d3801e847281512cf3d8b2b19089c08d85bcc69011f69cb5a98b9
Android 4.4.4,71,凤凰资讯,ku9,public/ku9js\localData\酷9网页直播js源.txt:99,https://gitee.com/smalltown240730/240730/raw/master/ku9js/k-web/ku9/js/phoenix.js?id=fhzx,NO_PLAYBACK_OBSERVED,20166,线路播放失败，当前频道没有备用线路 · 线路 1/1,ad6c4d30cc6d3801e847281512cf3d8b2b19089c08d85bcc69011f69cb5a98b9
Android 4.4.4,72,CCTV-1 综合,cjs,cjs/cmg.m3u:1,https://raw.githubusercontent.com/TvWasm/cjs/main/cmg.cjs?id=600001859,NATIVE_VIDEO_FRAMES,5610,直播播放中 · 线路 1/1,
Android 4.4.4,73,CCTV-2 财经,cjs,cjs/cmg.m3u:2,https://raw.githubusercontent.com/TvWasm/cjs/main/cmg.cjs?id=600001800,NATIVE_VIDEO_FRAMES,6198,直播播放中 · 线路 1/1,
Android 4.4.4,74,CCTV-3 综艺,cjs,cjs/cmg.m3u:3,https://raw.githubusercontent.com/TvWasm/cjs/main/cmg.cjs?id=600001801,NATIVE_VIDEO_FRAMES,6255,直播播放中 · 线路 1/1,
Android 4.4.4,75,CCTV-4 中文国际（亚）,cjs,cjs/cmg.m3u:4,https://raw.githubusercontent.com/TvWasm/cjs/main/cmg.cjs?id=600001814,NATIVE_VIDEO_FRAMES,7481,直播播放中 · 线路 1/1,
Android 4.4.4,76,CCTV-5 体育,cjs,cjs/cmg.m3u:5,https://raw.githubusercontent.com/TvWasm/cjs/main/cmg.cjs?id=600001818,NATIVE_VIDEO_FRAMES,5799,直播播放中 · 线路 1/1,
Android 4.4.4,77,CCTV-6 电影,cjs,cjs/cmg.m3u:6,https://raw.githubusercontent.com/TvWasm/cjs/main/cmg.cjs?id=600108442,NATIVE_VIDEO_FRAMES,4155,直播播放中 · 线路 1/1,
Android 4.4.4,78,CCTV-7 国防军事,cjs,cjs/cmg.m3u:7,https://raw.githubusercontent.com/TvWasm/cjs/main/cmg.cjs?id=600004092,NATIVE_VIDEO_FRAMES,5455,直播播放中 · 线路 1/1,
Android 4.4.4,79,CCTV-8 电视剧,cjs,cjs/cmg.m3u:8,https://raw.githubusercontent.com/TvWasm/cjs/main/cmg.cjs?id=600001803,NATIVE_VIDEO_FRAMES,7113,直播播放中 · 线路 1/1,
Android 4.4.4,80,CCTV-9 纪录,cjs,cjs/cmg.m3u:9,https://raw.githubusercontent.com/TvWasm/cjs/main/cmg.cjs?id=600004078,NATIVE_VIDEO_FRAMES,6796,直播播放中 · 线路 1/1,
Android 4.4.4,81,CCTV-10 科教,cjs,cjs/cmg.m3u:10,https://raw.githubusercontent.com/TvWasm/cjs/main/cmg.cjs?id=600001805,NATIVE_VIDEO_FRAMES,5029,直播播放中 · 线路 1/1,
Android 4.4.4,82,CCTV-11 戏曲,cjs,cjs/cmg.m3u:11,https://raw.githubusercontent.com/TvWasm/cjs/main/cmg.cjs?id=600001806,NATIVE_VIDEO_FRAMES,8633,直播播放中 · 线路 1/1,
Android 4.4.4,83,CCTV-12 社会与法,cjs,cjs/cmg.m3u:12,https://raw.githubusercontent.com/TvWasm/cjs/main/cmg.cjs?id=600001807,NATIVE_VIDEO_FRAMES,6295,直播播放中 · 线路 1/1,
Android 4.4.4,84,CCTV-13 新闻,cjs,cjs/cmg.m3u:13,https://raw.githubusercontent.com/TvWasm/cjs/main/cmg.cjs?id=600001811,NATIVE_VIDEO_FRAMES,8969,直播播放中 · 线路 1/1,
Android 4.4.4,85,CCTV-14 少儿,cjs,cjs/cmg.m3u:14,https://raw.githubusercontent.com/TvWasm/cjs/main/cmg.cjs?id=600001809,NATIVE_VIDEO_FRAMES,4598,直播播放中 · 线路 1/1,
Android 4.4.4,86,CCTV-15 音乐,cjs,cjs/cmg.m3u:15,https://raw.githubusercontent.com/TvWasm/cjs/main/cmg.cjs?id=600001815,NATIVE_VIDEO_FRAMES,5010,直播播放中 · 线路 1/1,
Android 4.4.4,87,CCTV-16 奥林匹克,cjs,cjs/cmg.m3u:16,https://raw.githubusercontent.com/TvWasm/cjs/main/cmg.cjs?id=600098637,NATIVE_VIDEO_FRAMES,5462,直播播放中 · 线路 1/1,
Android 4.4.4,88,CCTV-17 农业农村,cjs,cjs/cmg.m3u:17,https://raw.githubusercontent.com/TvWasm/cjs/main/cmg.cjs?id=600001810,NATIVE_VIDEO_FRAMES,5780,直播播放中 · 线路 1/1,
Android 4.4.4,89,CCTV-5+ 体育赛事,cjs,cjs/cmg.m3u:18,https://raw.githubusercontent.com/TvWasm/cjs/main/cmg.cjs?id=600001817,NATIVE_VIDEO_FRAMES,4983,直播播放中 · 线路 1/1,
Android 4.4.4,90,CCTV16（4K）,cjs,cjs/cmg.m3u:19,https://raw.githubusercontent.com/TvWasm/cjs/main/cmg.cjs?id=600099502,NATIVE_VIDEO_FRAMES,5741,直播播放中 · 线路 1/1,
Android 4.4.4,91,CCTV4K,cjs,cjs/cmg.m3u:20,https://raw.githubusercontent.com/TvWasm/cjs/main/cmg.cjs?id=600002264,NATIVE_VIDEO_FRAMES,8016,直播播放中 · 线路 1/1,
Android 4.4.4,92,CCTV8K,cjs,cjs/cmg.m3u:21,https://raw.githubusercontent.com/TvWasm/cjs/main/cmg.cjs?id=600156816,NATIVE_VIDEO_FRAMES,4150,直播播放中 · 线路 1/1,
Android 4.4.4,93,CGTN,cjs,cjs/cmg.m3u:22,https://raw.githubusercontent.com/TvWasm/cjs/main/cmg.cjs?id=600014550,NATIVE_VIDEO_FRAMES,6732,直播播放中 · 线路 1/1,
Android 4.4.4,94,CGTN法语频道,cjs,cjs/cmg.m3u:23,https://raw.githubusercontent.com/TvWasm/cjs/main/cmg.cjs?id=600084704,NATIVE_VIDEO_FRAMES,6571,直播播放中 · 线路 1/1,
Android 4.4.4,95,CGTN俄语频道,cjs,cjs/cmg.m3u:24,https://raw.githubusercontent.com/TvWasm/cjs/main/cmg.cjs?id=600084758,NATIVE_VIDEO_FRAMES,5544,直播播放中 · 线路 1/1,
Android 4.4.4,96,CGTN阿拉伯语频道,cjs,cjs/cmg.m3u:25,https://raw.githubusercontent.com/TvWasm/cjs/main/cmg.cjs?id=600084782,NATIVE_VIDEO_FRAMES,4977,直播播放中 · 线路 1/1,
Android 4.4.4,97,CGTN西班牙语频道,cjs,cjs/cmg.m3u:26,https://raw.githubusercontent.com/TvWasm/cjs/main/cmg.cjs?id=600084744,NATIVE_VIDEO_FRAMES,7576,直播播放中 · 线路 1/1,
Android 4.4.4,98,CGTN外语纪录频道,cjs,cjs/cmg.m3u:27,https://raw.githubusercontent.com/TvWasm/cjs/main/cmg.cjs?id=600084781,NATIVE_VIDEO_FRAMES,4564,直播播放中 · 线路 1/1,
Android 4.4.4,99,CCTV风云剧场频道,cjs,cjs/cmg.m3u:28,https://raw.githubusercontent.com/TvWasm/cjs/main/cmg.cjs?id=600099658,NATIVE_VIDEO_FRAMES,3332,直播播放中 · 线路 1/1,
Android 4.4.4,100,CCTV第一剧场频道,cjs,cjs/cmg.m3u:29,https://raw.githubusercontent.com/TvWasm/cjs/main/cmg.cjs?id=600099655,NATIVE_VIDEO_FRAMES,6116,直播播放中 · 线路 1/1,
Android 4.4.4,101,CCTV怀旧剧场频道,cjs,cjs/cmg.m3u:30,https://raw.githubusercontent.com/TvWasm/cjs/main/cmg.cjs?id=600099620,NATIVE_VIDEO_FRAMES,4241,直播播放中 · 线路 1/1,
Android 4.4.4,102,CCTV-1 综合,cjs,cjs/cmg.m3u:31; cjs/cctv.cjs + ChannelCatalog,https://raw.githubusercontent.com/TvWasm/cjs/main/cctv.cjs?id=cctv1,NATIVE_VIDEO_FRAMES,8898,直播播放中 · 线路 1/1,
Android 4.4.4,103,CCTV-2 财经,cjs,cjs/cmg.m3u:32; cjs/cctv.cjs + ChannelCatalog,https://raw.githubusercontent.com/TvWasm/cjs/main/cctv.cjs?id=cctv2,NATIVE_VIDEO_FRAMES,7022,直播播放中 · 线路 1/1,
Android 4.4.4,104,CCTV-3 综艺,cjs,cjs/cmg.m3u:33; cjs/cctv.cjs + ChannelCatalog,https://raw.githubusercontent.com/TvWasm/cjs/main/cctv.cjs?id=cctv3,NATIVE_VIDEO_FRAMES,7441,直播播放中 · 线路 1/1,
Android 4.4.4,105,CCTV-4 中文国际（亚）,cjs,cjs/cmg.m3u:34; cjs/cctv.cjs + ChannelCatalog,https://raw.githubusercontent.com/TvWasm/cjs/main/cctv.cjs?id=cctv4,NATIVE_VIDEO_FRAMES,9147,直播播放中 · 线路 1/1,
Android 4.4.4,106,CCTV-5 体育,cjs,cjs/cmg.m3u:35; cjs/cctv.cjs + ChannelCatalog,https://raw.githubusercontent.com/TvWasm/cjs/main/cctv.cjs?id=cctv5,NATIVE_VIDEO_FRAMES,9529,直播播放中 · 线路 1/1,
Android 4.4.4,107,CCTV-6 电影,cjs,cjs/cmg.m3u:36; cjs/cctv.cjs + ChannelCatalog,https://raw.githubusercontent.com/TvWasm/cjs/main/cctv.cjs?id=cctv6,NATIVE_VIDEO_FRAMES,7483,直播播放中 · 线路 1/1,
Android 4.4.4,108,CCTV-7 国防军事,cjs,cjs/cmg.m3u:37; cjs/cctv.cjs + ChannelCatalog,https://raw.githubusercontent.com/TvWasm/cjs/main/cctv.cjs?id=cctv7,NATIVE_VIDEO_FRAMES,8278,直播播放中 · 线路 1/1,
Android 4.4.4,109,CCTV-8 电视剧,cjs,cjs/cmg.m3u:38; cjs/cctv.cjs + ChannelCatalog,https://raw.githubusercontent.com/TvWasm/cjs/main/cctv.cjs?id=cctv8,NATIVE_VIDEO_FRAMES,6259,直播播放中 · 线路 1/1,
Android 4.4.4,110,CCTV-9 纪录,cjs,cjs/cmg.m3u:39; cjs/cctv.cjs + ChannelCatalog,https://raw.githubusercontent.com/TvWasm/cjs/main/cctv.cjs?id=cctvjilu,NATIVE_VIDEO_FRAMES,9528,直播播放中 · 线路 1/1,
Android 4.4.4,111,CCTV-10 科教,cjs,cjs/cmg.m3u:40; cjs/cctv.cjs + ChannelCatalog,https://raw.githubusercontent.com/TvWasm/cjs/main/cctv.cjs?id=cctv10,NATIVE_VIDEO_FRAMES,7863,直播播放中 · 线路 1/1,
Android 4.4.4,112,CCTV-11 戏曲,cjs,cjs/cmg.m3u:41; cjs/cctv.cjs + ChannelCatalog,https://raw.githubusercontent.com/TvWasm/cjs/main/cctv.cjs?id=cctv11,NATIVE_VIDEO_FRAMES,7184,直播播放中 · 线路 1/1,
Android 4.4.4,113,CCTV-12 社会与法,cjs,cjs/cmg.m3u:42; cjs/cctv.cjs + ChannelCatalog,https://raw.githubusercontent.com/TvWasm/cjs/main/cctv.cjs?id=cctv12,NATIVE_VIDEO_FRAMES,9096,直播播放中 · 线路 1/1,
Android 4.4.4,114,CCTV-13 新闻,cjs,cjs/cmg.m3u:43; cjs/cctv.cjs + ChannelCatalog,https://raw.githubusercontent.com/TvWasm/cjs/main/cctv.cjs?id=cctv13,NATIVE_VIDEO_FRAMES,9608,直播播放中 · 线路 1/1,
Android 4.4.4,115,CCTV-14 少儿,cjs,cjs/cmg.m3u:44; cjs/cctv.cjs + ChannelCatalog,https://raw.githubusercontent.com/TvWasm/cjs/main/cctv.cjs?id=cctvchild,NATIVE_VIDEO_FRAMES,9541,直播播放中 · 线路 1/1,
Android 4.4.4,116,CCTV-15 音乐,cjs,cjs/cmg.m3u:45; cjs/cctv.cjs + ChannelCatalog,https://raw.githubusercontent.com/TvWasm/cjs/main/cctv.cjs?id=cctv15,NATIVE_VIDEO_FRAMES,9221,直播播放中 · 线路 1/1,
Android 4.4.4,117,CCTV-16 奥林匹克,cjs,cjs/cmg.m3u:46; cjs/cctv.cjs + ChannelCatalog,https://raw.githubusercontent.com/TvWasm/cjs/main/cctv.cjs?id=cctv16,NATIVE_VIDEO_FRAMES,10332,直播播放中 · 线路 1/1,
Android 4.4.4,118,CCTV-17 农业农村,cjs,cjs/cmg.m3u:47; cjs/cctv.cjs + ChannelCatalog,https://raw.githubusercontent.com/TvWasm/cjs/main/cctv.cjs?id=cctv17,NATIVE_VIDEO_FRAMES,8286,直播播放中 · 线路 1/1,
Android 4.4.4,119,CCTV-5+ 体育赛事,cjs,cjs/cmg.m3u:48; cjs/cctv.cjs + ChannelCatalog,https://raw.githubusercontent.com/TvWasm/cjs/main/cctv.cjs?id=cctv5plus,NATIVE_VIDEO_FRAMES,9940,直播播放中 · 线路 1/1,
Android 4.4.4,120,CCTV-4 中文国际（欧）,cjs,cjs/cmg.m3u:49; cjs/cctv.cjs + ChannelCatalog,https://raw.githubusercontent.com/TvWasm/cjs/main/cctv.cjs?id=cctveurope,NATIVE_VIDEO_FRAMES,6675,直播播放中 · 线路 1/1,
Android 4.4.4,121,CCTV-4 中文国际（美）,cjs,cjs/cmg.m3u:50; cjs/cctv.cjs + ChannelCatalog,https://raw.githubusercontent.com/TvWasm/cjs/main/cctv.cjs?id=cctvamerica,NATIVE_VIDEO_FRAMES,9928,直播播放中 · 线路 1/1,
Android 4.4.4,122,北京卫视,cjs,cjs/cmg.m3u:51,https://raw.githubusercontent.com/TvWasm/cjs/main/cmg.cjs?id=600002309,NATIVE_VIDEO_FRAMES,5513,直播播放中 · 线路 1/1,
Android 4.4.4,123,江苏卫视,cjs,cjs/cmg.m3u:52,https://raw.githubusercontent.com/TvWasm/cjs/main/cmg.cjs?id=600002521,NATIVE_VIDEO_FRAMES,4565,直播播放中 · 线路 1/1,
Android 4.4.4,124,东方卫视,cjs,cjs/cmg.m3u:53,https://raw.githubusercontent.com/TvWasm/cjs/main/cmg.cjs?id=600002483,NATIVE_VIDEO_FRAMES,6631,直播播放中 · 线路 1/1,
Android 4.4.4,125,浙江卫视,cjs,cjs/cmg.m3u:54,https://raw.githubusercontent.com/TvWasm/cjs/main/cmg.cjs?id=600002520,NATIVE_VIDEO_FRAMES,3765,直播播放中 · 线路 1/1,
Android 4.4.4,126,湖南卫视,cjs,cjs/cmg.m3u:55,https://raw.githubusercontent.com/TvWasm/cjs/main/cmg.cjs?id=600002475,NATIVE_VIDEO_FRAMES,7894,直播播放中 · 线路 1/1,
Android 4.4.4,127,湖北卫视,cjs,cjs/cmg.m3u:56,https://raw.githubusercontent.com/TvWasm/cjs/main/cmg.cjs?id=600002508,NATIVE_VIDEO_FRAMES,5398,直播播放中 · 线路 1/1,
Android 4.4.4,128,广东卫视,cjs,cjs/cmg.m3u:57,https://raw.githubusercontent.com/TvWasm/cjs/main/cmg.cjs?id=600002485,NATIVE_VIDEO_FRAMES,5374,直播播放中 · 线路 1/1,
Android 4.4.4,129,广西卫视,cjs,cjs/cmg.m3u:58,https://raw.githubusercontent.com/TvWasm/cjs/main/cmg.cjs?id=600002509,NATIVE_VIDEO_FRAMES,8199,直播播放中 · 线路 1/1,
Android 4.4.4,130,黑龙江卫视,cjs,cjs/cmg.m3u:59,https://raw.githubusercontent.com/TvWasm/cjs/main/cmg.cjs?id=600002498,NATIVE_VIDEO_FRAMES,5812,直播播放中 · 线路 1/1,
Android 4.4.4,131,海南卫视,cjs,cjs/cmg.m3u:60,https://raw.githubusercontent.com/TvWasm/cjs/main/cmg.cjs?id=600002506,NATIVE_VIDEO_FRAMES,6434,直播播放中 · 线路 1/1,
Android 4.4.4,132,重庆卫视,cjs,cjs/cmg.m3u:61,https://raw.githubusercontent.com/TvWasm/cjs/main/cmg.cjs?id=600002531,NATIVE_VIDEO_FRAMES,4999,直播播放中 · 线路 1/1,
Android 4.4.4,133,深圳卫视,cjs,cjs/cmg.m3u:62,https://raw.githubusercontent.com/TvWasm/cjs/main/cmg.cjs?id=600002481,NATIVE_VIDEO_FRAMES,4597,直播播放中 · 线路 1/1,
Android 4.4.4,134,四川卫视,cjs,cjs/cmg.m3u:63,https://raw.githubusercontent.com/TvWasm/cjs/main/cmg.cjs?id=600002516,NATIVE_VIDEO_FRAMES,3369,直播播放中 · 线路 1/1,
Android 4.4.4,135,河南卫视,cjs,cjs/cmg.m3u:64,https://raw.githubusercontent.com/TvWasm/cjs/main/cmg.cjs?id=600002525,NATIVE_VIDEO_FRAMES,7840,直播播放中 · 线路 1/1,
Android 4.4.4,136,福建东南卫视,cjs,cjs/cmg.m3u:65,https://raw.githubusercontent.com/TvWasm/cjs/main/cmg.cjs?id=600002484,NATIVE_VIDEO_FRAMES,6282,直播播放中 · 线路 1/1,
Android 4.4.4,137,贵州卫视,cjs,cjs/cmg.m3u:66,https://raw.githubusercontent.com/TvWasm/cjs/main/cmg.cjs?id=600002490,NATIVE_VIDEO_FRAMES,5421,直播播放中 · 线路 1/1,
Android 4.4.4,138,江西卫视,cjs,cjs/cmg.m3u:67,https://raw.githubusercontent.com/TvWasm/cjs/main/cmg.cjs?id=600002503,NATIVE_VIDEO_FRAMES,5805,直播播放中 · 线路 1/1,
Android 4.4.4,139,辽宁卫视,cjs,cjs/cmg.m3u:68,https://raw.githubusercontent.com/TvWasm/cjs/main/cmg.cjs?id=600002505,NATIVE_VIDEO_FRAMES,5782,直播播放中 · 线路 1/1,
Android 4.4.4,140,安徽卫视,cjs,cjs/cmg.m3u:69,https://raw.githubusercontent.com/TvWasm/cjs/main/cmg.cjs?id=600002532,NATIVE_VIDEO_FRAMES,6551,直播播放中 · 线路 1/1,
Android 4.4.4,141,河北卫视,cjs,cjs/cmg.m3u:70,https://raw.githubusercontent.com/TvWasm/cjs/main/cmg.cjs?id=600002493,NATIVE_VIDEO_FRAMES,4977,直播播放中 · 线路 1/1,
Android 4.4.4,142,山东卫视,cjs,cjs/cmg.m3u:71,https://raw.githubusercontent.com/TvWasm/cjs/main/cmg.cjs?id=600002513,NATIVE_VIDEO_FRAMES,5449,直播播放中 · 线路 1/1,
Android 4.4.4,143,天津卫视,cjs,cjs/cmg.m3u:72,https://raw.githubusercontent.com/TvWasm/cjs/main/cmg.cjs?id=600152137,NATIVE_VIDEO_FRAMES,2905,直播播放中 · 线路 1/1,
Android 4.4.4,144,吉林卫视,cjs,cjs/cmg.m3u:73,https://raw.githubusercontent.com/TvWasm/cjs/main/cmg.cjs?id=600190405,NATIVE_VIDEO_FRAMES,5361,直播播放中 · 线路 1/1,
Android 4.4.4,145,陕西卫视,cjs,cjs/cmg.m3u:74,https://raw.githubusercontent.com/TvWasm/cjs/main/cmg.cjs?id=600190400,NATIVE_VIDEO_FRAMES,5437,直播播放中 · 线路 1/1,
Android 4.4.4,146,甘肃卫视,cjs,cjs/cmg.m3u:75,https://raw.githubusercontent.com/TvWasm/cjs/main/cmg.cjs?id=600190408,NATIVE_VIDEO_FRAMES,5777,直播播放中 · 线路 1/1,
Android 4.4.4,147,宁夏卫视,cjs,cjs/cmg.m3u:76,https://raw.githubusercontent.com/TvWasm/cjs/main/cmg.cjs?id=600190737,NATIVE_VIDEO_FRAMES,8108,直播播放中 · 线路 1/1,
Android 4.4.4,148,内蒙古卫视,cjs,cjs/cmg.m3u:77,https://raw.githubusercontent.com/TvWasm/cjs/main/cmg.cjs?id=600190401,NATIVE_VIDEO_FRAMES,6152,直播播放中 · 线路 1/1,
Android 4.4.4,149,云南卫视,cjs,cjs/cmg.m3u:78,https://raw.githubusercontent.com/TvWasm/cjs/main/cmg.cjs?id=600190402,NATIVE_VIDEO_FRAMES,5407,直播播放中 · 线路 1/1,
Android 4.4.4,150,山西卫视,cjs,cjs/cmg.m3u:79,https://raw.githubusercontent.com/TvWasm/cjs/main/cmg.cjs?id=600190407,NATIVE_VIDEO_FRAMES,7221,直播播放中 · 线路 1/1,
Android 4.4.4,151,青海卫视,cjs,cjs/cmg.m3u:80,https://raw.githubusercontent.com/TvWasm/cjs/main/cmg.cjs?id=600190406,NATIVE_VIDEO_FRAMES,6705,直播播放中 · 线路 1/1,
Android 4.4.4,152,西藏卫视,cjs,cjs/cmg.m3u:81,https://raw.githubusercontent.com/TvWasm/cjs/main/cmg.cjs?id=600190403,NATIVE_VIDEO_FRAMES,4526,直播播放中 · 线路 1/1,
Android 4.4.4,153,中国教育电视台1频道,cjs,cjs/cmg.m3u:82,https://raw.githubusercontent.com/TvWasm/cjs/main/cmg.cjs?id=600171827,NATIVE_VIDEO_FRAMES,2907,直播播放中 · 线路 1/1,
Android 4.4.4,154,新疆卫视,cjs,cjs/cmg.m3u:83,https://raw.githubusercontent.com/TvWasm/cjs/main/cmg.cjs?id=600152138,NATIVE_VIDEO_FRAMES,2913,直播播放中 · 线路 1/1,
Android 4.4.4,155,广西综艺旅游,cjs,cjs/gxtv.m3u:1,https://raw.githubusercontent.com/TvWasm/cjs/main/gxtv.cjs?id=f3335975f9fe11e88bcfe41f13b60c62,NATIVE_VIDEO_FRAMES,4983,直播播放中 · 线路 1/1,
Android 4.4.4,156,广西都市,cjs,cjs/gxtv.m3u:2,https://raw.githubusercontent.com/TvWasm/cjs/main/gxtv.cjs?id=fdbaf085f9fe11e88bcfe41f13b60c62,NATIVE_VIDEO_FRAMES,3297,直播播放中 · 线路 1/1,
Android 4.4.4,157,广西影视,cjs,cjs/gxtv.m3u:3,https://raw.githubusercontent.com/TvWasm/cjs/main/gxtv.cjs?id=5e923d82058e11e9ba67e41f13b60c62,NATIVE_VIDEO_FRAMES,2906,直播播放中 · 线路 1/1,
Android 4.4.4,158,广西新闻,cjs,cjs/gxtv.m3u:4,https://raw.githubusercontent.com/TvWasm/cjs/main/gxtv.cjs?id=9dfd8600075811e9ba67e41f13b60c62,NATIVE_VIDEO_FRAMES,2896,直播播放中 · 线路 1/1,
Android 4.4.4,159,广西国际,cjs,cjs/gxtv.m3u:5,https://raw.githubusercontent.com/TvWasm/cjs/main/gxtv.cjs?id=bfa17b64157f11e999f0e41f13b60c62,NATIVE_VIDEO_FRAMES,2898,直播播放中 · 线路 1/1,
Android 4.4.4,160,CETV-1,cjs,cjs/gxtv.m3u:6,https://raw.githubusercontent.com/TvWasm/cjs/main/gxtv.cjs?id=ffa6b6e1b32b4a16a73eb3ef66f8bfc7,NATIVE_VIDEO_FRAMES,2495,直播播放中 · 线路 1/1,
Android 4.4.4,161,CETV-2,cjs,cjs/gxtv.m3u:7,https://raw.githubusercontent.com/TvWasm/cjs/main/gxtv.cjs?id=80d0ffb42c114eaf9663708629ff0a3e,NATIVE_VIDEO_FRAMES,2882,直播播放中 · 线路 1/1,
Android 4.4.4,162,CETV-4,cjs,cjs/gxtv.m3u:8,https://raw.githubusercontent.com/TvWasm/cjs/main/gxtv.cjs?id=67eace939278435bb4bca90800fb4225,NATIVE_VIDEO_FRAMES,2490,直播播放中 · 线路 1/1,
Android 4.4.4,163,migu测试,media,webSourceM3U8/k-web/ku9.txt:24,https://raw.githubusercontent.com/mytv-android/mytvJS/refs/heads/main/js/mgd_github.js?channel=CCTV1综合,RESOLVE_FAILED,9919,线路解析失败，当前频道没有备用线路 · 线路 1/1,
Android 4.4.4,164,音轨测试,media,webSourceM3U8/k-web/ku9.txt:25,https://r.jdshipin.com/62WM7,NATIVE_VIDEO_FRAMES,13380,直播播放中 · 线路 1/1,
Android 4.4.4,165,H.264/MPEG-TS多语言字幕,media,webSourceM3U8/k-web/ku9.txt:26,https://devstreaming-cdn.apple.com/videos/streaming/examples/img_bipbop_adv_example_ts/master.m3u8,NATIVE_VIDEO_FRAMES,5492,直播播放中 · 线路 1/1,
Android 4.4.4,166,H.264/fMP4多语言字幕,media,webSourceM3U8/k-web/ku9.txt:27,https://devstreaming-cdn.apple.com/videos/streaming/examples/img_bipbop_adv_example_fmp4/master.m3u8,NATIVE_VIDEO_FRAMES,3287,直播播放中 · 线路 1/1,
Android 4.4.4,167,HEVC/H.264单字幕,media,webSourceM3U8/k-web/ku9.txt:28,https://devstreaming-cdn.apple.com/videos/streaming/examples/bipbop_adv_example_hevc/master.m3u8,NATIVE_VIDEO_FRAMES,4095,直播播放中 · 线路 1/1,
Android 4.4.4,168,DolbyAtmos720PH264,media,webSourceM3U8/k-web/ku9.txt:29,https://ott.dolby.com/OnDelKits/DDP/Dolby_Digital_Plus_Online_Delivery_Kit_v1.4.1/Test_Signals/muxed_streams/HLS/Manifest_v4_packed_audio/ChID_voices_1280x720p_25fps_h264_6ch_640kbps_ddp_joc.m3u8,NATIVE_VIDEO_FRAMES,3746,直播播放中 · 线路 1/1,
Android 4.4.4,169,DolbyAtmos720PH264,media,webSourceM3U8/k-web/ku9.txt:30,https://ott.dolby.com/OnDelKits/DDP/Dolby_Digital_Plus_Online_Delivery_Kit_v1.4.1/Test_Signals/muxed_streams/HLS/Manifest_v7_fMP4/ChID_voices_1280x720p_25fps_h264_6ch_640kbps_ddp_joc.m3u8,NATIVE_VIDEO_FRAMES,3326,直播播放中 · 线路 1/1,
Android 4.4.4,170,DolbyAtmosHEVC1080P,media,webSourceM3U8/k-web/ku9.txt:31,https://ott.dolby.com/OnDelKits/DDP/Dolby_Digital_Plus_Online_Delivery_Kit_v1.4.1/Test_Signals/muxed_streams/HLS/Manifest_v7_fMP4/ChID_voices_1920x1080p_25fps_h265_6ch_640kbps_ddp_joc.m3u8,NATIVE_VIDEO_FRAMES,3663,直播播放中 · 线路 1/1,
Android 4.4.4,171,DolbyAtmos720pH264,media,webSourceM3U8/k-web/ku9.txt:32,https://ott.dolby.com/OnDelKits/DDP/Dolby_Digital_Plus_Online_Delivery_Kit_v1.4.1/Test_Signals/muxed_streams/MP4/Example/ChID_voices_1280x720p_25fps_h264_6ch_640kbps_ddp_joc.mp4,NATIVE_VIDEO_FRAMES,1646,直播播放中 · 线路 1/1,
Android 4.4.4,172,DolbyAtmos1080HEVC,media,webSourceM3U8/k-web/ku9.txt:33,https://ott.dolby.com/OnDelKits/DDP/Dolby_Digital_Plus_Online_Delivery_Kit_v1.4.1/Test_Signals/muxed_streams/MP4/Example/ChID_voices_1920x1080p_25fps_h265_6ch_640kbps_ddp_joc.mp4,NATIVE_VIDEO_FRAMES,2490,直播播放中 · 线路 1/1,
Android 4.4.4,173,ms-6mbps-4k,media,webSourceM3U8/k-web/ku9.txt:34,https://test.playready.microsoft.com/media/profficialsite/bbb-3840x2160-cfg02-frag-6mbps.mp4,NO_PLAYBACK_OBSERVED,20080,正在连接视频 · 线路 1/1,
Android 4.4.4,174,ms-12mbps-4k,media,webSourceM3U8/k-web/ku9.txt:35,https://test.playready.microsoft.com/media/profficialsite/bbb-3840x2160-cfg02-frag-12mbps.mp4,NO_PLAYBACK_OBSERVED,20263,正在连接视频 · 线路 1/1,
Android 4.4.4,175,ms-24mbps-4k,media,webSourceM3U8/k-web/ku9.txt:36,https://test.playready.microsoft.com/media/profficialsite/bbb-3840x2160-cfg02-frag-24mbps.mp4,NO_PLAYBACK_OBSERVED,20196,正在连接视频 · 线路 1/1,
Android 4.4.4,176,tearsofsteel_4k_h265,media,webSourceM3U8/k-web/ku9.txt:37,https://test.playready.microsoft.com/media/profficialsite/tearsofsteel_4k_60s_24fps.12000kbps.3840x2160.h265-10b.2ch.128kbps.aac.mp4,NO_PLAYBACK_OBSERVED,20181,正在连接视频 · 线路 1/1,
Android 4.4.4,177,bbb_sunflower4k,media,webSourceM3U8/k-web/ku9.txt:38,https://mirrors.kodi.tv/demo-files/BBB/bbb_sunflower_2160p_60fps_normal.mp4,APP_EXIT_OR_STALL,,单独复测时应用进程中断或无进展；详见 gap-run-1.console.txt / full-logcat.txt,
Android 4.4.4,178,big_buck_bunny4K-h265,media,webSourceM3U8/k-web/ku9.txt:39,https://storage.googleapis.com/vulkan-video-samples/hevc/hevc-big_buck_bunny_2160p.h265,RESOLVE_FAILED,2082,线路解析失败，当前频道没有备用线路 · 线路 1/1,
Android 4.4.4,179,宿州新闻综合,media,webSourceM3U8/webview.txt:91,https://live.ahsz.tv/video/s10001-szzh/index.m3u8,NATIVE_VIDEO_FRAMES,2884,直播播放中 · 线路 1/1,
Android 4.4.4,180,宿州科教生活,media,webSourceM3U8/webview.txt:92,https://live.ahsz.tv/video/s10001-kxjy/index.m3u8,NATIVE_VIDEO_FRAMES,4480,直播播放中 · 线路 1/1,
Android 4.4.4,181,定西综合,media,webSourceM3U8/webview.txt:100,http://play.kankanlive.com/live/1745232061100288.m3u8,NATIVE_VIDEO_FRAMES,2501,直播播放中 · 线路 1/1,
Android 4.4.4,182,定西文旅生活,media,webSourceM3U8/webview.txt:101,http://play.kankanlive.com/live/1745232082475287.m3u8,NATIVE_VIDEO_FRAMES,5406,直播播放中 · 线路 1/1,
Android 4.4.4,183,广州综合,media,webSourceM3U8/webview.txt:127,http://tencentplaygzrb01.gztv.com/live/zonghes.m3u8,NATIVE_VIDEO_FRAMES,1707,直播播放中 · 线路 1/1,
Android 4.4.4,184,广州新闻,media,webSourceM3U8/webview.txt:128,http://tencentplaygzrb01.gztv.com/live/xinwen.m3u8,NATIVE_VIDEO_FRAMES,1312,直播播放中 · 线路 1/1,
Android 4.4.4,185,广州影视,media,webSourceM3U8/webview.txt:129,http://tencentplaygzrb01.gztv.com/live/yingshi.m3u8,NO_PLAYBACK_OBSERVED,20013,线路播放失败，当前频道没有备用线路 · 线路 1/1,
Android 4.4.4,186,广州法治,media,webSourceM3U8/webview.txt:130,http://tencentplaygzrb01.gztv.com/live/fazhi.m3u8,NO_PLAYBACK_OBSERVED,20040,线路播放失败，当前频道没有备用线路 · 线路 1/1,
Android 4.4.4,187,广州南国都市,media,webSourceM3U8/webview.txt:131,http://tencentplaygzrb01.gztv.com/live/nanguodushi.m3u8,NATIVE_VIDEO_FRAMES,1673,直播播放中 · 线路 1/1,
Android 4.4.4,188,河源综合,media,webSourceM3U8/webview.txt:141,https://tmpstream.hyrtv.cn/xwzh/sd/live.m3u8,NATIVE_VIDEO_FRAMES,1691,直播播放中 · 线路 1/1,
Android 4.4.4,189,河源公共,media,webSourceM3U8/webview.txt:142,https://tmpstream.hyrtv.cn/hygg/sd/live.m3u8,NATIVE_VIDEO_FRAMES,837,直播播放中 · 线路 1/1,
Android 4.4.4,190,洛阳综合,media,webSourceM3U8/webview.txt:192,https://live.lytv.com.cn/live/LYTV1.m3u8,NATIVE_VIDEO_FRAMES,1644,直播播放中 · 线路 1/1,
Android 4.4.4,191,洛阳科教,media,webSourceM3U8/webview.txt:194,https://live.lytv.com.cn/live/LYTV2.m3u8,NATIVE_VIDEO_FRAMES,1634,直播播放中 · 线路 1/1,
Android 4.4.4,192,洛阳文旅,media,webSourceM3U8/webview.txt:195,https://live.lytv.com.cn/live/LYTV3.m3u8,NATIVE_VIDEO_FRAMES,1633,直播播放中 · 线路 1/1,
Android 4.4.4,193,绥化新闻综合,media,webSourceM3U8/webview.txt:237,https://liveplaysr.dbw.cn/lsdream/amzPoBP/1000/live.m3u8,NATIVE_VIDEO_FRAMES,2966,直播播放中 · 线路 1/1,
Android 4.4.4,194,无锡新闻综合,media,webSourceM3U8/webview.txt:263,http://stream.thmz.com/wxtv1/playlist.m3u8,NATIVE_VIDEO_FRAMES,2942,直播播放中 · 线路 1/1,
Android 4.4.4,195,无锡娱乐,media,webSourceM3U8/webview.txt:264,http://stream.thmz.com/wxtv2/playlist.m3u8,NATIVE_VIDEO_FRAMES,2886,直播播放中 · 线路 1/1,
Android 4.4.4,196,无锡都市资讯,media,webSourceM3U8/webview.txt:265,http://stream.thmz.com/wxtv3/playlist.m3u8,NATIVE_VIDEO_FRAMES,3720,直播播放中 · 线路 1/1,
Android 4.4.4,197,无锡生活,media,webSourceM3U8/webview.txt:266,http://stream.thmz.com/wxtv4/playlist.m3u8,NATIVE_VIDEO_FRAMES,2961,直播播放中 · 线路 1/1,
Android 4.4.4,198,无锡经济,media,webSourceM3U8/webview.txt:267,http://stream.thmz.com/wxtv5/playlist.m3u8,NATIVE_VIDEO_FRAMES,3283,直播播放中 · 线路 1/1,
Android 4.4.4,199,泰州-2,media,webSourceM3U8/webview.txt:268,http://stream1.mytaizhou.net/jjshnew/playlist.m3u8,NATIVE_VIDEO_FRAMES,1775,直播播放中 · 线路 1/1,
Android 4.4.4,200,泰州-3,media,webSourceM3U8/webview.txt:269,http://stream1.mytaizhou.net/ysylnew/playlist.m3u8,NATIVE_VIDEO_FRAMES,1245,直播播放中 · 线路 1/1,
Android 4.4.4,201,苏州新闻综合,media,webSourceM3U8/webview.txt:270,https://live-auth.51kandianshi.com/szgd/csztv1.m3u8,NATIVE_VIDEO_FRAMES,1258,直播播放中 · 线路 1/1,
Android 4.4.4,202,苏州社会经济,media,webSourceM3U8/webview.txt:271,https://live-auth.51kandianshi.com/szgd/csztv2.m3u8,NATIVE_VIDEO_FRAMES,1286,直播播放中 · 线路 1/1,
Android 4.4.4,203,苏州电影娱乐,media,webSourceM3U8/webview.txt:272,https://live-auth.51kandianshi.com/szgd/csztv4.m3u8,NATIVE_VIDEO_FRAMES,1244,直播播放中 · 线路 1/1,
Android 4.4.4,204,苏州生活资讯,media,webSourceM3U8/webview.txt:273,https://live-auth.51kandianshi.com/szgd/csztv5.m3u8,NATIVE_VIDEO_FRAMES,832,直播播放中 · 线路 1/1,
Android 4.4.4,205,苏州4K,media,webSourceM3U8/webview.txt:274,https://live-auth.51kandianshi.com/szgd/csztv4k_4k.m3u8,APP_EXIT_OR_STALL,,单独复测时应用进程中断或无进展；详见 gap-run-2.console.txt / full-logcat.txt,
Android 4.4.4,206,榆林综合,media,webSourceM3U8/webview.txt:325,https://49c1f938208318cdf8288bc36b62472a.livehwc4.com/hplayer1.juyun.tv/camera/186023110.m3u8,NATIVE_VIDEO_FRAMES,2503,直播播放中 · 线路 1/1,
Android 4.4.4,207,榆林文化旅游,media,webSourceM3U8/webview.txt:326,https://49c1f938208318cdf8288bc36b62472a.livehwc4.com/hplayer1.juyun.tv/camera/186022194.m3u8,NATIVE_VIDEO_FRAMES,6575,直播播放中 · 线路 1/1,
Android 4.4.4,208,商洛综合,media,webSourceM3U8/webview.txt:327,https://player4.juyun.tv/camera/171844138.m3u8,NO_PLAYBACK_OBSERVED,20142,线路播放失败，当前频道没有备用线路 · 线路 1/1,
Android 4.4.4,209,延安综合,media,webSourceM3U8/webview.txt:328,https://srs.yanews.cn/video/YATV-1/index.m3u8,NATIVE_VIDEO_FRAMES,1297,直播播放中 · 线路 1/1,
Android 4.4.4,210,延安公共,media,webSourceM3U8/webview.txt:329,https://srs.yanews.cn/video/YATV-2/index.m3u8,NATIVE_VIDEO_FRAMES,1280,直播播放中 · 线路 1/1,
Android 4.4.4,211,郑州教育,media,webSourceM3U8/webview.txt:377,https://livezzutv.chinamcache.com/live/zb02.m3u8,NATIVE_VIDEO_FRAMES,1250,直播播放中 · 线路 1/1,
Android 4.4.4,212,平顶山教育,media,webSourceM3U8/webview.txt:378,http://219.150.204.175:81/hls/live1.m3u8,NATIVE_VIDEO_FRAMES,1279,直播播放中 · 线路 1/1,
Android 4.4.4,213,拉萨藏语综合,media,webSourceM3U8/webview.txt:420,https://tvfile.lasatv.cn/nmip-media/channellive/channel104335/playlist.m3u8,NATIVE_VIDEO_FRAMES,4954,直播播放中 · 线路 1/1,
Android 4.4.4,214,拉萨综合,media,webSourceM3U8/webview.txt:421,https://tvfile.lasatv.cn/nmip-media/channellive/channel101894/playlist.m3u8,NATIVE_VIDEO_FRAMES,5807,直播播放中 · 线路 1/1,
Android 4.4.4,215,拉萨文化旅游,media,webSourceM3U8/webview.txt:422,https://tvfile.lasatv.cn/nmip-media/channellive/channel103157/playlist.m3u8,NATIVE_VIDEO_FRAMES,6594,直播播放中 · 线路 1/1,
Android 4.4.4,216,日喀则汉语,media,webSourceM3U8/webview.txt:423,https://console.rkzrm.cn:20323/4.m3u8,NATIVE_VIDEO_FRAMES,4913,直播播放中 · 线路 1/1,
Android 4.4.4,217,日喀则藏语,media,webSourceM3U8/webview.txt:424,https://console.rkzrm.cn:20323/8.m3u8,NATIVE_VIDEO_FRAMES,3296,直播播放中 · 线路 1/1,
Android 4.4.4,218,央视网,web,webSourceM3U8/JoyPage.txt:1,webview://https://tv.cctv.com,NO_PLAYBACK_OBSERVED,12283,正在加载网页直播 · 线路 1/1,
Android 4.4.4,219,央视频,web,webSourceM3U8/JoyPage.txt:2,webview://https://www.yangshipin.cn,PAGE_LOADED_PLAYBACK_NOT_VERIFIED,5011,网页已打开 · 可在管理页开启飞鼠 · 线路 1/1,
Android 4.4.4,220,B站,web,webSourceM3U8/JoyPage.txt:3,webview://https://www.bilibili.com,PAGE_LOADED_PLAYBACK_NOT_VERIFIED,4294,网页已打开 · 可在管理页开启飞鼠 · 线路 1/1,
Android 4.4.4,221,爱奇艺,web,webSourceM3U8/JoyPage.txt:4,webview://https://www.iqiyi.com,PAGE_LOADED_PLAYBACK_NOT_VERIFIED,4285,网页已打开 · 可在管理页开启飞鼠 · 线路 1/1,
Android 4.4.4,222,优酷,web,webSourceM3U8/JoyPage.txt:5,webview://https://www.youku.com,NO_PLAYBACK_OBSERVED,12862,正在加载网页直播 · 线路 1/1,
Android 4.4.4,223,腾讯视频,web,webSourceM3U8/JoyPage.txt:6,webview://https://v.qq.com,PAGE_LOADED_PLAYBACK_NOT_VERIFIED,4587,网页已打开 · 可在管理页开启飞鼠 · 线路 1/1,
Android 4.4.4,224,芒果TV,web,webSourceM3U8/JoyPage.txt:7,webview://https://www.mgtv.com,PAGE_LOADED_PLAYBACK_NOT_VERIFIED,4177,网页已打开 · 可在管理页开启飞鼠 · 线路 1/1,
Android 4.4.4,225,咪咕视频,web,webSourceM3U8/JoyPage.txt:8,webview://https://www.miguvideo.com,NO_PLAYBACK_OBSERVED,12211,正在加载网页直播 · 线路 1/1,
Android 4.4.4,226,网易云音乐,web,webSourceM3U8/JoyPage.txt:9,webview://https://music.163.com,NO_PLAYBACK_OBSERVED,12297,正在加载网页直播 · 线路 1/1,
Android 4.4.4,227,QQ音乐,web,webSourceM3U8/JoyPage.txt:10,webview://https://y.qq.com,PAGE_LOADED_PLAYBACK_NOT_VERIFIED,4151,网页已打开 · 可在管理页开启飞鼠 · 线路 1/1,
Android 4.4.4,228,酷狗音乐,web,webSourceM3U8/JoyPage.txt:11,webview://https://www.kugou.com,PAGE_LOADED_PLAYBACK_NOT_VERIFIED,4186,网页已打开 · 可在管理页开启飞鼠 · 线路 1/1,
Android 4.4.4,229,咪咕音乐,web,webSourceM3U8/JoyPage.txt:12,webview://https://music.migu.cn,PAGE_LOADED_PLAYBACK_NOT_VERIFIED,4257,网页已打开 · 可在管理页开启飞鼠 · 线路 1/1,
Android 4.4.4,230,果汁教育,web,webSourceM3U8/JoyPage.txt:13,webview://http://guozhivip.com/edu,PAGE_LOADED_PLAYBACK_NOT_VERIFIED,4368,网页已打开 · 可在管理页开启飞鼠 · 线路 1/1,
Android 4.4.4,231,墨墨背单词,web,webSourceM3U8/JoyPage.txt:14,webview://https://www.maimemo.com/home/login?continue=home/web_study,PAGE_LOADED_PLAYBACK_NOT_VERIFIED,4339,网页已打开 · 可在管理页开启飞鼠 · 线路 1/1,
Android 4.4.4,232,古诗文网,web,webSourceM3U8/JoyPage.txt:15,webview://https://www.gushiwen.cn,PAGE_LOADED_PLAYBACK_NOT_VERIFIED,4290,网页已打开 · 可在管理页开启飞鼠 · 线路 1/1,
Android 4.4.4,233,汉典,web,webSourceM3U8/JoyPage.txt:16,webview://https://www.zdic.net,PAGE_LOADED_PLAYBACK_NOT_VERIFIED,4226,网页已打开 · 可在管理页开启飞鼠 · 线路 1/1,
Android 4.4.4,234,国家中小学智慧教育平台,web,webSourceM3U8/JoyPage.txt:17,webview://https://basic.smartedu.cn,PAGE_LOADED_PLAYBACK_NOT_VERIFIED,6954,网页已打开 · 可在管理页开启飞鼠 · 线路 1/1,
Android 4.4.4,235,中国大学MOOC(慕课),web,webSourceM3U8/JoyPage.txt:18,webview://https://www.icourse163.org,PAGE_LOADED_PLAYBACK_NOT_VERIFIED,11494,网页已打开 · 可在管理页开启飞鼠 · 线路 1/1,
Android 4.4.4,236,中国高校外语慕课,web,webSourceM3U8/JoyPage.txt:19,webview://http://moocs.unipus.cn,NO_PLAYBACK_OBSERVED,12094,正在加载网页直播 · 线路 1/1,
Android 4.4.4,237,学堂在线,web,webSourceM3U8/JoyPage.txt:20,webview://https://www.xuetangx.com,PAGE_LOADED_PLAYBACK_NOT_VERIFIED,7249,网页已打开 · 可在管理页开启飞鼠 · 线路 1/1,
Android 4.4.4,238,网易公开课,web,webSourceM3U8/JoyPage.txt:21,webview://https://open.163.com,PAGE_LOADED_PLAYBACK_NOT_VERIFIED,4614,网页已打开 · 可在管理页开启飞鼠 · 线路 1/1,
Android 4.4.4,239,TED(演讲),web,webSourceM3U8/JoyPage.txt:22,webview://https://www.ted.com,PAGE_LOADED_PLAYBACK_NOT_VERIFIED,5179,网页已打开 · 可在管理页开启飞鼠 · 线路 1/1,
Android 4.4.4,240,多邻国,web,webSourceM3U8/JoyPage.txt:23,webview://https://www.duolingo.cn,PAGE_LOADED_PLAYBACK_NOT_VERIFIED,4394,网页已打开 · 可在管理页开启飞鼠 · 线路 1/1,
Android 4.4.4,241,网易云课堂,web,webSourceM3U8/JoyPage.txt:24,webview://https://study.163.com,NO_PLAYBACK_OBSERVED,12403,正在加载网页直播 · 线路 1/1,
Android 4.4.4,242,中国国家数字图书馆,web,webSourceM3U8/JoyPage.txt:25,webview://https://www.nlc.cn,PAGE_LOADED_PLAYBACK_NOT_VERIFIED,4190,网页已打开 · 可在管理页开启飞鼠 · 线路 1/1,
Android 4.4.4,243,国图公开课,web,webSourceM3U8/JoyPage.txt:26,webview://http://open.nlc.cn,PAGE_LOADED_PLAYBACK_NOT_VERIFIED,5275,网页已打开 · 可在管理页开启飞鼠 · 线路 1/1,
Android 4.4.4,244,全历史(历史知识),web,webSourceM3U8/JoyPage.txt:27,webview://https://www.allhistory.com,PAGE_LOADED_PLAYBACK_NOT_VERIFIED,4246,网页已打开 · 可在管理页开启飞鼠 · 线路 1/1,
Android 4.4.4,245,央视纪录片,web,webSourceM3U8/JoyPage.txt:28,webview://https://jishi.cctv.com,NO_PLAYBACK_OBSERVED,12131,网页已打开 · 可在管理页开启飞鼠 · 线路 1/1,
Android 4.4.4,246,中国数字科技馆,web,webSourceM3U8/JoyPage.txt:29,webview://https://www.cdstm.cn,NO_PLAYBACK_OBSERVED,12391,正在加载网页直播 · 线路 1/1,
Android 4.4.4,247,果壳,web,webSourceM3U8/JoyPage.txt:30,webview://https://www.guokr.com,PAGE_LOADED_PLAYBACK_NOT_VERIFIED,5229,网页已打开 · 可在管理页开启飞鼠 · 线路 1/1,
Android 4.4.4,248,科普中国,web,webSourceM3U8/JoyPage.txt:31,webview://https://www.kepuchina.cn,NO_PLAYBACK_OBSERVED,12329,正在加载网页直播 · 线路 1/1,
Android 4.4.4,249,中国国家博物馆,web,webSourceM3U8/JoyPage.txt:32,webview://https://www.chnmuseum.cn,NO_PLAYBACK_OBSERVED,12261,正在加载网页直播 · 线路 1/1,
Android 4.4.4,250,全景故宫,web,webSourceM3U8/JoyPage.txt:33,webview://https://pano.dpm.org.cn/,PAGE_LOADED_PLAYBACK_NOT_VERIFIED,4355,网页已打开 · 可在管理页开启飞鼠 · 线路 1/1,
Android 4.4.4,251,故宫数字文物库,web,webSourceM3U8/JoyPage.txt:34,webview://https://digicol.dpm.org.cn,NO_PLAYBACK_OBSERVED,12102,正在加载网页直播 · 线路 1/1,
Android 4.4.4,252,故宫名画记,web,webSourceM3U8/JoyPage.txt:35,webview://https://minghuaji.dpm.org.cn,NO_PLAYBACK_OBSERVED,12216,正在加载网页直播 · 线路 1/1,
Android 4.4.4,253,数字多宝阁,web,webSourceM3U8/JoyPage.txt:36,webview://https://www.dpm.org.cn/shuziduobaoge/html.html,PAGE_LOADED_PLAYBACK_NOT_VERIFIED,4294,网页已打开 · 可在管理页开启飞鼠 · 线路 1/1,
Android 4.4.4,254,数字敦煌,web,webSourceM3U8/JoyPage.txt:37,webview://https://www.e-dunhuang.com,PAGE_LOADED_PLAYBACK_NOT_VERIFIED,4136,网页已打开 · 可在管理页开启飞鼠 · 线路 1/1,
Android 4.4.4,255,甘肃石窟全景漫游,web,webSourceM3U8/JoyPage.txt:38,webview://https://vr.e-dunhuang.com,PAGE_LOADED_PLAYBACK_NOT_VERIFIED,4296,网页已打开 · 可在管理页开启飞鼠 · 线路 1/1,
Android 4.4.4,256,数字敦煌开放素材库,web,webSourceM3U8/JoyPage.txt:39,webview://https://ip.e-dunhuang.com,PAGE_LOADED_PLAYBACK_NOT_VERIFIED,11609,网页已打开 · 可在管理页开启飞鼠 · 线路 1/1,
Android 4.4.4,257,数字藏经洞,web,webSourceM3U8/JoyPage.txt:40,webview://https://cave17.e-dunhuang.com,NO_PLAYBACK_OBSERVED,12169,正在连接视频 · 线路 1/1,
Android 4.4.4,258,云上龙门,web,webSourceM3U8/JoyPage.txt:41,webview://https://lmsk.org.cn/home/vr.html,PAGE_LOADED_PLAYBACK_NOT_VERIFIED,4117,网页已打开 · 可在管理页开启飞鼠 · 线路 1/1,
Android 4.4.4,259,美璟龙门,web,webSourceM3U8/JoyPage.txt:42,webview://https://vr.mzgf.com/?projectCode=00g6201M,NO_PLAYBACK_OBSERVED,12450,正在加载网页直播 · 线路 1/1,
Android 4.4.4,260,全景大足,web,webSourceM3U8/JoyPage.txt:43,webview://https://www.dzskyjy.cn/web/column/col5008981.html,NO_PLAYBACK_OBSERVED,12781,正在加载网页直播 · 线路 1/1,
Android 4.4.4,261,NASA Eyes,web,webSourceM3U8/JoyPage.txt:44,webview://https://science.nasa.gov/eyes,PAGE_LOADED_PLAYBACK_NOT_VERIFIED,4493,正在打开网页直播 · 线路 1/1,
Android 4.4.4,262,Stellarium Web,web,webSourceM3U8/JoyPage.txt:45,webview://https://stellarium-web.org,PAGE_LOADED_PLAYBACK_NOT_VERIFIED,4527,正在打开网页直播 · 线路 1/1,
Android 4.4.4,263,地球气象,web,webSourceM3U8/JoyPage.txt:46,webview://https://earth.nullschool.net/zh-cn,PAGE_LOADED_PLAYBACK_NOT_VERIFIED,4394,正在打开网页直播 · 线路 1/1,
Android 4.4.4,264,实时地球,web,webSourceM3U8/JoyPage.txt:47,webview://https://zoom.earth,PAGE_LOADED_PLAYBACK_NOT_VERIFIED,4380,正在打开网页直播 · 线路 1/1,
Android 4.4.4,265,果汁导航,web,webSourceM3U8/JoyPage.txt:48,webview://http://guozhivip.com,PAGE_LOADED_PLAYBACK_NOT_VERIFIED,4367,正在打开网页直播 · 线路 1/1,
Android 4.4.4,266,果汁排行榜,web,webSourceM3U8/JoyPage.txt:49,webview://http://guozhivip.com/rank,PAGE_LOADED_PLAYBACK_NOT_VERIFIED,4378,正在打开网页直播 · 线路 1/1,
Android 4.4.4,267,今日热榜,web,webSourceM3U8/JoyPage.txt:50,webview://https://tophub.today/c/news,PAGE_LOADED_PLAYBACK_NOT_VERIFIED,4336,正在打开网页直播 · 线路 1/1,
Android 4.4.4,268,工具哇,web,webSourceM3U8/JoyPage.txt:51,webview://https://toolwa.com,PAGE_LOADED_PLAYBACK_NOT_VERIFIED,4349,正在打开网页直播 · 线路 1/1,
Android 4.4.4,269,必应,web,webSourceM3U8/JoyPage.txt:52,webview://https://www.bing.com,PAGE_LOADED_PLAYBACK_NOT_VERIFIED,4345,正在打开网页直播 · 线路 1/1,
Android 4.4.4,270,yandex,web,webSourceM3U8/JoyPage.txt:53,webview://https://yandex.com,PAGE_LOADED_PLAYBACK_NOT_VERIFIED,4363,正在打开网页直播 · 线路 1/1,
Android 4.4.4,271,720云,web,webSourceM3U8/JoyPage.txt:54,webview://https://www.720yun.com,PAGE_LOADED_PLAYBACK_NOT_VERIFIED,4364,正在打开网页直播 · 线路 1/1,
Android 4.4.4,272,美璟世界,web,webSourceM3U8/JoyPage.txt:55,webview://https://www.mzgf.com,PAGE_LOADED_PLAYBACK_NOT_VERIFIED,4380,正在打开网页直播 · 线路 1/1,
Android 4.4.4,273,视觉中国,web,webSourceM3U8/JoyPage.txt:56,webview://https://www.vcg.com,PAGE_LOADED_PLAYBACK_NOT_VERIFIED,4347,正在打开网页直播 · 线路 1/1,
Android 4.4.4,274,09年的B站,web,webSourceM3U8/JoyPage.txt:57,webview://https://www.bilibili.com/blackboard/bilibili2009.html,PAGE_LOADED_PLAYBACK_NOT_VERIFIED,4363,正在打开网页直播 · 线路 1/1,
Android 4.4.4,275,Neal.fun,web,webSourceM3U8/JoyPage.txt:58,webview://https://neal.fun,PAGE_LOADED_PLAYBACK_NOT_VERIFIED,4380,正在打开网页直播 · 线路 1/1,
Android 4.4.4,276,4399,web,webSourceM3U8/JoyPage.txt:59,webview://https://4399.com,PAGE_LOADED_PLAYBACK_NOT_VERIFIED,4364,正在打开网页直播 · 线路 1/1,
Android 4.4.4,277,宝玩,web,webSourceM3U8/JoyPage.txt:60,webview://https://poki.com/zh,PAGE_LOADED_PLAYBACK_NOT_VERIFIED,4364,正在打开网页直播 · 线路 1/1,
Android 4.4.4,278,疯狂游戏,web,webSourceM3U8/JoyPage.txt:61,webview://https://www.crazygames.com,PAGE_LOADED_PLAYBACK_NOT_VERIFIED,4364,正在打开网页直播 · 线路 1/1,
Android 4.4.4,279,B站4k免限,web,webSourceM3U8/k-web/ku9.txt:19,webview://https://www.bilibili.com/video/BV1NGZtBwELa,NO_PLAYBACK_OBSERVED,12947,正在打开网页直播 · 线路 1/1,
Android 4.4.4,280,B站直播测试,web,webSourceM3U8/k-web/ku9.txt:20,webview://https://live.bilibili.com/24022841,NO_PLAYBACK_OBSERVED,12864,正在打开网页直播 · 线路 1/1,
Android 4.4.4,281,CCTV1,web,webSourceM3U8/webview.txt:1,webview://https://yangshipin.cn/tv/home?pid=600001859,NATIVE_VIDEO_FRAMES,6361,直播播放中 · 线路 1/1,
Android 4.4.4,282,CCTV2,web,webSourceM3U8/webview.txt:2,webview://https://yangshipin.cn/tv/home?pid=600001800,NATIVE_VIDEO_FRAMES,5456,直播播放中 · 线路 1/1,
Android 4.4.4,283,CCTV3,web,webSourceM3U8/webview.txt:3,webview://https://yangshipin.cn/tv/home?pid=600001801,NATIVE_VIDEO_FRAMES,5041,直播播放中 · 线路 1/1,
Android 4.4.4,284,CCTV4,web,webSourceM3U8/webview.txt:4,webview://https://yangshipin.cn/tv/home?pid=600001814,NATIVE_VIDEO_FRAMES,7897,直播播放中 · 线路 1/1,
Android 4.4.4,285,CCTV5,web,webSourceM3U8/webview.txt:5,webview://https://yangshipin.cn/tv/home?pid=600001818,NATIVE_VIDEO_FRAMES,6665,直播播放中 · 线路 1/1,
Android 4.4.4,286,CCTV6,web,webSourceM3U8/webview.txt:6,webview://https://yangshipin.cn/tv/home?pid=600108442,NATIVE_VIDEO_FRAMES,4944,直播播放中 · 线路 1/1,
Android 4.4.4,287,CCTV7,web,webSourceM3U8/webview.txt:7,webview://https://yangshipin.cn/tv/home?pid=600004092,NATIVE_VIDEO_FRAMES,4607,直播播放中 · 线路 1/1,
Android 4.4.4,288,CCTV8,web,webSourceM3U8/webview.txt:8,webview://https://yangshipin.cn/tv/home?pid=600001803,NATIVE_VIDEO_FRAMES,7953,直播播放中 · 线路 1/1,
Android 4.4.4,289,CCTV9,web,webSourceM3U8/webview.txt:9,webview://https://yangshipin.cn/tv/home?pid=600004078,NATIVE_VIDEO_FRAMES,5826,直播播放中 · 线路 1/1,
Android 4.4.4,290,CCTV10,web,webSourceM3U8/webview.txt:10,webview://https://yangshipin.cn/tv/home?pid=600001805,RESOLVE_FAILED,902,央视频解析失败，当前频道没有备用线路 · 线路 1/1,
Android 4.4.4,291,CCTV11,web,webSourceM3U8/webview.txt:11,webview://https://yangshipin.cn/tv/home?pid=600001806,NATIVE_VIDEO_FRAMES,6238,直播播放中 · 线路 1/1,
Android 4.4.4,292,CCTV12,web,webSourceM3U8/webview.txt:12,webview://https://yangshipin.cn/tv/home?pid=600001807,NATIVE_VIDEO_FRAMES,7083,直播播放中 · 线路 1/1,
Android 4.4.4,293,CCTV13,web,webSourceM3U8/webview.txt:13,webview://https://yangshipin.cn/tv/home?pid=600001811,NATIVE_VIDEO_FRAMES,7162,直播播放中 · 线路 1/1,
Android 4.4.4,294,CCTV14,web,webSourceM3U8/webview.txt:14,webview://https://yangshipin.cn/tv/home?pid=600001809,NATIVE_VIDEO_FRAMES,4535,直播播放中 · 线路 1/1,
Android 4.4.4,295,CCTV15,web,webSourceM3U8/webview.txt:15,webview://https://yangshipin.cn/tv/home?pid=600001815,NATIVE_VIDEO_FRAMES,7516,直播播放中 · 线路 1/1,
Android 4.4.4,296,CCTV16,web,webSourceM3U8/webview.txt:16,webview://https://yangshipin.cn/tv/home?pid=600098637,NATIVE_VIDEO_FRAMES,9084,直播播放中 · 线路 1/1,
Android 4.4.4,297,CCTV17,web,webSourceM3U8/webview.txt:17,webview://https://yangshipin.cn/tv/home?pid=600001810,NATIVE_VIDEO_FRAMES,5400,直播播放中 · 线路 1/1,
Android 4.4.4,298,CCTV5+,web,webSourceM3U8/webview.txt:18,webview://https://yangshipin.cn/tv/home?pid=600001817,NATIVE_VIDEO_FRAMES,6321,直播播放中 · 线路 1/1,
Android 4.4.4,299,CCTV4K,web,webSourceM3U8/webview.txt:19,webview://https://yangshipin.cn/tv/home?pid=600002264,NATIVE_VIDEO_FRAMES,5831,直播播放中 · 线路 1/1,
Android 4.4.4,300,CCTV8K,web,webSourceM3U8/webview.txt:20,webview://https://yangshipin.cn/tv/home?pid=600156816,NATIVE_VIDEO_FRAMES,5197,直播播放中 · 线路 1/1,
Android 4.4.4,301,CCTV1,web,webSourceM3U8/webview.txt:21,webview://https://tv.cctv.com/live/cctv1/,NATIVE_VIDEO_FRAMES,13153,直播播放中 · 线路 1/1,
Android 4.4.4,302,CCTV2,web,webSourceM3U8/webview.txt:22,webview://https://tv.cctv.com/live/cctv2/,NATIVE_VIDEO_FRAMES,7420,直播播放中 · 线路 1/1,
Android 4.4.4,303,CCTV3,web,webSourceM3U8/webview.txt:23,webview://https://tv.cctv.com/live/cctv3/,NATIVE_VIDEO_FRAMES,7096,直播播放中 · 线路 1/1,
Android 4.4.4,304,CCTV4,web,webSourceM3U8/webview.txt:24,webview://https://tv.cctv.com/live/cctv4/,NATIVE_VIDEO_FRAMES,7901,直播播放中 · 线路 1/1,
Android 4.4.4,305,CCTV5,web,webSourceM3U8/webview.txt:25,webview://https://tv.cctv.com/live/cctv5/,NATIVE_VIDEO_FRAMES,7468,直播播放中 · 线路 1/1,
Android 4.4.4,306,CCTV6,web,webSourceM3U8/webview.txt:26,webview://https://tv.cctv.com/live/cctv6/,NATIVE_VIDEO_FRAMES,7045,直播播放中 · 线路 1/1,
Android 4.4.4,307,CCTV7,web,webSourceM3U8/webview.txt:27,webview://https://tv.cctv.com/live/cctv7/,NATIVE_VIDEO_FRAMES,8325,直播播放中 · 线路 1/1,
Android 4.4.4,308,CCTV8,web,webSourceM3U8/webview.txt:28,webview://https://tv.cctv.com/live/cctv8/,NATIVE_VIDEO_FRAMES,6612,直播播放中 · 线路 1/1,
Android 4.4.4,309,CCTV9,web,webSourceM3U8/webview.txt:29,webview://https://tv.cctv.com/live/cctvjilu/,NATIVE_VIDEO_FRAMES,9933,直播播放中 · 线路 1/1,
Android 4.4.4,310,CCTV10,web,webSourceM3U8/webview.txt:30,webview://https://tv.cctv.com/live/cctv10/,NATIVE_VIDEO_FRAMES,5834,直播播放中 · 线路 1/1,
Android 4.4.4,311,CCTV11,web,webSourceM3U8/webview.txt:31,webview://https://tv.cctv.com/live/cctv11/,NATIVE_VIDEO_FRAMES,8665,直播播放中 · 线路 1/1,
Android 4.4.4,312,CCTV12,web,webSourceM3U8/webview.txt:32,webview://https://tv.cctv.com/live/cctv12/,NATIVE_VIDEO_FRAMES,8631,直播播放中 · 线路 1/1,
Android 4.4.4,313,CCTV13,web,webSourceM3U8/webview.txt:33,webview://https://tv.cctv.com/live/cctv13/,NATIVE_VIDEO_FRAMES,9985,直播播放中 · 线路 1/1,
Android 4.4.4,314,CCTV14,web,webSourceM3U8/webview.txt:34,webview://https://tv.cctv.com/live/cctvchild/,NATIVE_VIDEO_FRAMES,5827,直播播放中 · 线路 1/1,
Android 4.4.4,315,CCTV15,web,webSourceM3U8/webview.txt:35,webview://https://tv.cctv.com/live/cctv15/,NATIVE_VIDEO_FRAMES,7848,直播播放中 · 线路 1/1,
Android 4.4.4,316,CCTV16,web,webSourceM3U8/webview.txt:36,webview://https://tv.cctv.com/live/cctv16/,NATIVE_VIDEO_FRAMES,9179,直播播放中 · 线路 1/1,
Android 4.4.4,317,CCTV17,web,webSourceM3U8/webview.txt:37,webview://https://tv.cctv.com/live/cctv17/,NATIVE_VIDEO_FRAMES,10164,直播播放中 · 线路 1/1,
Android 4.4.4,318,CCTV4(欧),web,webSourceM3U8/webview.txt:38,webview://https://tv.cctv.com/live/cctveurope/,NATIVE_VIDEO_FRAMES,6666,直播播放中 · 线路 1/1,
Android 4.4.4,319,CCTV4(美),web,webSourceM3U8/webview.txt:39,webview://https://tv.cctv.com/live/cctvamerica/,NATIVE_VIDEO_FRAMES,5830,直播播放中 · 线路 1/1,
Android 4.4.4,320,CCTV5+,web,webSourceM3U8/webview.txt:40,webview://https://tv.cctv.com/live/cctv5plus/,NATIVE_VIDEO_FRAMES,9962,直播播放中 · 线路 1/1,
Android 4.4.4,321,CCTV风云剧场,web,webSourceM3U8/webview.txt:41,webview://https://yangshipin.cn/tv/home?pid=600099658,NATIVE_VIDEO_FRAMES,4150,直播播放中 · 线路 1/1,
Android 4.4.4,322,CCTV第一剧场,web,webSourceM3U8/webview.txt:42,webview://https://yangshipin.cn/tv/home?pid=600099655,NATIVE_VIDEO_FRAMES,4715,直播播放中 · 线路 1/1,
Android 4.4.4,323,CCTV怀旧剧场,web,webSourceM3U8/webview.txt:43,webview://https://yangshipin.cn/tv/home?pid=600099620,NATIVE_VIDEO_FRAMES,4700,直播播放中 · 线路 1/1,
Android 4.4.4,324,CGTN英语,web,webSourceM3U8/webview.txt:44,webview://https://yangshipin.cn/tv/home?pid=600014550,NATIVE_VIDEO_FRAMES,5227,直播播放中 · 线路 1/1,
Android 4.4.4,325,CGTN记录,web,webSourceM3U8/webview.txt:45,webview://https://yangshipin.cn/tv/home?pid=600084781,NATIVE_VIDEO_FRAMES,6268,直播播放中 · 线路 1/1,
Android 4.4.4,326,CGTN俄语,web,webSourceM3U8/webview.txt:46,webview://https://yangshipin.cn/tv/home?pid=600084758,NATIVE_VIDEO_FRAMES,5785,直播播放中 · 线路 1/1,
Android 4.4.4,327,CGTN法语,web,webSourceM3U8/webview.txt:47,webview://https://yangshipin.cn/tv/home?pid=600084704,NATIVE_VIDEO_FRAMES,7758,直播播放中 · 线路 1/1,
Android 4.4.4,328,CGTN西语,web,webSourceM3U8/webview.txt:48,webview://https://yangshipin.cn/tv/home?pid=600084744,NATIVE_VIDEO_FRAMES,5807,直播播放中 · 线路 1/1,
Android 4.4.4,329,CGTN阿语,web,webSourceM3U8/webview.txt:49,webview://https://yangshipin.cn/tv/home?pid=600084782,NATIVE_VIDEO_FRAMES,5347,直播播放中 · 线路 1/1,
Android 4.4.4,330,北京卫视,web,webSourceM3U8/webview.txt:50,webview://https://yangshipin.cn/tv/home?pid=600002309,NATIVE_VIDEO_FRAMES,6983,直播播放中 · 线路 1/1,
Android 4.4.4,331,江苏卫视,web,webSourceM3U8/webview.txt:51,webview://https://yangshipin.cn/tv/home?pid=600002521,NATIVE_VIDEO_FRAMES,5398,直播播放中 · 线路 1/1,
Android 4.4.4,332,东方卫视,web,webSourceM3U8/webview.txt:52,webview://https://yangshipin.cn/tv/home?pid=600002483,NATIVE_VIDEO_FRAMES,4604,直播播放中 · 线路 1/1,
Android 4.4.4,333,浙江卫视,web,webSourceM3U8/webview.txt:53,webview://https://yangshipin.cn/tv/home?pid=600002520,NATIVE_VIDEO_FRAMES,6184,直播播放中 · 线路 1/1,
Android 4.4.4,334,湖南卫视,web,webSourceM3U8/webview.txt:54,webview://https://yangshipin.cn/tv/home?pid=600002475,NATIVE_VIDEO_FRAMES,6215,直播播放中 · 线路 1/1,
Android 4.4.4,335,湖北卫视,web,webSourceM3U8/webview.txt:55,webview://https://yangshipin.cn/tv/home?pid=600002508,NATIVE_VIDEO_FRAMES,5366,直播播放中 · 线路 1/1,
Android 4.4.4,336,广东卫视,web,webSourceM3U8/webview.txt:56,webview://https://yangshipin.cn/tv/home?pid=600002485,NATIVE_VIDEO_FRAMES,5217,直播播放中 · 线路 1/1,
Android 4.4.4,337,广西卫视,web,webSourceM3U8/webview.txt:57,webview://https://yangshipin.cn/tv/home?pid=600002509,NATIVE_VIDEO_FRAMES,5459,直播播放中 · 线路 1/1,
Android 4.4.4,338,黑龙江卫视,web,webSourceM3U8/webview.txt:58,webview://https://yangshipin.cn/tv/home?pid=600002498,NATIVE_VIDEO_FRAMES,5912,直播播放中 · 线路 1/1,
Android 4.4.4,339,海南卫视,web,webSourceM3U8/webview.txt:59,webview://https://yangshipin.cn/tv/home?pid=600002506,NATIVE_VIDEO_FRAMES,5367,直播播放中 · 线路 1/1,
Android 4.4.4,340,重庆卫视,web,webSourceM3U8/webview.txt:60,webview://https://yangshipin.cn/tv/home?pid=600002531,NATIVE_VIDEO_FRAMES,6196,直播播放中 · 线路 1/1,
Android 4.4.4,341,深圳卫视,web,webSourceM3U8/webview.txt:61,webview://https://yangshipin.cn/tv/home?pid=600002481,NATIVE_VIDEO_FRAMES,5558,直播播放中 · 线路 1/1,
Android 4.4.4,342,四川卫视,web,webSourceM3U8/webview.txt:62,webview://https://yangshipin.cn/tv/home?pid=600002516,NATIVE_VIDEO_FRAMES,3314,直播播放中 · 线路 1/1,
Android 4.4.4,343,河南卫视,web,webSourceM3U8/webview.txt:63,webview://https://yangshipin.cn/tv/home?pid=600002525,NATIVE_VIDEO_FRAMES,6638,直播播放中 · 线路 1/1,
Android 4.4.4,344,福建东南卫视,web,webSourceM3U8/webview.txt:64,webview://https://yangshipin.cn/tv/home?pid=600002484,NATIVE_VIDEO_FRAMES,6196,直播播放中 · 线路 1/1,
Android 4.4.4,345,贵州卫视,web,webSourceM3U8/webview.txt:65,webview://https://yangshipin.cn/tv/home?pid=600002490,NATIVE_VIDEO_FRAMES,8297,直播播放中 · 线路 1/1,
Android 4.4.4,346,江西卫视,web,webSourceM3U8/webview.txt:66,webview://https://yangshipin.cn/tv/home?pid=600002503,NATIVE_VIDEO_FRAMES,6845,直播播放中 · 线路 1/1,
Android 4.4.4,347,辽宁卫视,web,webSourceM3U8/webview.txt:67,webview://https://yangshipin.cn/tv/home?pid=600002505,NATIVE_VIDEO_FRAMES,5389,直播播放中 · 线路 1/1,
Android 4.4.4,348,安徽卫视,web,webSourceM3U8/webview.txt:68,webview://https://yangshipin.cn/tv/home?pid=600002532,NATIVE_VIDEO_FRAMES,5419,直播播放中 · 线路 1/1,
Android 4.4.4,349,河北卫视,web,webSourceM3U8/webview.txt:69,webview://https://yangshipin.cn/tv/home?pid=600002493,NATIVE_VIDEO_FRAMES,5798,直播播放中 · 线路 1/1,
Android 4.4.4,350,山东卫视,web,webSourceM3U8/webview.txt:70,webview://https://yangshipin.cn/tv/home?pid=600002513,NATIVE_VIDEO_FRAMES,6261,直播播放中 · 线路 1/1,
Android 4.4.4,351,天津卫视,web,webSourceM3U8/webview.txt:71,webview://https://yangshipin.cn/tv/home?pid=600152137,NATIVE_VIDEO_FRAMES,3801,直播播放中 · 线路 1/1,
Android 4.4.4,352,吉林卫视,web,webSourceM3U8/webview.txt:72,webview://https://yangshipin.cn/tv/home?pid=600190405,NATIVE_VIDEO_FRAMES,7216,直播播放中 · 线路 1/1,
Android 4.4.4,353,陕西卫视,web,webSourceM3U8/webview.txt:73,webview://https://yangshipin.cn/tv/home?pid=600190400,NATIVE_VIDEO_FRAMES,6282,直播播放中 · 线路 1/1,
Android 4.4.4,354,甘肃卫视,web,webSourceM3U8/webview.txt:74,webview://https://yangshipin.cn/tv/home?pid=600190408,NATIVE_VIDEO_FRAMES,4983,直播播放中 · 线路 1/1,
Android 4.4.4,355,宁夏卫视,web,webSourceM3U8/webview.txt:75,webview://https://yangshipin.cn/tv/home?pid=600190737,NATIVE_VIDEO_FRAMES,5397,直播播放中 · 线路 1/1,
Android 4.4.4,356,内蒙古卫视,web,webSourceM3U8/webview.txt:76,webview://https://yangshipin.cn/tv/home?pid=600190401,NATIVE_VIDEO_FRAMES,4943,直播播放中 · 线路 1/1,
Android 4.4.4,357,云南卫视,web,webSourceM3U8/webview.txt:77,webview://https://yangshipin.cn/tv/home?pid=600190402,NATIVE_VIDEO_FRAMES,5416,直播播放中 · 线路 1/1,
Android 4.4.4,358,山西卫视,web,webSourceM3U8/webview.txt:78,webview://https://yangshipin.cn/tv/home?pid=600190407,NATIVE_VIDEO_FRAMES,8231,直播播放中 · 线路 1/1,
Android 4.4.4,359,青海卫视,web,webSourceM3U8/webview.txt:79,webview://https://yangshipin.cn/tv/home?pid=600190406,NATIVE_VIDEO_FRAMES,4541,直播播放中 · 线路 1/1,
Android 4.4.4,360,西藏卫视,web,webSourceM3U8/webview.txt:80,webview://https://yangshipin.cn/tv/home?pid=600190403,NATIVE_VIDEO_FRAMES,4991,直播播放中 · 线路 1/1,
Android 4.4.4,361,新疆卫视,web,webSourceM3U8/webview.txt:81,webview://https://www.yangshipin.cn/tv/home?pid=600152138,NATIVE_VIDEO_FRAMES,3394,直播播放中 · 线路 1/1,
Android 4.4.4,362,亳州综合,web,webSourceM3U8/webview.txt:82,webview://https://www.ahbztv.com/televisi0n.html,NO_PLAYBACK_OBSERVED,12369,网页已打开 · 可在管理页开启飞鼠 · 线路 1/1,
Android 4.4.4,363,芜湖新闻综合,web,webSourceM3U8/webview.txt:83,webview://http://www.wuhubtv.com/folder1194/#,NO_PLAYBACK_OBSERVED,12237,网页已打开 · 可在管理页开启飞鼠 · 线路 1/1,
Android 4.4.4,364,合肥新闻,web,webSourceM3U8/webview.txt:84,webview://https://app.hfbtc.cn/shows/2/1.html,NO_PLAYBACK_OBSERVED,12325,网页已打开 · 可在管理页开启飞鼠 · 线路 1/1,
Android 4.4.4,365,合肥生活,web,webSourceM3U8/webview.txt:85,webview://https://app.hfbtc.cn/shows/2/2.html,NO_PLAYBACK_OBSERVED,12284,网页已打开 · 可在管理页开启飞鼠 · 线路 1/1,
Android 4.4.4,366,合肥科创,web,webSourceM3U8/webview.txt:86,webview://https://app.hfbtc.cn/shows/2/3.html,NO_PLAYBACK_OBSERVED,12312,网页已打开 · 可在管理页开启飞鼠 · 线路 1/1,
Android 4.4.4,367,合肥教育法治,web,webSourceM3U8/webview.txt:87,webview://https://app.hfbtc.cn/shows/2/4.html,NO_PLAYBACK_OBSERVED,12332,网页已打开 · 可在管理页开启飞鼠 · 线路 1/1,
Android 4.4.4,368,铜陵新闻综合,web,webSourceM3U8/webview.txt:88,webview://http://wxfx.tlbts.com/mag/livevideo/v1/video/wapVideoView?id=56,NATIVE_VIDEO_FRAMES,4304,直播播放中 · 线路 1/1,
Android 4.4.4,369,阜阳新闻综合,web,webSourceM3U8/webview.txt:89,webview://https://web.guangdianyun.tv/tv/2851?uin=2577,NO_PLAYBACK_OBSERVED,12363,网页已打开 · 可在管理页开启飞鼠 · 线路 1/1,
Android 4.4.4,370,阜阳生活,web,webSourceM3U8/webview.txt:90,webview://https://web.guangdianyun.tv/tv/2853?uin=2577,NO_PLAYBACK_OBSERVED,12297,网页已打开 · 可在管理页开启飞鼠 · 线路 1/1,
Android 4.4.4,371,泉州新闻综合,web,webSourceM3U8/webview.txt:93,webview://https://www.qztv.cn/index/Medias/index/media_id/wq95wqbDnMKyd8KiwqzChnt0w5nChcKowoHCoQ/stream_name/news.html,NO_PLAYBACK_OBSERVED,12160,网页已打开 · 可在管理页开启飞鼠 · 线路 1/1,
Android 4.4.4,372,泉州闽南语,web,webSourceM3U8/webview.txt:94,webview://https://www.qztv.cn/index/Medias/index/media_id/wq95wqbDnMKyd8KiwqzChnt0w5nChcKofcKh/stream_name/mny.html,NO_PLAYBACK_OBSERVED,12402,网页已打开 · 可在管理页开启飞鼠 · 线路 1/1,
Android 4.4.4,373,晋江电视台,web,webSourceM3U8/webview.txt:95,webview://http://www.jinjiang.tv/live/,NO_PLAYBACK_OBSERVED,12335,正在加载网页直播 · 线路 1/1,
Android 4.4.4,374,兰州新闻综合,web,webSourceM3U8/webview.txt:96,webview://https://www.lzr.com.cn/folder25/folder26/,NO_PLAYBACK_OBSERVED,12216,正在加载网页直播 · 线路 1/1,
Android 4.4.4,375,兰州新闻综合,web,webSourceM3U8/webview.txt:97,webview://https://lanzhoubcnew.zainanjing365.com/share/live/detailTv?resourceId=12&appscheme=gdmm-ailanzhou,NO_PLAYBACK_OBSERVED,12211,网页已打开 · 可在管理页开启飞鼠 · 线路 1/1,
Android 4.4.4,376,兰州文旅,web,webSourceM3U8/webview.txt:98,webview://https://www.lzr.com.cn/folder25/folder26/folder30/,NO_PLAYBACK_OBSERVED,12025,正在加载网页直播 · 线路 1/1,
Android 4.4.4,377,兰州文旅,web,webSourceM3U8/webview.txt:99,webview://https://lanzhoubcnew.zainanjing365.com/share/live/detailTv?resourceId=14&appscheme=gdmm-ailanzhou,NO_PLAYBACK_OBSERVED,12143,网页已打开 · 可在管理页开启飞鼠 · 线路 1/1,
Android 4.4.4,378,广东卫视,web,webSourceM3U8/webview.txt:102,webview://https://www.gdtv.cn/tvChannelDetail/43,NO_PLAYBACK_OBSERVED,12041,网页已打开 · 可在管理页开启飞鼠 · 线路 1/1,
Android 4.4.4,379,广东珠江,web,webSourceM3U8/webview.txt:103,webview://https://www.gdtv.cn/tvChannelDetail/44,NO_PLAYBACK_OBSERVED,12319,网页已打开 · 可在管理页开启飞鼠 · 线路 1/1,
Android 4.4.4,380,广东新闻,web,webSourceM3U8/webview.txt:104,webview://https://www.gdtv.cn/tvChannelDetail/45,NO_PLAYBACK_OBSERVED,12109,网页已打开 · 可在管理页开启飞鼠 · 线路 1/1,
Android 4.4.4,381,广东民生,web,webSourceM3U8/webview.txt:105,webview://https://www.gdtv.cn/tvChannelDetail/48,NO_PLAYBACK_OBSERVED,12245,网页已打开 · 可在管理页开启飞鼠 · 线路 1/1,
Android 4.4.4,382,广东体育,web,webSourceM3U8/webview.txt:106,webview://https://www.gdtv.cn/tvChannelDetail/47,NO_PLAYBACK_OBSERVED,12205,网页已打开 · 可在管理页开启飞鼠 · 线路 1/1,
Android 4.4.4,383,大湾区卫视,web,webSourceM3U8/webview.txt:107,webview://https://www.gdtv.cn/tvChannelDetail/51,NO_PLAYBACK_OBSERVED,12106,网页已打开 · 可在管理页开启飞鼠 · 线路 1/1,
Android 4.4.4,384,大湾区卫视（海外版）,web,webSourceM3U8/webview.txt:108,webview://https://www.gdtv.cn/tvChannelDetail/46,NO_PLAYBACK_OBSERVED,12126,网页已打开 · 可在管理页开启飞鼠 · 线路 1/1,
Android 4.4.4,385,广东影视,web,webSourceM3U8/webview.txt:109,webview://https://www.gdtv.cn/tvChannelDetail/53,NO_PLAYBACK_OBSERVED,12180,网页已打开 · 可在管理页开启飞鼠 · 线路 1/1,
Android 4.4.4,386,4K超高清,web,webSourceM3U8/webview.txt:110,webview://https://www.gdtv.cn/tvChannelDetail/16,NO_PLAYBACK_OBSERVED,12096,网页已打开 · 可在管理页开启飞鼠 · 线路 1/1,
Android 4.4.4,387,广东少儿,web,webSourceM3U8/webview.txt:111,webview://https://www.gdtv.cn/tvChannelDetail/54,NO_PLAYBACK_OBSERVED,12159,网页已打开 · 可在管理页开启飞鼠 · 线路 1/1,
Android 4.4.4,388,嘉佳卡通,web,webSourceM3U8/webview.txt:112,webview://https://www.gdtv.cn/tvChannelDetail/66,NO_PLAYBACK_OBSERVED,12082,网页已打开 · 可在管理页开启飞鼠 · 线路 1/1,
Android 4.4.4,389,南方购物,web,webSourceM3U8/webview.txt:113,webview://https://www.gdtv.cn/tvChannelDetail/42,NO_PLAYBACK_OBSERVED,12224,网页已打开 · 可在管理页开启飞鼠 · 线路 1/1,
Android 4.4.4,390,岭南戏曲,web,webSourceM3U8/webview.txt:114,webview://https://www.gdtv.cn/tvChannelDetail/15,NO_PLAYBACK_OBSERVED,12107,网页已打开 · 可在管理页开启飞鼠 · 线路 1/1,
Android 4.4.4,391,广东移动,web,webSourceM3U8/webview.txt:115,webview://https://www.gdtv.cn/tvChannelDetail/74,NO_PLAYBACK_OBSERVED,12259,网页已打开 · 可在管理页开启飞鼠 · 线路 1/1,
Android 4.4.4,392,荔枝台,web,webSourceM3U8/webview.txt:116,webview://https://www.gdtv.cn/tvChannelDetail/100,NO_PLAYBACK_OBSERVED,12322,网页已打开 · 可在管理页开启飞鼠 · 线路 1/1,
Android 4.4.4,393,纪录片,web,webSourceM3U8/webview.txt:117,webview://https://www.gdtv.cn/tvChannelDetail/94,NO_PLAYBACK_OBSERVED,12358,网页已打开 · 可在管理页开启飞鼠 · 线路 1/1,
Android 4.4.4,394,GRTN生活频道,web,webSourceM3U8/webview.txt:118,webview://https://www.gdtv.cn/tvChannelDetail/102,NO_PLAYBACK_OBSERVED,12067,网页已打开 · 可在管理页开启飞鼠 · 线路 1/1,
Android 4.4.4,395,深圳卫视,web,webSourceM3U8/webview.txt:119,webview://https://www.sztv.com.cn/dianshi.shtml?id=7867,NO_PLAYBACK_OBSERVED,12194,网页已打开 · 可在管理页开启飞鼠 · 线路 1/1,
Android 4.4.4,396,深圳都市,web,webSourceM3U8/webview.txt:120,webview://https://www.sztv.com.cn/dianshi.shtml?id=7868,NO_PLAYBACK_OBSERVED,12351,网页已打开 · 可在管理页开启飞鼠 · 线路 1/1,
Android 4.4.4,397,深圳电视剧,web,webSourceM3U8/webview.txt:121,webview://https://www.sztv.com.cn/dianshi.shtml?id=7880,NO_PLAYBACK_OBSERVED,12348,网页已打开 · 可在管理页开启飞鼠 · 线路 1/1,
Android 4.4.4,398,深圳财经,web,webSourceM3U8/webview.txt:122,webview://https://www.sztv.com.cn/dianshi.shtml?id=7871,NO_PLAYBACK_OBSERVED,12041,网页已打开 · 可在管理页开启飞鼠 · 线路 1/1,
Android 4.4.4,399,深圳少儿,web,webSourceM3U8/webview.txt:123,webview://https://www.sztv.com.cn/dianshi.shtml?id=7881,NO_PLAYBACK_OBSERVED,12043,网页已打开 · 可在管理页开启飞鼠 · 线路 1/1,
Android 4.4.4,400,深圳移动,web,webSourceM3U8/webview.txt:124,webview://https://www.sztv.com.cn/dianshi.shtml?id=7869,NO_PLAYBACK_OBSERVED,12078,网页已打开 · 可在管理页开启飞鼠 · 线路 1/1,
Android 4.4.4,401,深圳宜和购物,web,webSourceM3U8/webview.txt:125,webview://https://www.sztv.com.cn/dianshi.shtml?id=7878,NO_PLAYBACK_OBSERVED,12384,网页已打开 · 可在管理页开启飞鼠 · 线路 1/1,
Android 4.4.4,402,深圳国际,web,webSourceM3U8/webview.txt:126,webview://https://www.sztv.com.cn/dianshi.shtml?id=7944,NO_PLAYBACK_OBSERVED,12014,网页已打开 · 可在管理页开启飞鼠 · 线路 1/1,
Android 4.4.4,403,东莞生活咨询,web,webSourceM3U8/webview.txt:132,webview://https://dgrtv.sun0769.com/online/280.html,NO_PLAYBACK_OBSERVED,12154,网页已打开 · 可在管理页开启飞鼠 · 线路 1/1,
Android 4.4.4,404,东莞新闻综合,web,webSourceM3U8/webview.txt:133,webview://https://dgrtv.sun0769.com/online/279.html,NO_PLAYBACK_OBSERVED,12241,网页已打开 · 可在管理页开启飞鼠 · 线路 1/1,
Android 4.4.4,405,江门综合,web,webSourceM3U8/webview.txt:134,webview://http://www.jmtv.cn/live/jm_live_h5.shtml?pid=1,NO_PLAYBACK_OBSERVED,12144,网页已打开 · 可在管理页开启飞鼠 · 线路 1/1,
Android 4.4.4,406,河源综合,web,webSourceM3U8/webview.txt:135,webview://https://www.hyrtv.cn/itv/zhds/,NO_PLAYBACK_OBSERVED,12380,网页已打开 · 可在管理页开启飞鼠 · 线路 1/1,
Android 4.4.4,407,河源生活,web,webSourceM3U8/webview.txt:136,webview://https://www.hyrtv.cn/itv/ggds/,NO_PLAYBACK_OBSERVED,12081,网页已打开 · 可在管理页开启飞鼠 · 线路 1/1,
Android 4.4.4,408,清远新闻综合,web,webSourceM3U8/webview.txt:137,webview://https://h5.qyrb.cn/h5/nfzmy-television-and-radio/#/?channelId=1,NO_PLAYBACK_OBSERVED,12065,网页已打开 · 可在管理页开启飞鼠 · 线路 1/1,
Android 4.4.4,409,清远文旅生活,web,webSourceM3U8/webview.txt:138,webview://https://h5.qyrb.cn/h5/nfzmy-television-and-radio/#/?channelId=3,NO_PLAYBACK_OBSERVED,12269,网页已打开 · 可在管理页开启飞鼠 · 线路 1/1,
Android 4.4.4,410,韶关,web,webSourceM3U8/webview.txt:139,webview://https://www.sgmsw.cn/v/tv?spm=0.0.0.0.nRYAvk&id=SB05RIYZOU8JR418AUQOF62CAJQ08D0E,NATIVE_VIDEO_FRAMES,9127,直播播放中 · 线路 1/1,
Android 4.4.4,411,肇庆综合,web,webSourceM3U8/webview.txt:140,webview://https://zqh5.xjrb.com/h5/nfzmy-television-and-radio/#/?channelId=33,NO_PLAYBACK_OBSERVED,12314,网页已打开 · 可在管理页开启飞鼠 · 线路 1/1,
Android 4.4.4,412,清远新闻综合,web,webSourceM3U8/webview.txt:143,webview://https://www.qyrb.cn/tv/rM834x3d5a.html,NO_PLAYBACK_OBSERVED,12161,网页已打开 · 可在管理页开启飞鼠 · 线路 1/1,
Android 4.4.4,413,韶关新闻综合,web,webSourceM3U8/webview.txt:144,webview://https://www.sgmsw.cn/v/tv?spm=0.0.0.0.HGiuAr&id=SB05RIYZOU8JR418AUQOF62CAJQ08D0E,NATIVE_VIDEO_FRAMES,6699,直播播放中 · 线路 1/1,
Android 4.4.4,414,来宾,web,webSourceM3U8/webview.txt:145,webview://https://share-laibin.gxlbcloud.com/fhshare/#/live_detail?contentType=4&id=9,NO_PLAYBACK_OBSERVED,12288,网页已打开 · 可在管理页开启飞鼠 · 线路 1/1,
Android 4.4.4,415,北海新闻综合,web,webSourceM3U8/webview.txt:146,webview://https://res.gxbhxww.cn/html/rft/live.html?channelId=389d764cf13244de97a30bc44161d235&type=1&siteId=c510269b15014be4aaf5aa6d2b92c629&shareAppId=c510269b15014be4aaf5aa6d2b92c629,NO_PLAYBACK_OBSERVED,12318,网页已打开 · 可在管理页开启飞鼠 · 线路 1/1,
Android 4.4.4,416,北海经济科教,web,webSourceM3U8/webview.txt:147,webview://https://res.gxbhxww.cn/html/rft/live.html?channelId=51733cd2fd0548d288c3015ec3d0535b&type=1&siteId=c510269b15014be4aaf5aa6d2b92c629&shareAppId=c510269b15014be4aaf5aa6d2b92c629,NO_PLAYBACK_OBSERVED,12028,网页已打开 · 可在管理页开启飞鼠 · 线路 1/1,
Android 4.4.4,417,贵州卫视,web,webSourceM3U8/webview.txt:148,webview://https://www.gzstv.com/tv/ch01,NO_PLAYBACK_OBSERVED,12314,网页已打开 · 可在管理页开启飞鼠 · 线路 1/1,
Android 4.4.4,418,贵州公共,web,webSourceM3U8/webview.txt:149,webview://https://www.gzstv.com/tv/ch02,NO_PLAYBACK_OBSERVED,12020,网页已打开 · 可在管理页开启飞鼠 · 线路 1/1,
Android 4.4.4,419,贵州影视文艺,web,webSourceM3U8/webview.txt:150,webview://https://www.gzstv.com/tv/ch03,NO_PLAYBACK_OBSERVED,12190,网页已打开 · 可在管理页开启飞鼠 · 线路 1/1,
Android 4.4.4,420,贵州大众生活,web,webSourceM3U8/webview.txt:151,webview://https://www.gzstv.com/tv/ch04,NO_PLAYBACK_OBSERVED,12338,网页已打开 · 可在管理页开启飞鼠 · 线路 1/1,
Android 4.4.4,421,贵州生态乡村,web,webSourceM3U8/webview.txt:152,webview://https://www.gzstv.com/tv/ch05,NO_PLAYBACK_OBSERVED,12282,网页已打开 · 可在管理页开启飞鼠 · 线路 1/1,
Android 4.4.4,422,贵州科教健康,web,webSourceM3U8/webview.txt:153,webview://https://www.gzstv.com/tv/ch06,NO_PLAYBACK_OBSERVED,12233,网页已打开 · 可在管理页开启飞鼠 · 线路 1/1,
Android 4.4.4,423,贵州移动,web,webSourceM3U8/webview.txt:154,webview://https://www.gzstv.com/tv/ch13,NO_PLAYBACK_OBSERVED,12328,网页已打开 · 可在管理页开启飞鼠 · 线路 1/1,
Android 4.4.4,424,肇庆综合,web,webSourceM3U8/webview.txt:155,webview://https://zqh5.xjrb.com/h5/nfzmy-television-and-radio/#/?channelId=34,NO_PLAYBACK_OBSERVED,12190,网页已打开 · 可在管理页开启飞鼠 · 线路 1/1,
Android 4.4.4,425,黔南新闻综合,web,webSourceM3U8/webview.txt:156,webview://http://m.qntv.net/cms-tv,NO_PLAYBACK_OBSERVED,12043,网页已打开 · 可在管理页开启飞鼠 · 线路 1/1,
Android 4.4.4,426,安顺新闻综合,web,webSourceM3U8/webview.txt:157,webview://https://www.gzastv.cn/live/live.shtml,NO_PLAYBACK_OBSERVED,12235,网页已打开 · 可在管理页开启飞鼠 · 线路 1/1,
Android 4.4.4,427,海南卫视,web,webSourceM3U8/webview.txt:158,webview://http://tc.hnntv.cn/,NO_PLAYBACK_OBSERVED,12046,正在加载网页直播 · 线路 1/1,
Android 4.4.4,428,三沙卫视,web,webSourceM3U8/webview.txt:159,webview://https://www.hnntv.cn/live.html?playType=livePlay&channelId=5&referPage=home,NATIVE_VIDEO_FRAMES,10119,直播播放中 · 线路 1/1,
Android 4.4.4,429,海南新闻,web,webSourceM3U8/webview.txt:160,webview://https://www.hnntv.cn/live.html?playType=livePlay&channelId=3&referPage=home,NATIVE_VIDEO_FRAMES,4049,直播播放中 · 线路 1/1,
Android 4.4.4,430,海南社会与法,web,webSourceM3U8/webview.txt:161,webview://https://www.hnntv.cn/live.html?playType=livePlay&channelId=4&referPage=home,NATIVE_VIDEO_FRAMES,3878,直播播放中 · 线路 1/1,
Android 4.4.4,431,海南文旅,web,webSourceM3U8/webview.txt:162,webview://https://www.hnntv.cn/live.html?playType=livePlay&channelId=6&referPage=home,NATIVE_VIDEO_FRAMES,3467,直播播放中 · 线路 1/1,
Android 4.4.4,432,海南少儿,web,webSourceM3U8/webview.txt:163,webview://https://www.hnntv.cn/live.html?playType=livePlay&channelId=7&referPage=home,NATIVE_VIDEO_FRAMES,3139,直播播放中 · 线路 1/1,
Android 4.4.4,433,海南自贸,web,webSourceM3U8/webview.txt:164,webview://https://www.hnntv.cn/live.html?playType=livePlay&channelId=1&referPage=home,NATIVE_VIDEO_FRAMES,3149,直播播放中 · 线路 1/1,
Android 4.4.4,434,河北卫视,web,webSourceM3U8/webview.txt:165,webview://https://www.hebtv.com/19/19js/st/xdszb/index.shtml?index=0,NO_PLAYBACK_OBSERVED,12324,网页已打开 · 可在管理页开启飞鼠 · 线路 1/1,
Android 4.4.4,435,河北经济生活,web,webSourceM3U8/webview.txt:166,webview://https://www.hebtv.com/19/19js/st/xdszb/index.shtml?index=1,NO_PLAYBACK_OBSERVED,12350,网页已打开 · 可在管理页开启飞鼠 · 线路 1/1,
Android 4.4.4,436,河北都市,web,webSourceM3U8/webview.txt:167,webview://https://www.hebtv.com/19/19js/st/xdszb/index.shtml?index=2,NO_PLAYBACK_OBSERVED,12040,网页已打开 · 可在管理页开启飞鼠 · 线路 1/1,
Android 4.4.4,437,河北文旅体育,web,webSourceM3U8/webview.txt:168,webview://https://www.hebtv.com/19/19js/st/xdszb/index.shtml?index=3,NO_PLAYBACK_OBSERVED,12402,网页已打开 · 可在管理页开启飞鼠 · 线路 1/1,
Android 4.4.4,438,河北少儿科教,web,webSourceM3U8/webview.txt:169,webview://https://www.hebtv.com/19/19js/st/xdszb/index.shtml?index=4,NO_PLAYBACK_OBSERVED,12215,网页已打开 · 可在管理页开启飞鼠 · 线路 1/1,
Android 4.4.4,439,河北三农,web,webSourceM3U8/webview.txt:170,webview://https://www.hebtv.com/19/19js/st/xdszb/index.shtml?index=5,NO_PLAYBACK_OBSERVED,12294,网页已打开 · 可在管理页开启飞鼠 · 线路 1/1,
Android 4.4.4,440,河北三佳购物,web,webSourceM3U8/webview.txt:171,webview://https://www.hebtv.com/19/19js/st/xdszb/index.shtml?index=6,NO_PLAYBACK_OBSERVED,12217,网页已打开 · 可在管理页开启飞鼠 · 线路 1/1,
Android 4.4.4,441,河南卫视,web,webSourceM3U8/webview.txt:172,webview://https://static.hntv.tv/kds/#/,NO_PLAYBACK_OBSERVED,12063,网页已打开 · 可在管理页开启飞鼠 · 线路 1/1,
Android 4.4.4,442,河南卫视,web,webSourceM3U8/webview.txt:173,webview://https://www.hndyjyfw.gov.cn/livePlay.html?u=1,NO_PLAYBACK_OBSERVED,12114,网页已打开 · 可在管理页开启飞鼠 · 线路 1/1,
Android 4.4.4,443,河南新闻,web,webSourceM3U8/webview.txt:174,webview://https://static.hntv.tv/total/television/?id=149&u-link=1,NO_PLAYBACK_OBSERVED,12335,网页已打开 · 可在管理页开启飞鼠 · 线路 1/1,
Android 4.4.4,444,河南都市,web,webSourceM3U8/webview.txt:175,webview://https://www.hndyjyfw.gov.cn/livePlay.html?u=2,NO_PLAYBACK_OBSERVED,12366,网页已打开 · 可在管理页开启飞鼠 · 线路 1/1,
Android 4.4.4,445,河南都市,web,webSourceM3U8/webview.txt:176,webview://https://www.hntv2.net/index.html#/pages/tv/index,NO_PLAYBACK_OBSERVED,12331,网页已打开 · 可在管理页开启飞鼠 · 线路 1/1,
Android 4.4.4,446,河南民生,web,webSourceM3U8/webview.txt:177,webview://https://www.hndyjyfw.gov.cn/livePlay.html?u=3,NO_PLAYBACK_OBSERVED,12370,网页已打开 · 可在管理页开启飞鼠 · 线路 1/1,
Android 4.4.4,447,河南梨园,web,webSourceM3U8/webview.txt:178,webview://https://www.hndyjyfw.gov.cn/livePlay.html?u=4,NO_PLAYBACK_OBSERVED,12321,网页已打开 · 可在管理页开启飞鼠 · 线路 1/1,
Android 4.4.4,448,河南法治,web,webSourceM3U8/webview.txt:179,webview://https://static.hntv.tv/total/television/?id=147&u-link=1,NO_PLAYBACK_OBSERVED,12010,网页已打开 · 可在管理页开启飞鼠 · 线路 1/1,
Android 4.4.4,449,河南公共,web,webSourceM3U8/webview.txt:180,webview://https://static.hntv.tv/total/television/?id=151&u-link=1,NO_PLAYBACK_OBSERVED,12343,网页已打开 · 可在管理页开启飞鼠 · 线路 1/1,
Android 4.4.4,450,河南乡村,web,webSourceM3U8/webview.txt:181,webview://https://static.hntv.tv/total/television/?id=152&u-link=1,NO_PLAYBACK_OBSERVED,12300,网页已打开 · 可在管理页开启飞鼠 · 线路 1/1,
Android 4.4.4,451,河南乡村,web,webSourceM3U8/webview.txt:182,webview://https://www.hndyjyfw.gov.cn/livePlay.html?u=5,NO_PLAYBACK_OBSERVED,12068,网页已打开 · 可在管理页开启飞鼠 · 线路 1/1,
Android 4.4.4,452,河南电视剧,web,webSourceM3U8/webview.txt:183,webview://https://static.hntv.tv/total/television/?id=148&u-link=1,NO_PLAYBACK_OBSERVED,12352,网页已打开 · 可在管理页开启飞鼠 · 线路 1/1,
Android 4.4.4,453,河南文物宝库,web,webSourceM3U8/webview.txt:184,webview://https://static.hntv.tv/total/television/?id=155&u-link=1,NO_PLAYBACK_OBSERVED,12300,网页已打开 · 可在管理页开启飞鼠 · 线路 1/1,
Android 4.4.4,454,河南武术世界,web,webSourceM3U8/webview.txt:185,webview://https://static.hntv.tv/total/television/?id=156&u-link=1,NO_PLAYBACK_OBSERVED,12356,网页已打开 · 可在管理页开启飞鼠 · 线路 1/1,
Android 4.4.4,455,河南武术世界,web,webSourceM3U8/webview.txt:186,webview://https://www.hndyjyfw.gov.cn/livePlay.html?u=6,NO_PLAYBACK_OBSERVED,12151,网页已打开 · 可在管理页开启飞鼠 · 线路 1/1,
Android 4.4.4,456,河南曲艺,web,webSourceM3U8/webview.txt:187,webview://https://static.hntv.tv/total/television/?id=157&u-link=1,NO_PLAYBACK_OBSERVED,12302,网页已打开 · 可在管理页开启飞鼠 · 线路 1/1,
Android 4.4.4,457,河南国学,web,webSourceM3U8/webview.txt:188,webview://https://static.hntv.tv/total/television/?id=194&u-link=1,NO_PLAYBACK_OBSERVED,12346,网页已打开 · 可在管理页开启飞鼠 · 线路 1/1,
Android 4.4.4,458,河南远程党员教育,web,webSourceM3U8/webview.txt:189,webview://https://www.hndyjyfw.gov.cn/livePlay.html?u=0,NO_PLAYBACK_OBSERVED,12387,网页已打开 · 可在管理页开启飞鼠 · 线路 1/1,
Android 4.4.4,459,郑州综合,web,webSourceM3U8/webview.txt:190,webview://https://static.hntv.tv/total/television/?id=197&u-link=1,NO_PLAYBACK_OBSERVED,12312,网页已打开 · 可在管理页开启飞鼠 · 线路 1/1,
Android 4.4.4,460,开封新闻综合,web,webSourceM3U8/webview.txt:191,webview://https://static.hntv.tv/total/television/?id=198&u-link=1,NO_PLAYBACK_OBSERVED,12359,网页已打开 · 可在管理页开启飞鼠 · 线路 1/1,
Android 4.4.4,461,洛阳综合,web,webSourceM3U8/webview.txt:193,webview://https://static.hntv.tv/total/television/?id=204&u-link=1,NO_PLAYBACK_OBSERVED,12351,网页已打开 · 可在管理页开启飞鼠 · 线路 1/1,
Android 4.4.4,462,平顶山综合,web,webSourceM3U8/webview.txt:196,webview://https://static.hntv.tv/total/television/?id=205&u-link=1,NO_PLAYBACK_OBSERVED,12312,网页已打开 · 可在管理页开启飞鼠 · 线路 1/1,
Android 4.4.4,463,安阳新闻综合,web,webSourceM3U8/webview.txt:197,webview://https://static.hntv.tv/total/television/?id=206&u-link=1,NO_PLAYBACK_OBSERVED,12330,网页已打开 · 可在管理页开启飞鼠 · 线路 1/1,
Android 4.4.4,464,安阳新闻综合,web,webSourceM3U8/webview.txt:198,webview://https://share.aynews.net.cn/share/page/tvLive/?tvid=1&tvType=1&webTenId=1&origin=1,NO_PLAYBACK_OBSERVED,12213,网页已打开 · 可在管理页开启飞鼠 · 线路 1/1,
Android 4.4.4,465,安阳文旅,web,webSourceM3U8/webview.txt:199,webview://https://share.aynews.net.cn/share/page/tvLive/?tvid=3&tvType=1&webTenId=1&origin=1,NO_PLAYBACK_OBSERVED,12174,网页已打开 · 可在管理页开启飞鼠 · 线路 1/1,
Android 4.4.4,466,鹤壁综合,web,webSourceM3U8/webview.txt:200,webview://https://static.hntv.tv/total/television/?id=207&u-link=1,NO_PLAYBACK_OBSERVED,12332,网页已打开 · 可在管理页开启飞鼠 · 线路 1/1,
Android 4.4.4,467,新乡综合,web,webSourceM3U8/webview.txt:201,webview://https://static.hntv.tv/total/television/?id=208&u-link=1,NO_PLAYBACK_OBSERVED,12309,网页已打开 · 可在管理页开启飞鼠 · 线路 1/1,
Android 4.4.4,468,焦作综合,web,webSourceM3U8/webview.txt:202,webview://https://static.hntv.tv/total/television/?id=209&u-link=1,NO_PLAYBACK_OBSERVED,12318,网页已打开 · 可在管理页开启飞鼠 · 线路 1/1,
Android 4.4.4,469,焦作综合,web,webSourceM3U8/webview.txt:203,webview://http://www.jzrt.com/list-zhpd.html,NATIVE_VIDEO_FRAMES,5190,直播播放中 · 线路 1/1,
Android 4.4.4,470,焦作综合,web,webSourceM3U8/webview.txt:204,webview://https://jiaozuo.dxhmt.cn/api/page/goLivePage?liveId=a15a6b9e3e1f435584f903641e85a975,NATIVE_VIDEO_FRAMES,8511,直播播放中 · 线路 1/1,
Android 4.4.4,471,焦作文旅,web,webSourceM3U8/webview.txt:205,webview://http://www.jzrt.com/list-ggpd.html,NATIVE_VIDEO_FRAMES,3579,直播播放中 · 线路 1/1,
Android 4.4.4,472,焦作文旅,web,webSourceM3U8/webview.txt:206,webview://https://jiaozuo.dxhmt.cn/api/page/goLivePage?liveId=6a8a51398cf44ad28bb7808afdc94f4d,NATIVE_VIDEO_FRAMES,4045,直播播放中 · 线路 1/1,
Android 4.4.4,473,濮阳综合,web,webSourceM3U8/webview.txt:207,webview://https://static.hntv.tv/total/television/?id=219&u-link=1,NO_PLAYBACK_OBSERVED,12148,网页已打开 · 可在管理页开启飞鼠 · 线路 1/1,
Android 4.4.4,474,许昌综合,web,webSourceM3U8/webview.txt:208,webview://https://static.hntv.tv/total/television/?id=220&u-link=1,NO_PLAYBACK_OBSERVED,12302,网页已打开 · 可在管理页开启飞鼠 · 线路 1/1,
Android 4.4.4,475,许昌综合,web,webSourceM3U8/webview.txt:209,webview://http://xctv.cn/2359,NO_PLAYBACK_OBSERVED,12229,网页已打开 · 可在管理页开启飞鼠 · 线路 1/1,
Android 4.4.4,476,许昌农业科教,web,webSourceM3U8/webview.txt:210,webview://http://xctv.cn/3918,NO_PLAYBACK_OBSERVED,12156,网页已打开 · 可在管理页开启飞鼠 · 线路 1/1,
Android 4.4.4,477,漯河综合,web,webSourceM3U8/webview.txt:211,webview://https://static.hntv.tv/total/television/?id=221&u-link=1,NO_PLAYBACK_OBSERVED,12357,网页已打开 · 可在管理页开启飞鼠 · 线路 1/1,
Android 4.4.4,478,三门峡综合,web,webSourceM3U8/webview.txt:212,webview://https://static.hntv.tv/total/television/?id=222&u-link=1,NO_PLAYBACK_OBSERVED,12308,网页已打开 · 可在管理页开启飞鼠 · 线路 1/1,
Android 4.4.4,479,南阳综合,web,webSourceM3U8/webview.txt:213,webview://https://static.hntv.tv/total/television/?id=223&u-link=1,NO_PLAYBACK_OBSERVED,12324,网页已打开 · 可在管理页开启飞鼠 · 线路 1/1,
Android 4.4.4,480,商丘综合,web,webSourceM3U8/webview.txt:214,webview://https://static.hntv.tv/total/television/?id=224&u-link=1,NO_PLAYBACK_OBSERVED,12317,网页已打开 · 可在管理页开启飞鼠 · 线路 1/1,
Android 4.4.4,481,信阳综合,web,webSourceM3U8/webview.txt:215,webview://https://static.hntv.tv/total/television/?id=225&u-link=1,NO_PLAYBACK_OBSERVED,12296,网页已打开 · 可在管理页开启飞鼠 · 线路 1/1,
Android 4.4.4,482,信阳综合,web,webSourceM3U8/webview.txt:216,webview://https://wap.xytv.cn/share/page/tvLive/?tvid=1&webProId=1&tvType=1&webTenId=1&invCode=&userName=&origin=1&webSoleId=4f6012673a674a07ba7380a6bfd99ee9,NO_PLAYBACK_OBSERVED,12131,网页已打开 · 可在管理页开启飞鼠 · 线路 1/1,
Android 4.4.4,483,信阳文旅,web,webSourceM3U8/webview.txt:217,webview://https://wap.xytv.cn/share/page/tvLive?tvid=3&webProId=1&tvType=1&webTenId=1&invCode=&userName=&origin=1&webSoleId=39afabf7e90b4e708f7583ec223ea541,NO_PLAYBACK_OBSERVED,12143,网页已打开 · 可在管理页开启飞鼠 · 线路 1/1,
Android 4.4.4,484,信阳综合,web,webSourceM3U8/webview.txt:218,webview://https://www.xytv.cn/h5/pages/tv/detail?id=137,NO_PLAYBACK_OBSERVED,12350,正在加载网页直播 · 线路 1/1,
Android 4.4.4,485,信阳文旅,web,webSourceM3U8/webview.txt:219,webview://https://www.xytv.cn/h5/pages/tv/detail?id=138,NATIVE_VIDEO_FRAMES,12072,直播播放中 · 线路 1/1,
Android 4.4.4,486,周口综合,web,webSourceM3U8/webview.txt:220,webview://http://wxyszk.yszkapp.cn/share/views/share/index_share.html?contentType=tvlive&channelId=1&mmsurl=http://mms.yszkapp.cn:18080/mms4.6.3&token=pmqhukcpyipvqmoz,NATIVE_VIDEO_FRAMES,6322,直播播放中 · 线路 1/1,
Android 4.4.4,487,周口公共,web,webSourceM3U8/webview.txt:221,webview://http://wxyszk.yszkapp.cn/share/views/share/index_share.html?contentType=tvlive&channelId=2&mmsurl=http%3A%2F%2Fmms.yszkapp.cn%3A18080%2Fmms4.6.3&token=pmqhukcpyipvqmoz&tencentShare=1,NATIVE_VIDEO_FRAMES,3758,直播播放中 · 线路 1/1,
Android 4.4.4,488,周口教育,web,webSourceM3U8/webview.txt:222,webview://http://wxyszk.yszkapp.cn/share/views/share/index_share.html?contentType=tvlive&channelId=3&mmsurl=http%3A%2F%2Fmms.yszkapp.cn%3A18080%2Fmms4.6.3&token=pmqhukcpyipvqmoz&tencentShare=1,NATIVE_VIDEO_FRAMES,2309,直播播放中 · 线路 1/1,
Android 4.4.4,489,驻马店综合,web,webSourceM3U8/webview.txt:223,webview://https://static.hntv.tv/total/television/?id=227&u-link=1,NO_PLAYBACK_OBSERVED,12031,网页已打开 · 可在管理页开启飞鼠 · 线路 1/1,
Android 4.4.4,490,济源综合,web,webSourceM3U8/webview.txt:224,webview://https://static.hntv.tv/total/television/?id=228&u-link=1,NO_PLAYBACK_OBSERVED,12324,网页已打开 · 可在管理页开启飞鼠 · 线路 1/1,
Android 4.4.4,491,黑龙江卫视,web,webSourceM3U8/webview.txt:225,webview://https://www.dbw.cn/zhibodan/zhibo_dan/hljws/,NO_PLAYBACK_OBSERVED,12066,网页已打开 · 可在管理页开启飞鼠 · 线路 1/1,
Android 4.4.4,492,黑龙江文体,web,webSourceM3U8/webview.txt:226,webview://https://www.dbw.cn/zhibodan/zhibo_dan/hljwt/,NO_PLAYBACK_OBSERVED,12021,网页已打开 · 可在管理页开启飞鼠 · 线路 1/1,
Android 4.4.4,493,黑龙江影视,web,webSourceM3U8/webview.txt:227,webview://https://www.dbw.cn/zhibodan/zhibo_dan/hljys/,NO_PLAYBACK_OBSERVED,12048,网页已打开 · 可在管理页开启飞鼠 · 线路 1/1,
Android 4.4.4,494,黑龙江新闻法治,web,webSourceM3U8/webview.txt:228,webview://https://www.dbw.cn/zhibodan/zhibo_dan/heilongjiang/,NO_PLAYBACK_OBSERVED,12378,网页已打开 · 可在管理页开启飞鼠 · 线路 1/1,
Android 4.4.4,495,黑龙江都市,web,webSourceM3U8/webview.txt:229,webview://https://www.dbw.cn/zhibodan/zhibo_dan/hljds/,NO_PLAYBACK_OBSERVED,12237,网页已打开 · 可在管理页开启飞鼠 · 线路 1/1,
Android 4.4.4,496,黑龙江农业·科技,web,webSourceM3U8/webview.txt:230,webview://https://www.dbw.cn/zhibodan/zhibo_dan/hljnykj/,NO_PLAYBACK_OBSERVED,12372,网页已打开 · 可在管理页开启飞鼠 · 线路 1/1,
Android 4.4.4,497,黑龙江少儿,web,webSourceM3U8/webview.txt:231,webview://https://www.dbw.cn/zhibodan/zhibo_dan/hljse/,NO_PLAYBACK_OBSERVED,12359,网页已打开 · 可在管理页开启飞鼠 · 线路 1/1,
Android 4.4.4,498,哈尔滨新闻综合,web,webSourceM3U8/webview.txt:232,webview://https://www.hrbtv.net/folder79/folder81/,NO_PLAYBACK_OBSERVED,12350,网页已打开 · 可在管理页开启飞鼠 · 线路 1/1,
Android 4.4.4,499,哈尔滨生活,web,webSourceM3U8/webview.txt:233,webview://https://www.hrbtv.net/folder79/folder85/,NO_PLAYBACK_OBSERVED,12295,网页已打开 · 可在管理页开启飞鼠 · 线路 1/1,
Android 4.4.4,500,哈尔滨影视,web,webSourceM3U8/webview.txt:234,webview://https://www.hrbtv.net/folder79/folder87/,NO_PLAYBACK_OBSERVED,12292,网页已打开 · 可在管理页开启飞鼠 · 线路 1/1,
Android 4.4.4,501,齐齐哈尔新闻综合,web,webSourceM3U8/webview.txt:235,webview://https://www.qqhrnews.cn/p/qiqihaerxinwen.html,NO_PLAYBACK_OBSERVED,12304,网页已打开 · 可在管理页开启飞鼠 · 线路 1/1,
Android 4.4.4,502,齐齐哈尔经济·法治,web,webSourceM3U8/webview.txt:236,webview://https://www.qqhrnews.cn/p/jingjifazhipindao.html,NO_PLAYBACK_OBSERVED,12293,网页已打开 · 可在管理页开启飞鼠 · 线路 1/1,
Android 4.4.4,503,金鹰卡通,web,webSourceM3U8/webview.txt:238,webview://https://www.mgtv.com/live,NO_PLAYBACK_OBSERVED,12337,网页已打开 · 可在管理页开启飞鼠 · 线路 1/1,
Android 4.4.4,504,娄底1,web,webSourceM3U8/webview.txt:239,webview://http://www.ldntv.cn/folder51/folder154/folder171,NO_PLAYBACK_OBSERVED,12111,网页已打开 · 可在管理页开启飞鼠 · 线路 1/1,
Android 4.4.4,505,吉林卫视,web,webSourceM3U8/webview.txt:240,webview://https://www.jlntv.cn/tv?tag=0,NO_PLAYBACK_OBSERVED,12050,网页已打开 · 可在管理页开启飞鼠 · 线路 1/1,
Android 4.4.4,506,延边汉语综合,web,webSourceM3U8/webview.txt:241,webview://https://www.iyb983.cn/ybtv2/,NO_PLAYBACK_OBSERVED,12161,网页已打开 · 可在管理页开启飞鼠 · 线路 1/1,
Android 4.4.4,507,延边朝语综合,web,webSourceM3U8/webview.txt:242,webview://https://www.iyb983.cn/live/index.html,NO_PLAYBACK_OBSERVED,12120,网页已打开 · 可在管理页开启飞鼠 · 线路 1/1,
Android 4.4.4,508,延边卫视,web,webSourceM3U8/webview.txt:243,webview://https://www.iyb983.cn/cys/,NO_PLAYBACK_OBSERVED,12361,网页已打开 · 可在管理页开启飞鼠 · 线路 1/1,
Android 4.4.4,509,江苏卫视4K,web,webSourceM3U8/webview.txt:244,webview://https://live.jstv.com/?channelId=676,NO_PLAYBACK_OBSERVED,12098,网页已打开 · 可在管理页开启飞鼠 · 线路 1/1,
Android 4.4.4,510,江苏卫视,web,webSourceM3U8/webview.txt:245,webview://https://live.jstv.com/?channelId=670,NO_PLAYBACK_OBSERVED,12083,网页已打开 · 可在管理页开启飞鼠 · 线路 1/1,
Android 4.4.4,511,江苏城市,web,webSourceM3U8/webview.txt:246,webview://https://live.jstv.com/?channelId=669,NO_PLAYBACK_OBSERVED,12013,网页已打开 · 可在管理页开启飞鼠 · 线路 1/1,
Android 4.4.4,512,江苏综艺,web,webSourceM3U8/webview.txt:247,webview://https://live.jstv.com/?channelId=663,NO_PLAYBACK_OBSERVED,12317,网页已打开 · 可在管理页开启飞鼠 · 线路 1/1,
Android 4.4.4,513,江苏影视,web,webSourceM3U8/webview.txt:248,webview://https://live.jstv.com/?channelId=664,NO_PLAYBACK_OBSERVED,12377,网页已打开 · 可在管理页开启飞鼠 · 线路 1/1,
Android 4.4.4,514,江苏新闻,web,webSourceM3U8/webview.txt:249,webview://https://live.jstv.com/?channelId=668,NO_PLAYBACK_OBSERVED,12342,网页已打开 · 可在管理页开启飞鼠 · 线路 1/1,
Android 4.4.4,515,江苏教育,web,webSourceM3U8/webview.txt:250,webview://https://live.jstv.com/?channelId=666,NO_PLAYBACK_OBSERVED,12370,网页已打开 · 可在管理页开启飞鼠 · 线路 1/1,
Android 4.4.4,516,江苏体育休闲,web,webSourceM3U8/webview.txt:251,webview://https://live.jstv.com/?channelId=665,NO_PLAYBACK_OBSERVED,12388,网页已打开 · 可在管理页开启飞鼠 · 线路 1/1,
Android 4.4.4,517,江苏国际,web,webSourceM3U8/webview.txt:252,webview://https://live.jstv.com/?channelId=671,NO_PLAYBACK_OBSERVED,12392,网页已打开 · 可在管理页开启飞鼠 · 线路 1/1,
Android 4.4.4,518,优漫卡通,web,webSourceM3U8/webview.txt:253,webview://https://live.jstv.com/?channelId=667,NO_PLAYBACK_OBSERVED,12115,网页已打开 · 可在管理页开启飞鼠 · 线路 1/1,
Android 4.4.4,519,南京新闻综合频道,web,webSourceM3U8/webview.txt:254,webview://https://www.nbs.cn/live/?id=109152,NO_PLAYBACK_OBSERVED,12131,网页已打开 · 可在管理页开启飞鼠 · 线路 1/1,
Android 4.4.4,520,南京十八生活频道,web,webSourceM3U8/webview.txt:255,webview://https://www.nbs.cn/live/?id=110094,NO_PLAYBACK_OBSERVED,12042,网页已打开 · 可在管理页开启飞鼠 · 线路 1/1,
Android 4.4.4,521,南京教育科技频道,web,webSourceM3U8/webview.txt:256,webview://https://www.nbs.cn/live/?id=109153,NO_PLAYBACK_OBSERVED,12001,网页已打开 · 可在管理页开启飞鼠 · 线路 1/1,
Android 4.4.4,522,南京文旅纪录频道,web,webSourceM3U8/webview.txt:257,webview://https://www.nbs.cn/live/?id=110093,NO_PLAYBACK_OBSERVED,12039,网页已打开 · 可在管理页开启飞鼠 · 线路 1/1,
Android 4.4.4,523,南京少年儿童频道,web,webSourceM3U8/webview.txt:258,webview://https://www.nbs.cn/live/?id=110095,NO_PLAYBACK_OBSERVED,12343,网页已打开 · 可在管理页开启飞鼠 · 线路 1/1,
Android 4.4.4,524,盐城一套,web,webSourceM3U8/webview.txt:259,webview://https://www.0515yc.cn/folder147/folder148/folder156/,NO_PLAYBACK_OBSERVED,12106,正在加载网页直播 · 线路 1/1,
Android 4.4.4,525,铜川综合,web,webSourceM3U8/webview.txt:260,webview://https://www.tcsrm.cn/tvradio/tczhpd.html,NO_PLAYBACK_OBSERVED,12026,网页已打开 · 可在管理页开启飞鼠 · 线路 1/1,
Android 4.4.4,526,铜川公共,web,webSourceM3U8/webview.txt:261,webview://https://www.tcsrm.cn/tvradio/tcggpd.html,NO_PLAYBACK_OBSERVED,12207,网页已打开 · 可在管理页开启飞鼠 · 线路 1/1,
Android 4.4.4,527,无锡移动,web,webSourceM3U8/webview.txt:262,webview://https://live.wifiwx.com/m2/?page=live&id=494#/pkgA/pages/live/live?id=494,NO_PLAYBACK_OBSERVED,12391,网页已打开 · 可在管理页开启飞鼠 · 线路 1/1,
Android 4.4.4,528,南昌新闻综合,web,webSourceM3U8/webview.txt:275,webview://https://www.nctv.net.cn/live?channel=1,NO_PLAYBACK_OBSERVED,12303,网页已打开 · 可在管理页开启飞鼠 · 线路 1/1,
Android 4.4.4,529,宜春综合,web,webSourceM3U8/webview.txt:276,webview://https://h5-yc.newsyc.com/front-cloudlive-manage-h5/index.html?id=610897459610271744,NO_PLAYBACK_OBSERVED,12255,网页已打开 · 可在管理页开启飞鼠 · 线路 1/1,
Android 4.4.4,530,宜春新闻综合,web,webSourceM3U8/webview.txt:277,webview://https://h5-yc.newsyc.com/front-cloudlive-manage-h5/index.html?id=610897459610271744&company_id=397#/,NO_PLAYBACK_OBSERVED,12331,网页已打开 · 可在管理页开启飞鼠 · 线路 1/1,
Android 4.4.4,531,宜春法治·民生,web,webSourceM3U8/webview.txt:278,webview://https://h5-yc.newsyc.com/front-cloudlive-manage-h5/index.html?id=636127231831396352&company_id=397#/,NO_PLAYBACK_OBSERVED,12375,网页已打开 · 可在管理页开启飞鼠 · 线路 1/1,
Android 4.4.4,532,青海卫视,web,webSourceM3U8/webview.txt:279,webview://https://h5.qhbtv.com.cn/front-cloudlive-manage-h5/index.html?id=786181204964564992&company_id=1075&utaot=1,NO_PLAYBACK_OBSERVED,12138,网页已打开 · 可在管理页开启飞鼠 · 线路 1/1,
Android 4.4.4,533,青海经视,web,webSourceM3U8/webview.txt:280,webview://https://h5.qhbtv.com.cn/front-cloudlive-manage-h5/index.html?id=786227316454875136&company_id=1075&utaot=1,NO_PLAYBACK_OBSERVED,12057,网页已打开 · 可在管理页开启飞鼠 · 线路 1/1,
Android 4.4.4,534,青海都市,web,webSourceM3U8/webview.txt:281,webview://https://h5.qhbtv.com.cn/front-cloudlive-manage-h5/index.html?id=786227009616371712&company_id=1075&utaot=1,NO_PLAYBACK_OBSERVED,12142,网页已打开 · 可在管理页开启飞鼠 · 线路 1/1,
Android 4.4.4,535,西宁新闻综合,web,webSourceM3U8/webview.txt:282,webview://https://xiningbcnew.zainanjing365.com/share/live/detailTv?resourceId=5&appscheme=gdmm-zhangshangxining,NO_PLAYBACK_OBSERVED,12031,网页已打开 · 可在管理页开启飞鼠 · 线路 1/1,
Android 4.4.4,536,西宁生活服务,web,webSourceM3U8/webview.txt:283,webview://https://xiningbcnew.zainanjing365.com/share/live/detailTv?resourceId=6&appscheme=gdmm-zhangshangxining,NO_PLAYBACK_OBSERVED,12113,网页已打开 · 可在管理页开启飞鼠 · 线路 1/1,
Android 4.4.4,537,山东教育卫视,web,webSourceM3U8/webview.txt:284,webview://https://www.sdetv.com.cn/edu/pc/live/index.html,NO_PLAYBACK_OBSERVED,12013,网页已打开 · 可在管理页开启飞鼠 · 线路 1/1,
Android 4.4.4,538,东营1,web,webSourceM3U8/webview.txt:285,webview://https://ady.dongyingnews.cn/share/dHZsLTUzNy0x.html,NO_PLAYBACK_OBSERVED,12371,网页已打开 · 可在管理页开启飞鼠 · 线路 1/1,
Android 4.4.4,539,东营2,web,webSourceM3U8/webview.txt:286,webview://https://ady.dongyingnews.cn/share/dHZsLTUzNy0z.html,NO_PLAYBACK_OBSERVED,12382,网页已打开 · 可在管理页开启飞鼠 · 线路 1/1,
Android 4.4.4,540,东营3,web,webSourceM3U8/webview.txt:287,webview://https://ady.dongyingnews.cn/share/dHZsLTUzNy03.html,NO_PLAYBACK_OBSERVED,12357,网页已打开 · 可在管理页开启飞鼠 · 线路 1/1,
Android 4.4.4,541,潍坊1,web,webSourceM3U8/webview.txt:288,webview://http://www.wfcmw.cn/wfrtv_pdLive.html?tv=1,NO_PLAYBACK_OBSERVED,12056,网页已打开 · 可在管理页开启飞鼠 · 线路 1/1,
Android 4.4.4,542,潍坊2,web,webSourceM3U8/webview.txt:289,webview://http://www.wfcmw.cn/wfrtv_pdLive.html?tv=2,NO_PLAYBACK_OBSERVED,12183,网页已打开 · 可在管理页开启飞鼠 · 线路 1/1,
Android 4.4.4,543,潍坊3,web,webSourceM3U8/webview.txt:290,webview://http://www.wfcmw.cn/wfrtv_pdLive.html?tv=3,NO_PLAYBACK_OBSERVED,12213,网页已打开 · 可在管理页开启飞鼠 · 线路 1/1,
Android 4.4.4,544,潍坊4,web,webSourceM3U8/webview.txt:291,webview://http://www.wfcmw.cn/wfrtv_pdLive.html?tv=4,NO_PLAYBACK_OBSERVED,12267,网页已打开 · 可在管理页开启飞鼠 · 线路 1/1,
Android 4.4.4,545,山东卫视,web,webSourceM3U8/webview.txt:292,webview://https://v.iqilu.com/live/sdtv/index.html,NO_PLAYBACK_OBSERVED,12277,网页已打开 · 可在管理页开启飞鼠 · 线路 1/1,
Android 4.4.4,546,聊城综合,web,webSourceM3U8/webview.txt:293,webview://https://www.lcxw.cn/kands/?tag=0,NO_PLAYBACK_OBSERVED,12139,网页已打开 · 可在管理页开启飞鼠 · 线路 1/1,
Android 4.4.4,547,聊城民生,web,webSourceM3U8/webview.txt:294,webview://https://www.lcxw.cn/kands/?tag=1,NO_PLAYBACK_OBSERVED,12395,网页已打开 · 可在管理页开启飞鼠 · 线路 1/1,
Android 4.4.4,548,山西卫视,web,webSourceM3U8/webview.txt:295,webview://https://www.sxrtv.com/tv/index.shtml,NO_PLAYBACK_OBSERVED,12324,网页已打开 · 可在管理页开启飞鼠 · 线路 1/1,
Android 4.4.4,549,山西经济与科技,web,webSourceM3U8/webview.txt:296,webview://https://apphhplushttps.sxrtv.com//television/live_wap_653.html,NO_PLAYBACK_OBSERVED,12092,网页已打开 · 可在管理页开启飞鼠 · 线路 1/1,
Android 4.4.4,550,山西影视,web,webSourceM3U8/webview.txt:297,webview://https://apphhplushttps.sxrtv.com//television/live_wap_654.html,NO_PLAYBACK_OBSERVED,12359,网页已打开 · 可在管理页开启飞鼠 · 线路 1/1,
Android 4.4.4,551,山西社会与法治,web,webSourceM3U8/webview.txt:298,webview://https://apphhplushttps.sxrtv.com//television/live_wap_655.html,NO_PLAYBACK_OBSERVED,12340,网页已打开 · 可在管理页开启飞鼠 · 线路 1/1,
Android 4.4.4,552,山西文体生活,web,webSourceM3U8/webview.txt:299,webview://https://apphhplushttps.sxrtv.com//television/live_wap_656.html,NO_PLAYBACK_OBSERVED,12050,网页已打开 · 可在管理页开启飞鼠 · 线路 1/1,
Android 4.4.4,553,太原新闻综合,web,webSourceM3U8/webview.txt:300,webview://https://www.sxtygdy.com/23/23mbdszb/index.shtml,NO_PLAYBACK_OBSERVED,12226,网页已打开 · 可在管理页开启飞鼠 · 线路 1/1,
Android 4.4.4,554,阳泉新闻综合,web,webSourceM3U8/webview.txt:301,webview://https://www.yqrtv.com/folder74/folder139?id=10,NO_PLAYBACK_OBSERVED,12136,网页已打开 · 可在管理页开启飞鼠 · 线路 1/1,
Android 4.4.4,555,阳泉科教,web,webSourceM3U8/webview.txt:302,webview://https://www.yqrtv.com/folder74/folder139?id=11,NO_PLAYBACK_OBSERVED,12053,网页已打开 · 可在管理页开启飞鼠 · 线路 1/1,
Android 4.4.4,556,太原新闻综合,web,webSourceM3U8/webview.txt:303,webview://https://web.wx.sztv.com.cn/cms/rmt2018/23/23mbdszb/index.shtml,NO_PLAYBACK_OBSERVED,12033,网页已打开 · 可在管理页开启飞鼠 · 线路 1/1,
Android 4.4.4,557,黄河,web,webSourceM3U8/webview.txt:304,webview://https://apphhplushttps.sxrtv.com//television/live_wap_651.html,NO_PLAYBACK_OBSERVED,12012,网页已打开 · 可在管理页开启飞鼠 · 线路 1/1,
Android 4.4.4,558,太原新闻综合,web,webSourceM3U8/webview.txt:305,webview://https://apphhplushttps.sxrtv.com//a/b/a/live_wap_811850.html,NO_PLAYBACK_OBSERVED,12104,网页已打开 · 可在管理页开启飞鼠 · 线路 1/1,
Android 4.4.4,559,大同新闻综合,web,webSourceM3U8/webview.txt:306,webview://http://share.dtradio.com.cn/?_hgOutLink=live/livedetail&channel_id=16,NO_PLAYBACK_OBSERVED,12130,网页已打开 · 可在管理页开启飞鼠 · 线路 1/1,
Android 4.4.4,560,大同公共,web,webSourceM3U8/webview.txt:307,webview://http://share.dtradio.com.cn/?_hgOutLink=live/livedetail&channel_id=8,NO_PLAYBACK_OBSERVED,12173,网页已打开 · 可在管理页开启飞鼠 · 线路 1/1,
Android 4.4.4,561,大同生活,web,webSourceM3U8/webview.txt:308,webview://http://share.dtradio.com.cn/?_hgOutLink=live/livedetail&channel_id=9,NO_PLAYBACK_OBSERVED,12073,网页已打开 · 可在管理页开启飞鼠 · 线路 1/1,
Android 4.4.4,562,晋中公共,web,webSourceM3U8/webview.txt:309,webview://https://app.jztvnews.cn//television/live_wap_12442.html,NO_PLAYBACK_OBSERVED,12334,网页已打开 · 可在管理页开启飞鼠 · 线路 1/1,
Android 4.4.4,563,陕西卫视,web,webSourceM3U8/webview.txt:310,webview://http://live.snrtv.com/star,NO_PLAYBACK_OBSERVED,12030,网页已打开 · 可在管理页开启飞鼠 · 线路 1/1,
Android 4.4.4,564,陕西新闻资讯,web,webSourceM3U8/webview.txt:311,webview://http://live.snrtv.com/1,NO_PLAYBACK_OBSERVED,12151,网页已打开 · 可在管理页开启飞鼠 · 线路 1/1,
Android 4.4.4,565,陕西都市青春,web,webSourceM3U8/webview.txt:312,webview://http://live.snrtv.com/2,NO_PLAYBACK_OBSERVED,12174,网页已打开 · 可在管理页开启飞鼠 · 线路 1/1,
Android 4.4.4,566,陕西银龄,web,webSourceM3U8/webview.txt:313,webview://http://live.snrtv.com/3,NO_PLAYBACK_OBSERVED,12352,网页已打开 · 可在管理页开启飞鼠 · 线路 1/1,
Android 4.4.4,567,陕西秦腔,web,webSourceM3U8/webview.txt:314,webview://http://live.snrtv.com/5,NO_PLAYBACK_OBSERVED,12125,网页已打开 · 可在管理页开启飞鼠 · 线路 1/1,
Android 4.4.4,568,陕西体育休闲,web,webSourceM3U8/webview.txt:315,webview://http://live.snrtv.com/7,NO_PLAYBACK_OBSERVED,12068,网页已打开 · 可在管理页开启飞鼠 · 线路 1/1,
Android 4.4.4,569,陕西农林,web,webSourceM3U8/webview.txt:316,webview://http://live.snrtv.com/nl,NO_PLAYBACK_OBSERVED,12107,网页已打开 · 可在管理页开启飞鼠 · 线路 1/1,
Android 4.4.4,570,陕西移动,web,webSourceM3U8/webview.txt:317,webview://http://www.sxtvs.com/sxtvs_ydpd/index.html,NATIVE_VIDEO_FRAMES,4705,直播播放中 · 线路 1/1,
Android 4.4.4,571,西安新闻综合,web,webSourceM3U8/webview.txt:318,webview://https://v.xiancity.cn/folder8/folder39/folder29/,NO_PLAYBACK_OBSERVED,12378,网页已打开 · 可在管理页开启飞鼠 · 线路 1/1,
Android 4.4.4,572,西安都市,web,webSourceM3U8/webview.txt:319,webview://https://v.xiancity.cn/folder8/folder39/folder30/,NO_PLAYBACK_OBSERVED,12280,网页已打开 · 可在管理页开启飞鼠 · 线路 1/1,
Android 4.4.4,573,西安商务资讯,web,webSourceM3U8/webview.txt:320,webview://https://v.xiancity.cn/folder8/folder39/folder31/,NO_PLAYBACK_OBSERVED,12325,网页已打开 · 可在管理页开启飞鼠 · 线路 1/1,
Android 4.4.4,574,西安影视,web,webSourceM3U8/webview.txt:321,webview://https://v.xiancity.cn/folder8/folder39/folder32/,NO_PLAYBACK_OBSERVED,12312,网页已打开 · 可在管理页开启飞鼠 · 线路 1/1,
Android 4.4.4,575,西安丝路,web,webSourceM3U8/webview.txt:322,webview://https://v.xiancity.cn/folder8/folder39/folder33/,NO_PLAYBACK_OBSERVED,12312,网页已打开 · 可在管理页开启飞鼠 · 线路 1/1,
Android 4.4.4,576,榆林综合,web,webSourceM3U8/webview.txt:323,webview://https://v.ylrb.com/2/2tsp/zb/dszb/336843.shtml,NO_PLAYBACK_OBSERVED,12007,网页已打开 · 可在管理页开启飞鼠 · 线路 1/1,
Android 4.4.4,577,榆林公共,web,webSourceM3U8/webview.txt:324,webview://https://v.ylrb.com/2/2tsp/zb/dszb/336842.shtml,NO_PLAYBACK_OBSERVED,12229,网页已打开 · 可在管理页开启飞鼠 · 线路 1/1,
Android 4.4.4,578,咸阳综合,web,webSourceM3U8/webview.txt:330,webview://https://www.sxxynews.com.cn/tvradio/xyzhpd.html,NO_PLAYBACK_OBSERVED,12270,网页已打开 · 可在管理页开启飞鼠 · 线路 1/1,
Android 4.4.4,579,东方卫视,web,webSourceM3U8/webview.txt:331,webview://https://live.kankanews.com/huikan?id=1,NO_PLAYBACK_OBSERVED,12312,网页已打开 · 可在管理页开启飞鼠 · 线路 1/1,
Android 4.4.4,580,上海新闻综合,web,webSourceM3U8/webview.txt:332,webview://https://live.kankanews.com/huikan?id=2,NO_PLAYBACK_OBSERVED,12333,网页已打开 · 可在管理页开启飞鼠 · 线路 1/1,
Android 4.4.4,581,上海都市,web,webSourceM3U8/webview.txt:333,webview://https://live.kankanews.com/huikan?id=4,NO_PLAYBACK_OBSERVED,12363,网页已打开 · 可在管理页开启飞鼠 · 线路 1/1,
Android 4.4.4,582,第一财经,web,webSourceM3U8/webview.txt:334,webview://https://live.kankanews.com/huikan?id=5,NO_PLAYBACK_OBSERVED,12119,网页已打开 · 可在管理页开启飞鼠 · 线路 1/1,
Android 4.4.4,583,哈哈炫动,web,webSourceM3U8/webview.txt:335,webview://https://live.kankanews.com/huikan?id=9,NO_PLAYBACK_OBSERVED,12208,网页已打开 · 可在管理页开启飞鼠 · 线路 1/1,
Android 4.4.4,584,五星体育,web,webSourceM3U8/webview.txt:336,webview://https://live.kankanews.com/huikan?id=10,NO_PLAYBACK_OBSERVED,12126,网页已打开 · 可在管理页开启飞鼠 · 线路 1/1,
Android 4.4.4,585,魔都眼,web,webSourceM3U8/webview.txt:337,webview://https://live.kankanews.com/huikan?id=11,NO_PLAYBACK_OBSERVED,12283,网页已打开 · 可在管理页开启飞鼠 · 线路 1/1,
Android 4.4.4,586,新纪实,web,webSourceM3U8/webview.txt:338,webview://https://live.kankanews.com/huikan?id=12,NO_PLAYBACK_OBSERVED,12042,网页已打开 · 可在管理页开启飞鼠 · 线路 1/1,
Android 4.4.4,587,新疆卫视,web,webSourceM3U8/webview.txt:339,webview://https://www.xjtvs.com.cn/column/tv/434?channelId=1,NO_PLAYBACK_OBSERVED,45336,网页已打开 · 可在管理页开启飞鼠 · 线路 1/1,
Android 4.4.4,588,新疆2套,web,webSourceM3U8/webview.txt:340,webview://https://www.xjtvs.com.cn/column/tv/434?channelId=3,NO_PLAYBACK_OBSERVED,12049,正在加载网页直播 · 线路 1/1,
Android 4.4.4,589,新疆3套,web,webSourceM3U8/webview.txt:341,webview://https://www.xjtvs.com.cn/column/tv/434?channelId=4,NO_PLAYBACK_OBSERVED,12299,正在加载网页直播 · 线路 1/1,
Android 4.4.4,590,新疆4套,web,webSourceM3U8/webview.txt:342,webview://https://www.xjtvs.com.cn/column/tv/434?channelId=16,NO_PLAYBACK_OBSERVED,12275,正在加载网页直播 · 线路 1/1,
Android 4.4.4,591,新疆5套,web,webSourceM3U8/webview.txt:343,webview://https://www.xjtvs.com.cn/column/tv/434?channelId=17,NO_PLAYBACK_OBSERVED,45370,网页已打开 · 可在管理页开启飞鼠 · 线路 1/1,
Android 4.4.4,592,新疆8套,web,webSourceM3U8/webview.txt:344,webview://https://www.xjtvs.com.cn/column/tv/434?channelId=23,NO_PLAYBACK_OBSERVED,12212,正在加载网页直播 · 线路 1/1,
Android 4.4.4,593,新建兵团卫视,web,webSourceM3U8/webview.txt:345,webview://https://www.btzx.com.cn/2024new/new_zhibo/index.shtml,NO_PLAYBACK_OBSERVED,12124,正在连接视频 · 线路 1/1,
Android 4.4.4,594,丽江广播电视,web,webSourceM3U8/webview.txt:346,webview://https://www.lijiang.cn/live/,NO_PLAYBACK_OBSERVED,12318,网页已打开 · 可在管理页开启飞鼠 · 线路 1/1,
Android 4.4.4,595,红河1,web,webSourceM3U8/webview.txt:347,webview://https://www.hh.cn/ynhhzMini/site/tv,NO_PLAYBACK_OBSERVED,12283,网页已打开 · 可在管理页开启飞鼠 · 线路 1/1,
Android 4.4.4,596,普洱新闻综合,web,webSourceM3U8/webview.txt:348,webview://https://www.puerw.cn/col1992.html,NO_PLAYBACK_OBSERVED,12003,网页已打开 · 可在管理页开启飞鼠 · 线路 1/1,
Android 4.4.4,597,临沧新闻综合,web,webSourceM3U8/webview.txt:349,webview://https://mtydazzle.yntv.cn/pages/liveDetails/detail.html/?companyId=lincang&_id=5f51fa40e4b04f16d0288832&isTest=no,NO_PLAYBACK_OBSERVED,12333,网页已打开 · 可在管理页开启飞鼠 · 线路 1/1,
Android 4.4.4,598,临沧科教,web,webSourceM3U8/webview.txt:350,webview://https://mtydazzle.yntv.cn/pages/liveDetails/detail.html/?companyId=lincang&_id=5f51f80ee4b04f16d0288801&isTest=no,NO_PLAYBACK_OBSERVED,12307,网页已打开 · 可在管理页开启飞鼠 · 线路 1/1,
Android 4.4.4,599,浙江卫视,web,webSourceM3U8/webview.txt:351,webview://https://www.cztv.com/liveTV/101,NO_PLAYBACK_OBSERVED,12399,正在加载网页直播 · 线路 1/1,
Android 4.4.4,600,浙江钱江,web,webSourceM3U8/webview.txt:352,webview://https://www.cztv.com/liveTV/102,NO_PLAYBACK_OBSERVED,12295,正在加载网页直播 · 线路 1/1,
Android 4.4.4,601,浙江经济生活,web,webSourceM3U8/webview.txt:353,webview://https://www.cztv.com/liveTV/103,NO_PLAYBACK_OBSERVED,12015,正在加载网页直播 · 线路 1/1,
Android 4.4.4,602,浙江教科影视,web,webSourceM3U8/webview.txt:354,webview://https://www.cztv.com/liveTV/104,NO_PLAYBACK_OBSERVED,12364,正在加载网页直播 · 线路 1/1,
Android 4.4.4,603,浙江民生休闲,web,webSourceM3U8/webview.txt:355,webview://https://www.cztv.com/liveTV/106,NO_PLAYBACK_OBSERVED,12197,正在加载网页直播 · 线路 1/1,
Android 4.4.4,604,浙江新闻,web,webSourceM3U8/webview.txt:356,webview://https://www.cztv.com/liveTV/107,NO_PLAYBACK_OBSERVED,12395,正在加载网页直播 · 线路 1/1,
Android 4.4.4,605,浙江少儿,web,webSourceM3U8/webview.txt:357,webview://https://www.cztv.com/liveTV/108,NO_PLAYBACK_OBSERVED,12027,正在加载网页直播 · 线路 1/1,
Android 4.4.4,606,浙江国际,web,webSourceM3U8/webview.txt:358,webview://https://www.cztv.com/liveTV/110,NO_PLAYBACK_OBSERVED,12384,正在加载网页直播 · 线路 1/1,
Android 4.4.4,607,浙江好易购,web,webSourceM3U8/webview.txt:359,webview://https://www.cztv.com/liveTV/111,NO_PLAYBACK_OBSERVED,12113,正在加载网页直播 · 线路 1/1,
Android 4.4.4,608,浙江之江纪录,web,webSourceM3U8/webview.txt:360,webview://https://www.cztv.com/liveTV/112,NO_PLAYBACK_OBSERVED,12311,正在加载网页直播 · 线路 1/1,
Android 4.4.4,609,杭州综合,web,webSourceM3U8/webview.txt:361,webview://https://tv.hoolo.tv/hzzh/,NO_PLAYBACK_OBSERVED,12200,正在加载网页直播 · 线路 1/1,
Android 4.4.4,610,西湖明珠,web,webSourceM3U8/webview.txt:362,webview://https://tv.hoolo.tv/xhmz/,APP_EXIT_OR_STALL,,单独复测时应用进程中断或无进展；详见 gap-run-3.console.txt / full-logcat.txt,
Android 4.4.4,611,杭州生活,web,webSourceM3U8/webview.txt:363,webview://https://tv.hoolo.tv/hzsh/,NO_PLAYBACK_OBSERVED,12180,网页已打开 · 可在管理页开启飞鼠 · 线路 1/1,
Android 4.4.4,612,杭州影视,web,webSourceM3U8/webview.txt:364,webview://https://tv.hoolo.tv/utv/,NO_PLAYBACK_OBSERVED,12094,网页已打开 · 可在管理页开启飞鼠 · 线路 1/1,
Android 4.4.4,613,杭州青少体育,web,webSourceM3U8/webview.txt:365,webview://https://tv.hoolo.tv/hzse/,NO_PLAYBACK_OBSERVED,12119,网页已打开 · 可在管理页开启飞鼠 · 线路 1/1,
Android 4.4.4,614,杭州文化,web,webSourceM3U8/webview.txt:366,webview://https://tv.hoolo.tv/whpd/,NO_PLAYBACK_OBSERVED,12145,网页已打开 · 可在管理页开启飞鼠 · 线路 1/1,
Android 4.4.4,615,宁波-1,web,webSourceM3U8/webview.txt:367,webview://https://www.ncmc.nbtv.cn/gbds/folder8458/NBTV1/index.shtml,NO_PLAYBACK_OBSERVED,12382,网页已打开 · 可在管理页开启飞鼠 · 线路 1/1,
Android 4.4.4,616,宁波-2,web,webSourceM3U8/webview.txt:368,webview://https://www.ncmc.nbtv.cn/gbds/folder8458/NBTV2/index.shtml,NO_PLAYBACK_OBSERVED,12306,网页已打开 · 可在管理页开启飞鼠 · 线路 1/1,
Android 4.4.4,617,宁波-3,web,webSourceM3U8/webview.txt:369,webview://https://www.ncmc.nbtv.cn/gbds/folder8458/NBTV3/index.shtml,NO_PLAYBACK_OBSERVED,12367,网页已打开 · 可在管理页开启飞鼠 · 线路 1/1,
Android 4.4.4,618,宁波-4,web,webSourceM3U8/webview.txt:370,webview://https://www.ncmc.nbtv.cn/gbds/folder8458/NBTV4/index.shtml,NO_PLAYBACK_OBSERVED,12343,网页已打开 · 可在管理页开启飞鼠 · 线路 1/1,
Android 4.4.4,619,绍兴公共,web,webSourceM3U8/webview.txt:371,webview://https://www.shaoxing.com.cn/app/tv/78,NATIVE_VIDEO_FRAMES,7776,直播播放中 · 线路 1/1,
Android 4.4.4,620,绍兴新闻综合,web,webSourceM3U8/webview.txt:372,webview://https://www.shaoxing.com.cn/app/tv/74,NATIVE_VIDEO_FRAMES,5074,直播播放中 · 线路 1/1,
Android 4.4.4,621,绍兴文化影视,web,webSourceM3U8/webview.txt:373,webview://http://www.shaoxing.com.cn/app/tv/75,NATIVE_VIDEO_FRAMES,5699,直播播放中 · 线路 1/1,
Android 4.4.4,622,中国教育1 综合,web,webSourceM3U8/webview.txt:374,webview://https://www.yangshipin.cn/tv/home?pid=600171827,NATIVE_VIDEO_FRAMES,3863,直播播放中 · 线路 1/1,
Android 4.4.4,623,上海教育,web,webSourceM3U8/webview.txt:375,webview://https://www.setv.sh.cn/#/tvshow,NO_PLAYBACK_OBSERVED,12342,网页已打开 · 可在管理页开启飞鼠 · 线路 1/1,
Android 4.4.4,624,武汉教育,web,webSourceM3U8/webview.txt:376,webview://https://ronghehao-h5.whjyapp.com/#/pages/live/tv,NO_PLAYBACK_OBSERVED,12116,网页已打开 · 可在管理页开启飞鼠 · 线路 1/1,
Android 4.4.4,625,深圳卫视,web,webSourceM3U8/webview.txt:379,webview://https://www.sztv.com.cn/dianshi.shtml?id=7867&u-link=1,NO_PLAYBACK_OBSERVED,12310,网页已打开 · 可在管理页开启飞鼠 · 线路 1/1,
Android 4.4.4,626,深圳卫视4K,web,webSourceM3U8/webview.txt:380,webview://https://www.sztv.com.cn/dianshi.shtml?id=24725&u-link=1,NO_PLAYBACK_OBSERVED,12028,网页已打开 · 可在管理页开启飞鼠 · 线路 1/1,
Android 4.4.4,627,深圳都市,web,webSourceM3U8/webview.txt:381,webview://https://www.sztv.com.cn/dianshi.shtml?id=7868&u-link=1,NO_PLAYBACK_OBSERVED,12399,网页已打开 · 可在管理页开启飞鼠 · 线路 1/1,
Android 4.4.4,628,深圳电视剧,web,webSourceM3U8/webview.txt:382,webview://https://www.sztv.com.cn/dianshi.shtml?id=7880&u-link=1,NO_PLAYBACK_OBSERVED,12159,网页已打开 · 可在管理页开启飞鼠 · 线路 1/1,
Android 4.4.4,629,深圳国际,web,webSourceM3U8/webview.txt:383,webview://https://www.sztv.com.cn/dianshi.shtml?id=7944&u-link=1,NO_PLAYBACK_OBSERVED,12374,网页已打开 · 可在管理页开启飞鼠 · 线路 1/1,
Android 4.4.4,630,成都新闻综合,web,webSourceM3U8/webview.txt:384,webview://https://www.cditv.cn/show/4845-563.html,NO_PLAYBACK_OBSERVED,12334,网页已打开 · 可在管理页开启飞鼠 · 线路 1/1,
Android 4.4.4,631,成都经济咨询,web,webSourceM3U8/webview.txt:385,webview://https://www.cditv.cn/show/4845-562.html,NO_PLAYBACK_OBSERVED,12311,网页已打开 · 可在管理页开启飞鼠 · 线路 1/1,
Android 4.4.4,632,成都都市生活,web,webSourceM3U8/webview.txt:386,webview://https://www.cditv.cn/show/4845-561.html,NO_PLAYBACK_OBSERVED,12332,网页已打开 · 可在管理页开启飞鼠 · 线路 1/1,
Android 4.4.4,633,成都影视文艺,web,webSourceM3U8/webview.txt:387,webview://https://www.cditv.cn/show/4845-560.html,NO_PLAYBACK_OBSERVED,12310,网页已打开 · 可在管理页开启飞鼠 · 线路 1/1,
Android 4.4.4,634,成都生活,web,webSourceM3U8/webview.txt:388,webview://https://www.cditv.cn/show/4845-559.html,NO_PLAYBACK_OBSERVED,12358,网页已打开 · 可在管理页开启飞鼠 · 线路 1/1,
Android 4.4.4,635,成都少儿,web,webSourceM3U8/webview.txt:389,webview://https://www.cditv.cn/show/4845-558.html,NO_PLAYBACK_OBSERVED,12331,网页已打开 · 可在管理页开启飞鼠 · 线路 1/1,
Android 4.4.4,636,成都蓉城先锋,web,webSourceM3U8/webview.txt:390,webview://https://www.cditv.cn/show/4845-592.html,NO_PLAYBACK_OBSERVED,12318,网页已打开 · 可在管理页开启飞鼠 · 线路 1/1,
Android 4.4.4,637,简阳新闻综合,web,webSourceM3U8/webview.txt:391,webview://https://www.cditv.cn/show/4844-578.html,NO_PLAYBACK_OBSERVED,12309,网页已打开 · 可在管理页开启飞鼠 · 线路 1/1,
Android 4.4.4,638,彭州综合,web,webSourceM3U8/webview.txt:392,webview://https://www.cditv.cn/show/4844-576.html,NO_PLAYBACK_OBSERVED,12177,网页已打开 · 可在管理页开启飞鼠 · 线路 1/1,
Android 4.4.4,639,青白江电视,web,webSourceM3U8/webview.txt:393,webview://https://www.cditv.cn/show/4844-584.html,NO_PLAYBACK_OBSERVED,12297,网页已打开 · 可在管理页开启飞鼠 · 线路 1/1,
Android 4.4.4,640,浦江电视,web,webSourceM3U8/webview.txt:394,webview://https://www.cditv.cn/show/4844-571.html,NO_PLAYBACK_OBSERVED,12241,网页已打开 · 可在管理页开启飞鼠 · 线路 1/1,
Android 4.4.4,641,大邑电视,web,webSourceM3U8/webview.txt:395,webview://https://www.cditv.cn/show/4844-572.html,NO_PLAYBACK_OBSERVED,12265,网页已打开 · 可在管理页开启飞鼠 · 线路 1/1,
Android 4.4.4,642,金堂电视,web,webSourceM3U8/webview.txt:396,webview://https://www.cditv.cn/show/4844-573.html,NO_PLAYBACK_OBSERVED,12142,网页已打开 · 可在管理页开启飞鼠 · 线路 1/1,
Android 4.4.4,643,邛崃综合,web,webSourceM3U8/webview.txt:397,webview://https://www.cditv.cn/show/4844-575.html,NO_PLAYBACK_OBSERVED,12317,网页已打开 · 可在管理页开启飞鼠 · 线路 1/1,
Android 4.4.4,644,双流综合,web,webSourceM3U8/webview.txt:398,webview://https://www.cditv.cn/show/4844-581.html,NO_PLAYBACK_OBSERVED,12191,网页已打开 · 可在管理页开启飞鼠 · 线路 1/1,
Android 4.4.4,645,新都综合,web,webSourceM3U8/webview.txt:399,webview://https://www.cditv.cn/show/4844-583.html,NO_PLAYBACK_OBSERVED,12381,网页已打开 · 可在管理页开启飞鼠 · 线路 1/1,
Android 4.4.4,646,成华有线,web,webSourceM3U8/webview.txt:400,webview://https://www.cditv.cn/show/4844-586.html,NO_PLAYBACK_OBSERVED,12151,网页已打开 · 可在管理页开启飞鼠 · 线路 1/1,
Android 4.4.4,647,武侯电视,web,webSourceM3U8/webview.txt:401,webview://https://www.cditv.cn/show/4844-587.html,NO_PLAYBACK_OBSERVED,12160,网页已打开 · 可在管理页开启飞鼠 · 线路 1/1,
Android 4.4.4,648,金牛,web,webSourceM3U8/webview.txt:402,webview://https://www.cditv.cn/show/4844-588.html,NO_PLAYBACK_OBSERVED,12262,网页已打开 · 可在管理页开启飞鼠 · 线路 1/1,
Android 4.4.4,649,南江综合,web,webSourceM3U8/webview.txt:403,webview://https://web.guangdianyun.tv/tv/?id=1670&uin=1822,NO_PLAYBACK_OBSERVED,12077,网页已打开 · 可在管理页开启飞鼠 · 线路 1/1,
Android 4.4.4,650,泸县综合,web,webSourceM3U8/webview.txt:404,webview://https://web.guangdianyun.tv/tv/?id=1645&uin=2392,NO_PLAYBACK_OBSERVED,12310,网页已打开 · 可在管理页开启飞鼠 · 线路 1/1,
Android 4.4.4,651,绵竹综合,web,webSourceM3U8/webview.txt:405,webview://https://web.guangdianyun.tv/tv/?id=1933&uin=3277,NO_PLAYBACK_OBSERVED,12328,网页已打开 · 可在管理页开启飞鼠 · 线路 1/1,
Android 4.4.4,652,射洪综合,web,webSourceM3U8/webview.txt:406,webview://https://web.guangdianyun.tv/tv/?id=391&uin=1743,NO_PLAYBACK_OBSERVED,12302,网页已打开 · 可在管理页开启飞鼠 · 线路 1/1,
Android 4.4.4,653,内江综合,web,webSourceM3U8/webview.txt:407,webview://http://www.scnj.tv/plus/live/live.php?id=15948060915449&flag=1,NO_PLAYBACK_OBSERVED,12307,网页已打开 · 可在管理页开启飞鼠 · 线路 1/1,
Android 4.4.4,654,泸州新闻综合,web,webSourceM3U8/webview.txt:408,webview://https://www.luzhoubs.com/lztv1/index.html,NATIVE_VIDEO_FRAMES,8548,直播播放中 · 线路 1/1,
Android 4.4.4,655,泸州科教生活,web,webSourceM3U8/webview.txt:409,webview://https://www.luzhoubs.com/lztv3/index.html,NATIVE_VIDEO_FRAMES,5272,直播播放中 · 线路 1/1,
Android 4.4.4,656,遂宁综合,web,webSourceM3U8/webview.txt:410,webview://https://www.snxw.com/suinMini/site/6642bf8360b26293fe689f04/6642d21860b26293fe689f4c,NO_PLAYBACK_OBSERVED,12331,网页已打开 · 可在管理页开启飞鼠 · 线路 1/1,
Android 4.4.4,657,广元文化生活,web,webSourceM3U8/webview.txt:411,webview://https://m3u8.channel.dzsm.com/nmip-media/channellive/channel101257/playlist.m3u8,NATIVE_VIDEO_FRAMES,7549,直播播放中 · 线路 1/1,
Android 4.4.4,658,甘孜综合,web,webSourceM3U8/webview.txt:412,webview://https://www.ganzitv.com/cms/tv,NO_PLAYBACK_OBSERVED,12085,正在加载网页直播 · 线路 1/1,
Android 4.4.4,659,雅安新闻综合,web,webSourceM3U8/webview.txt:413,webview://https://www.beiww.com/shiting,NO_PLAYBACK_OBSERVED,12080,网页已打开 · 可在管理页开启飞鼠 · 线路 1/1,
Android 4.4.4,660,绵阳新闻综合,web,webSourceM3U8/webview.txt:414,webview://https://myntv.cn/html/zb/mytv1.asp,NO_PLAYBACK_OBSERVED,12298,正在加载网页直播 · 线路 1/1,
Android 4.4.4,661,内蒙古卫视,web,webSourceM3U8/webview.txt:415,webview://https://www.nmtv.cn/liveTv?tag=内蒙古卫视,NO_PLAYBACK_OBSERVED,12357,网页已打开 · 可在管理页开启飞鼠 · 线路 1/1,
Android 4.4.4,662,乌海都市生活,web,webSourceM3U8/webview.txt:416,webview://https://app.wuhainews.org.cn/folder17/share/live/?channel_id=9,NO_PLAYBACK_OBSERVED,12329,网页已打开 · 可在管理页开启飞鼠 · 线路 1/1,
Android 4.4.4,663,赤峰经济服务,web,webSourceM3U8/webview.txt:417,webview://http://h5.cfrmw.cn/front-cloudlive-manage-h5/index.html?id=722728110696456192&company_id=1073#/,NO_PLAYBACK_OBSERVED,12144,网页已打开 · 可在管理页开启飞鼠 · 线路 1/1,
Android 4.4.4,664,赤峰影视娱乐,web,webSourceM3U8/webview.txt:418,webview://http://h5.cfrmw.cn/front-cloudlive-manage-h5/index.html?id=722728404075438080&company_id=1073#/,NO_PLAYBACK_OBSERVED,12373,网页已打开 · 可在管理页开启飞鼠 · 线路 1/1,
Android 4.4.4,665,乌兰察布经济生活,web,webSourceM3U8/webview.txt:419,webview://https://res.wrbtv.cn/html/rft/live.html?channelId=f5c8509c3b7b4c76b691d1863be29d27&type=1&siteId=82dcdad6b80b4f2d8a13067e5fce2e7a&shareAppId=82dcdad6b80b4f2d8a13067e5fce2e7a,NO_PLAYBACK_OBSERVED,12139,网页已打开 · 可在管理页开启飞鼠 · 线路 1/1,
小米 6 / Android 7.1.1,0,凤凰中文台,ku9,cjs/k-web/fenghuang.txt:1,https://raw.githubusercontent.com/TvWasm/cjs/main/k-web/ku9/js/fenghuang.js?id=1016529,NATIVE_VIDEO_FRAMES,1853,直播播放中 · 线路 1/1,bd1431cef84efafb196e6fa118b0177eeaae0f1e40866497248289c416e688dc
小米 6 / Android 7.1.1,1,福建综合,ku9,cjs/k-web/fjtv.txt:1,https://raw.githubusercontent.com/TvWasm/cjs/main/k-web/ku9/js/fjtv.js?id=zhpd,NATIVE_VIDEO_FRAMES,1677,直播播放中 · 线路 1/1,fd9aca6f177ab632b4ae5c0e38a008159c7ff66bd5516a7a1fee195a22caeda4
小米 6 / Android 7.1.1,2,东南卫视,ku9,cjs/k-web/fjtv.txt:2,https://raw.githubusercontent.com/TvWasm/cjs/main/k-web/ku9/js/fjtv.js?id=setv,NATIVE_VIDEO_FRAMES,1705,直播播放中 · 线路 1/1,fd9aca6f177ab632b4ae5c0e38a008159c7ff66bd5516a7a1fee195a22caeda4
小米 6 / Android 7.1.1,3,福建新闻,ku9,cjs/k-web/fjtv.txt:3,https://raw.githubusercontent.com/TvWasm/cjs/main/k-web/ku9/js/fjtv.js?id=xwpd,NATIVE_VIDEO_FRAMES,1267,直播播放中 · 线路 1/1,fd9aca6f177ab632b4ae5c0e38a008159c7ff66bd5516a7a1fee195a22caeda4
小米 6 / Android 7.1.1,4,福建文旅体育,ku9,cjs/k-web/fjtv.txt:4,https://raw.githubusercontent.com/TvWasm/cjs/main/k-web/ku9/js/fjtv.js?id=dspd,NATIVE_VIDEO_FRAMES,1690,直播播放中 · 线路 1/1,fd9aca6f177ab632b4ae5c0e38a008159c7ff66bd5516a7a1fee195a22caeda4
小米 6 / Android 7.1.1,5,福建少儿,ku9,cjs/k-web/fjtv.txt:5,https://raw.githubusercontent.com/TvWasm/cjs/main/k-web/ku9/js/fjtv.js?id=sepd,NATIVE_VIDEO_FRAMES,1275,直播播放中 · 线路 1/1,fd9aca6f177ab632b4ae5c0e38a008159c7ff66bd5516a7a1fee195a22caeda4
小米 6 / Android 7.1.1,6,海峡卫视,ku9,cjs/k-web/fjtv.txt:6,https://raw.githubusercontent.com/TvWasm/cjs/main/k-web/ku9/js/fjtv.js?id=hxtv,NATIVE_VIDEO_FRAMES,1271,直播播放中 · 线路 1/1,fd9aca6f177ab632b4ae5c0e38a008159c7ff66bd5516a7a1fee195a22caeda4
小米 6 / Android 7.1.1,7,河北卫视,ku9,cjs/k-web/hebtv.txt:1,https://raw.githubusercontent.com/TvWasm/cjs/main/k-web/ku9/js/hebtv.js?id=hbws,NATIVE_VIDEO_FRAMES,1695,直播播放中 · 线路 1/1,58a863df323a07c9b0b0120e44449716ac4ba7dd5f261a83595b543b1a183c38
小米 6 / Android 7.1.1,8,河北经济生活,ku9,cjs/k-web/hebtv.txt:2,https://raw.githubusercontent.com/TvWasm/cjs/main/k-web/ku9/js/hebtv.js?id=jjsh,NATIVE_VIDEO_FRAMES,834,直播播放中 · 线路 1/1,58a863df323a07c9b0b0120e44449716ac4ba7dd5f261a83595b543b1a183c38
小米 6 / Android 7.1.1,9,河北都市,ku9,cjs/k-web/hebtv.txt:3,https://raw.githubusercontent.com/TvWasm/cjs/main/k-web/ku9/js/hebtv.js?id=hbds,NATIVE_VIDEO_FRAMES,830,直播播放中 · 线路 1/1,58a863df323a07c9b0b0120e44449716ac4ba7dd5f261a83595b543b1a183c38
小米 6 / Android 7.1.1,10,河北文旅体育,ku9,cjs/k-web/hebtv.txt:4,https://raw.githubusercontent.com/TvWasm/cjs/main/k-web/ku9/js/hebtv.js?id=wlty,NATIVE_VIDEO_FRAMES,1302,直播播放中 · 线路 1/1,58a863df323a07c9b0b0120e44449716ac4ba7dd5f261a83595b543b1a183c38
小米 6 / Android 7.1.1,11,河北少儿科教,ku9,cjs/k-web/hebtv.txt:5,https://raw.githubusercontent.com/TvWasm/cjs/main/k-web/ku9/js/hebtv.js?id=sekj,NATIVE_VIDEO_FRAMES,847,直播播放中 · 线路 1/1,58a863df323a07c9b0b0120e44449716ac4ba7dd5f261a83595b543b1a183c38
小米 6 / Android 7.1.1,12,河北三农,ku9,cjs/k-web/hebtv.txt:6,https://raw.githubusercontent.com/TvWasm/cjs/main/k-web/ku9/js/hebtv.js?id=sannong,NATIVE_VIDEO_FRAMES,1257,直播播放中 · 线路 1/1,58a863df323a07c9b0b0120e44449716ac4ba7dd5f261a83595b543b1a183c38
小米 6 / Android 7.1.1,13,河北三佳购物,ku9,cjs/k-web/hebtv.txt:7,https://raw.githubusercontent.com/TvWasm/cjs/main/k-web/ku9/js/hebtv.js?id=sjgw,NATIVE_VIDEO_FRAMES,1272,直播播放中 · 线路 1/1,58a863df323a07c9b0b0120e44449716ac4ba7dd5f261a83595b543b1a183c38
小米 6 / Android 7.1.1,14,吉林卫视,ku9,cjs/k-web/jltv.txt:1,https://raw.githubusercontent.com/TvWasm/cjs/main/k-web/ku9/js/jltv.js?id=jlws,NATIVE_VIDEO_FRAMES,2525,直播播放中 · 线路 1/1,758c1dd16e52db20e2a41cee153419e2c8395bbad2e0c1423a3bee69571f4d8c
小米 6 / Android 7.1.1,15,吉林都市,ku9,cjs/k-web/jltv.txt:2,https://raw.githubusercontent.com/TvWasm/cjs/main/k-web/ku9/js/jltv.js?id=ds,NATIVE_VIDEO_FRAMES,1712,直播播放中 · 线路 1/1,758c1dd16e52db20e2a41cee153419e2c8395bbad2e0c1423a3bee69571f4d8c
小米 6 / Android 7.1.1,16,吉林生活,ku9,cjs/k-web/jltv.txt:3,https://raw.githubusercontent.com/TvWasm/cjs/main//k-web/ku9/js/jltv.js?id=sh,NATIVE_VIDEO_FRAMES,1697,直播播放中 · 线路 1/1,758c1dd16e52db20e2a41cee153419e2c8395bbad2e0c1423a3bee69571f4d8c
小米 6 / Android 7.1.1,17,吉林影视,ku9,cjs/k-web/jltv.txt:4,https://raw.githubusercontent.com/TvWasm/cjs/main//k-web/ku9/js/jltv.js?id=ys,NATIVE_VIDEO_FRAMES,1698,直播播放中 · 线路 1/1,758c1dd16e52db20e2a41cee153419e2c8395bbad2e0c1423a3bee69571f4d8c
小米 6 / Android 7.1.1,18,吉林乡村,ku9,cjs/k-web/jltv.txt:5,https://raw.githubusercontent.com/TvWasm/cjs/main//k-web/ku9/js/jltv.js?id=xc,NATIVE_VIDEO_FRAMES,1733,直播播放中 · 线路 1/1,758c1dd16e52db20e2a41cee153419e2c8395bbad2e0c1423a3bee69571f4d8c
小米 6 / Android 7.1.1,19,吉林综艺文化,ku9,cjs/k-web/jltv.txt:6,https://raw.githubusercontent.com/TvWasm/cjs/main//k-web/ku9/js/jltv.js?id=zy,NATIVE_VIDEO_FRAMES,2108,直播播放中 · 线路 1/1,758c1dd16e52db20e2a41cee153419e2c8395bbad2e0c1423a3bee69571f4d8c
小米 6 / Android 7.1.1,20,长春综合,ku9,cjs/k-web/jltv.txt:7,https://raw.githubusercontent.com/TvWasm/cjs/main//k-web/ku9/js/jltv.js?id=cc,NATIVE_VIDEO_FRAMES,1703,直播播放中 · 线路 1/1,758c1dd16e52db20e2a41cee153419e2c8395bbad2e0c1423a3bee69571f4d8c
小米 6 / Android 7.1.1,21,江西卫视,ku9,cjs/k-web/jxntv.txt:1,https://raw.githubusercontent.com/TvWasm/cjs/main/k-web/ku9/js/jxntv.js?id=jxtv1,NATIVE_VIDEO_FRAMES,2534,直播播放中 · 线路 1/1,c38ffe43d1158029aaca5c4081d0b7ad4556e94003c825167c355e725e607338
小米 6 / Android 7.1.1,22,江西都市,ku9,cjs/k-web/jxntv.txt:2,https://raw.githubusercontent.com/TvWasm/cjs/main/k-web/ku9/js/jxntv.js?id=jxtv2,NATIVE_VIDEO_FRAMES,1690,直播播放中 · 线路 1/1,c38ffe43d1158029aaca5c4081d0b7ad4556e94003c825167c355e725e607338
小米 6 / Android 7.1.1,23,江西经济生活,ku9,cjs/k-web/jxntv.txt:3,https://raw.githubusercontent.com/TvWasm/cjs/main/k-web/ku9/js/jxntv.js?id=jxtv3,NATIVE_VIDEO_FRAMES,2141,直播播放中 · 线路 1/1,c38ffe43d1158029aaca5c4081d0b7ad4556e94003c825167c355e725e607338
小米 6 / Android 7.1.1,24,江西公共农业,ku9,cjs/k-web/jxntv.txt:4,https://raw.githubusercontent.com/TvWasm/cjs/main/k-web/ku9/js/jxntv.js?id=jxtv5,NATIVE_VIDEO_FRAMES,2112,直播播放中 · 线路 1/1,c38ffe43d1158029aaca5c4081d0b7ad4556e94003c825167c355e725e607338
小米 6 / Android 7.1.1,25,江西少儿,ku9,cjs/k-web/jxntv.txt:5,https://raw.githubusercontent.com/TvWasm/cjs/main/k-web/ku9/js/jxntv.js?id=jxtv6,NATIVE_VIDEO_FRAMES,1693,直播播放中 · 线路 1/1,c38ffe43d1158029aaca5c4081d0b7ad4556e94003c825167c355e725e607338
小米 6 / Android 7.1.1,26,江西新闻,ku9,cjs/k-web/jxntv.txt:6,https://raw.githubusercontent.com/TvWasm/cjs/main/k-web/ku9/js/jxntv.js?id=jxtv7,NATIVE_VIDEO_FRAMES,2508,直播播放中 · 线路 1/1,c38ffe43d1158029aaca5c4081d0b7ad4556e94003c825167c355e725e607338
小米 6 / Android 7.1.1,27,江西移动电视,ku9,cjs/k-web/jxntv.txt:7,https://raw.githubusercontent.com/TvWasm/cjs/main/k-web/ku9/js/jxntv.js?id=jxtv8,NATIVE_VIDEO_FRAMES,2097,直播播放中 · 线路 1/1,c38ffe43d1158029aaca5c4081d0b7ad4556e94003c825167c355e725e607338
小米 6 / Android 7.1.1,28,陶瓷频道,ku9,cjs/k-web/jxntv.txt:8,https://raw.githubusercontent.com/TvWasm/cjs/main/k-web/ku9/js/jxntv.js?id=tcpd,NATIVE_VIDEO_FRAMES,2144,直播播放中 · 线路 1/1,c38ffe43d1158029aaca5c4081d0b7ad4556e94003c825167c355e725e607338
小米 6 / Android 7.1.1,29,CCTV4K,ku9,webSourceM3U8/k-web/ku9.txt:1,https://gh-proxy.org/https://raw.githubusercontent.com/buhanzhe/webSourceM3U8/main/k-web/ku9/js/hnyx.js?id=CCTV_4K&dur=10.001&offset=162424040,NATIVE_VIDEO_FRAMES,1291,直播播放中 · 线路 1/1,62ebbed9ee092b2f5a3d96ab703e22c6029858cd86e6683e494f0a76b1b3af3c
小米 6 / Android 7.1.1,30,CCTV16-4K,ku9,webSourceM3U8/k-web/ku9.txt:2,https://gh-proxy.org/https://raw.githubusercontent.com/buhanzhe/webSourceM3U8/main/k-web/ku9/js/hnyx.js?id=CCTV16_4K&dur=10.005&offset=163467306,NATIVE_VIDEO_FRAMES,887,直播播放中 · 线路 1/1,62ebbed9ee092b2f5a3d96ab703e22c6029858cd86e6683e494f0a76b1b3af3c
小米 6 / Android 7.1.1,31,东方卫视4K,ku9,webSourceM3U8/k-web/ku9.txt:3,https://gh-proxy.org/https://raw.githubusercontent.com/buhanzhe/webSourceM3U8/main/k-web/ku9/js/hnyx.js?id=dfws4K&dur=10.0066&offset=175802900,NATIVE_VIDEO_FRAMES,850,直播播放中 · 线路 1/1,62ebbed9ee092b2f5a3d96ab703e22c6029858cd86e6683e494f0a76b1b3af3c
小米 6 / Android 7.1.1,32,广东卫视4K,ku9,webSourceM3U8/k-web/ku9.txt:4,https://gh-proxy.org/https://raw.githubusercontent.com/buhanzhe/webSourceM3U8/main/k-web/ku9/js/hnyx.js?id=gdws4K&dur=10.001&offset=175896974,NO_PLAYBACK_OBSERVED,20010,正在连接视频 · 线路 1/1,62ebbed9ee092b2f5a3d96ab703e22c6029858cd86e6683e494f0a76b1b3af3c
小米 6 / Android 7.1.1,33,湖南卫视4K,ku9,webSourceM3U8/k-web/ku9.txt:5,https://gh-proxy.org/https://raw.githubusercontent.com/buhanzhe/webSourceM3U8/main/k-web/ku9/js/hnyx.js?id=hnws4K&dur=10.0066&offset=175789332,NATIVE_VIDEO_FRAMES,852,直播播放中 · 线路 1/1,62ebbed9ee092b2f5a3d96ab703e22c6029858cd86e6683e494f0a76b1b3af3c
小米 6 / Android 7.1.1,34,江苏卫视4K,ku9,webSourceM3U8/k-web/ku9.txt:6,https://gh-proxy.org/https://raw.githubusercontent.com/buhanzhe/webSourceM3U8/main/k-web/ku9/js/hnyx.js?id=jsws4K&dur=10.025&offset=175470420,NATIVE_VIDEO_FRAMES,878,直播播放中 · 线路 1/1,62ebbed9ee092b2f5a3d96ab703e22c6029858cd86e6683e494f0a76b1b3af3c
小米 6 / Android 7.1.1,35,四川卫视4K,ku9,webSourceM3U8/k-web/ku9.txt:7,https://gh-proxy.org/https://raw.githubusercontent.com/buhanzhe/webSourceM3U8/main/k-web/ku9/js/hnyx.js?id=scws4K&dur=10.032&offset=175363868,NO_PLAYBACK_OBSERVED,20401,正在连接视频 · 线路 1/1,62ebbed9ee092b2f5a3d96ab703e22c6029858cd86e6683e494f0a76b1b3af3c
小米 6 / Android 7.1.1,36,山东卫视4K,ku9,webSourceM3U8/k-web/ku9.txt:8,https://gh-proxy.org/https://raw.githubusercontent.com/buhanzhe/webSourceM3U8/main/k-web/ku9/js/hnyx.js?id=sdws4K&dur=10.0105&offset=175728436,NATIVE_VIDEO_FRAMES,671,直播播放中 · 线路 1/1,62ebbed9ee092b2f5a3d96ab703e22c6029858cd86e6683e494f0a76b1b3af3c
小米 6 / Android 7.1.1,37,深圳卫视4K,ku9,webSourceM3U8/k-web/ku9.txt:9,https://gh-proxy.org/https://raw.githubusercontent.com/buhanzhe/webSourceM3U8/main/k-web/ku9/js/hnyx.js?id=szws4K&dur=10.005&offset=175081932,NATIVE_VIDEO_FRAMES,855,直播播放中 · 线路 1/1,62ebbed9ee092b2f5a3d96ab703e22c6029858cd86e6683e494f0a76b1b3af3c
小米 6 / Android 7.1.1,38,浙江卫视4K,ku9,webSourceM3U8/k-web/ku9.txt:10,https://gh-proxy.org/https://raw.githubusercontent.com/buhanzhe/webSourceM3U8/main/k-web/ku9/js/hnyx.js?id=zjws4K&dur=10.0105&offset=175728140,NATIVE_VIDEO_FRAMES,842,直播播放中 · 线路 1/1,62ebbed9ee092b2f5a3d96ab703e22c6029858cd86e6683e494f0a76b1b3af3c
小米 6 / Android 7.1.1,39,吉林卫视,ku9,webSourceM3U8/k-web/ku9.txt:11,https://gh-proxy.org/https://raw.githubusercontent.com/buhanzhe/webSourceM3U8/main/k-web/ku9/js/jlntv.js?id=jlws,NATIVE_VIDEO_FRAMES,1705,直播播放中 · 线路 1/1,6edb44a9ab6c9bb2ec159fbd174a1422c11b9b1e576d3de35d8b3eb58e21643a
小米 6 / Android 7.1.1,40,吉林都市,ku9,webSourceM3U8/k-web/ku9.txt:12,https://gh-proxy.org/https://raw.githubusercontent.com/buhanzhe/webSourceM3U8/main/k-web/ku9/js/jlntv.js?id=ds,NATIVE_VIDEO_FRAMES,1673,直播播放中 · 线路 1/1,6edb44a9ab6c9bb2ec159fbd174a1422c11b9b1e576d3de35d8b3eb58e21643a
小米 6 / Android 7.1.1,41,吉林生活,ku9,webSourceM3U8/k-web/ku9.txt:13,https://gh-proxy.org/https://raw.githubusercontent.com/buhanzhe/webSourceM3U8/main/k-web/ku9/js/jlntv.js?id=sh,NATIVE_VIDEO_FRAMES,1703,直播播放中 · 线路 1/1,6edb44a9ab6c9bb2ec159fbd174a1422c11b9b1e576d3de35d8b3eb58e21643a
小米 6 / Android 7.1.1,42,吉林影视,ku9,webSourceM3U8/k-web/ku9.txt:14,https://gh-proxy.org/https://raw.githubusercontent.com/buhanzhe/webSourceM3U8/main/k-web/ku9/js/jlntv.js?id=ys,NATIVE_VIDEO_FRAMES,1673,直播播放中 · 线路 1/1,6edb44a9ab6c9bb2ec159fbd174a1422c11b9b1e576d3de35d8b3eb58e21643a
小米 6 / Android 7.1.1,43,吉林乡村,ku9,webSourceM3U8/k-web/ku9.txt:15,https://gh-proxy.org/https://raw.githubusercontent.com/buhanzhe/webSourceM3U8/main/k-web/ku9/js/jlntv.js?id=xc,NATIVE_VIDEO_FRAMES,1264,直播播放中 · 线路 1/1,6edb44a9ab6c9bb2ec159fbd174a1422c11b9b1e576d3de35d8b3eb58e21643a
小米 6 / Android 7.1.1,44,吉林综艺文化,ku9,webSourceM3U8/k-web/ku9.txt:16,https://gh-proxy.org/https://raw.githubusercontent.com/buhanzhe/webSourceM3U8/main/k-web/ku9/js/jlntv.js?id=zy,NATIVE_VIDEO_FRAMES,1641,直播播放中 · 线路 1/1,6edb44a9ab6c9bb2ec159fbd174a1422c11b9b1e576d3de35d8b3eb58e21643a
小米 6 / Android 7.1.1,45,长春综合,ku9,webSourceM3U8/k-web/ku9.txt:17,https://gh-proxy.org/https://raw.githubusercontent.com/buhanzhe/webSourceM3U8/main/k-web/ku9/js/jlntv.js?id=cc,NATIVE_VIDEO_FRAMES,1254,直播播放中 · 线路 1/1,6edb44a9ab6c9bb2ec159fbd174a1422c11b9b1e576d3de35d8b3eb58e21643a
小米 6 / Android 7.1.1,46,凤凰中文台,ku9,webSourceM3U8/k-web/ku9.txt:18,https://gh-proxy.org/https://raw.githubusercontent.com/buhanzhe/webSourceM3U8/main/k-web/ku9/js/fenghuang.js?id=1016529,NATIVE_VIDEO_FRAMES,1236,直播播放中 · 线路 1/1,f16ea4dca714e5dd7e21eeeaeb40c5ed18e6f3aa074ad465973a6d8d15b3c524
小米 6 / Android 7.1.1,47,本地js1,ku9,webSourceM3U8/k-web/ku9.txt:21,http://A/ku9/js/hnyx.js?id=CCTV_4K&dur=10.001&offset=162424040,NATIVE_VIDEO_FRAMES,1289,直播播放中 · 线路 1/1,62ebbed9ee092b2f5a3d96ab703e22c6029858cd86e6683e494f0a76b1b3af3c
小米 6 / Android 7.1.1,48,本地js2,ku9,webSourceM3U8/k-web/ku9.txt:22,http://A/ku9/js/hnyx.js?id=CCTV16_4K&dur=10.005&offset=163467306,NATIVE_VIDEO_FRAMES,830,直播播放中 · 线路 1/1,62ebbed9ee092b2f5a3d96ab703e22c6029858cd86e6683e494f0a76b1b3af3c
小米 6 / Android 7.1.1,49,重庆js,ku9,webSourceM3U8/k-web/ku9.txt:23,https://gh-proxy.org/https://raw.githubusercontent.com/buhanzhe/webSourceM3U8/main/k-web/ku9/js/cbg.js?id=https://sj.cbg.cn/wap/list/4918/1.html,NO_PLAYBACK_OBSERVED,20390,线路播放失败，当前频道没有备用线路 · 线路 1/1,a63aded9a406cb4131336f9a8e7ffc796708994448e1a0fdea0008a823fdbb47
小米 6 / Android 7.1.1,50,凤凰中文,ku9,public/20250403.txt:1,http://A/ku9/js/fengh.js?id=fhzw,NO_PLAYBACK_OBSERVED,20279,线路播放失败，当前频道没有备用线路 · 线路 1/1,ad6c4d30cc6d3801e847281512cf3d8b2b19089c08d85bcc69011f69cb5a98b9
小米 6 / Android 7.1.1,51,凤凰资讯,ku9,public/20250403.txt:2,http://A/ku9/js/fengh.js?id=fhzx,NO_PLAYBACK_OBSERVED,20208,线路播放失败，当前频道没有备用线路 · 线路 1/1,ad6c4d30cc6d3801e847281512cf3d8b2b19089c08d85bcc69011f69cb5a98b9
小米 6 / Android 7.1.1,52,CCTV-1,ku9,public/20250403.txt:4,http://A/ku9/js/ku9js.js?id=https://tv.cctv.com/live/cctv1/,NATIVE_VIDEO_FRAMES,6021,直播播放中 · 线路 1/1,529c705bda0902ff0991aeb278b6d9b08e812ce772ca8c92190254e86aa9e960
小米 6 / Android 7.1.1,53,CCTV-2,ku9,public/20250403.txt:5,http://A/ku9/js/ku9js.js?id=https://tv.cctv.com/live/cctv2/,NATIVE_VIDEO_FRAMES,4944,直播播放中 · 线路 1/1,529c705bda0902ff0991aeb278b6d9b08e812ce772ca8c92190254e86aa9e960
小米 6 / Android 7.1.1,54,新疆卫视,ku9,public/20250403.txt:79,http://A/ku9/js/xjtv.js?id=xjws,RESOLVE_FAILED,434,酷9脚本结果无效: 获取数据出错... · 线路 1/1,d1c61f8e6ff59b547493fce1f5bc7c5bc1f246e65e446186f99509e579b18117
小米 6 / Android 7.1.1,55,云南卫视,ku9,public/20250403.txt:80,http://A/ku9/js/yn.js?id=ynws,NO_PLAYBACK_OBSERVED,20212,线路播放失败，当前频道没有备用线路 · 线路 1/1,c456a1ab9e566d13958dc1c7800f872d35de5da5b8ee5bac089a02c5774f6d78
小米 6 / Android 7.1.1,56,新疆维语综合,ku9,public/20250403.txt:87,http://A/ku9/js/xjtv.js?id=xjwyzh,RESOLVE_FAILED,489,酷9脚本结果无效: 获取数据出错... · 线路 1/1,d1c61f8e6ff59b547493fce1f5bc7c5bc1f246e65e446186f99509e579b18117
小米 6 / Android 7.1.1,57,西湖明珠,ku9,public/20250403.txt:97,http://A/ku9/js/hztv.js?id=hzmz,NATIVE_VIDEO_FRAMES,2086,直播播放中 · 线路 1/1,05c30f24ebbda47356e658935c4df5b9ca671f1e078d26b76f172ca243a34303
小米 6 / Android 7.1.1,58,杭州生活,ku9,public/20250403.txt:98,http://A/ku9/js/hztv.js?id=hzsh,NATIVE_VIDEO_FRAMES,1711,直播播放中 · 线路 1/1,05c30f24ebbda47356e658935c4df5b9ca671f1e078d26b76f172ca243a34303
小米 6 / Android 7.1.1,59,南昌综合,ku9,public/20250403.txt:103,http://A/ku9/js/jxtv.js?id=nczh,NO_PLAYBACK_OBSERVED,20287,正在解析酷9源 · 线路 1/1,1354c307129124b07730721a9d58bead022bc6087e20cfca2dde6f1a661a4adc
小米 6 / Android 7.1.1,60,南昌文旅,ku9,public/20250403.txt:104,http://A/ku9/js/jxtv.js?id=ncds,NO_PLAYBACK_OBSERVED,20339,正在解析酷9源 · 线路 1/1,1354c307129124b07730721a9d58bead022bc6087e20cfca2dde6f1a661a4adc
小米 6 / Android 7.1.1,61,云南都市,ku9,public/20250403.txt:106,http://A/ku9/js/yn.js?id=ynds,NO_PLAYBACK_OBSERVED,20001,线路播放失败，当前频道没有备用线路 · 线路 1/1,c456a1ab9e566d13958dc1c7800f872d35de5da5b8ee5bac089a02c5774f6d78
小米 6 / Android 7.1.1,62,CCTV1综合,ku9,public/ku9js\localData\酷9咪咕直播HD源.txt:109,https://gitee.com/smalltown240730/240730/raw/master/ku9js/k-web/ku9/js/miguhd.js?id=608807420,RESOLVE_FAILED,862,酷9脚本结果无效: 无法获取播放地址 · 线路 1/1,e0cbefa09b312f8d8613db010954445189643e8003b4efd3fee8f0c148e420c1
小米 6 / Android 7.1.1,63,CCTV2财经,ku9,public/ku9js\localData\酷9咪咕直播HD源.txt:110,https://gitee.com/smalltown240730/240730/raw/master/ku9js/k-web/ku9/js/miguhd.js?id=631780532,RESOLVE_FAILED,441,酷9脚本结果无效: 无法获取播放地址 · 线路 1/1,e0cbefa09b312f8d8613db010954445189643e8003b4efd3fee8f0c148e420c1
小米 6 / Android 7.1.1,64,CCTV1综合,ku9,public/ku9js\localData\酷9快直播js源.txt:1,http://A/ku9/js/kzbtv.js?id=484,RESOLVE_FAILED,2943,酷9脚本结果无效: 数据解析失败 · 线路 1/1,d564d50ee65865106a286324844e7f0feaf0027b15f55c9afbf1aa122107f87a
小米 6 / Android 7.1.1,65,CCTV2财经,ku9,public/ku9js\localData\酷9快直播js源.txt:2,http://A/ku9/js/kzbtv.js?id=485,RESOLVE_FAILED,447,酷9脚本结果无效: 数据解析失败 · 线路 1/1,d564d50ee65865106a286324844e7f0feaf0027b15f55c9afbf1aa122107f87a
小米 6 / Android 7.1.1,66,CCTV1,ku9,public/ku9js\localData\酷9移动js源.txt:1,http://A/PLTV/ku9/js/yditv.js?cid=bestzb&key=5000000001000004953$4M FHD,RESOLVE_FAILED,448,酷9脚本地址格式错误 · 线路 1/1,e4fb83737e146ae26c94998596a382caf8f11264f2a44eb73c467b2a4a06474a
小米 6 / Android 7.1.1,67,CCTV1,ku9,public/ku9js\localData\酷9移动js源.txt:2,http://A/PLTV/ku9/js/yditv.js?cid=bestzb&key=5000000004000002226$8M FHD,RESOLVE_FAILED,444,酷9脚本地址格式错误 · 线路 1/1,e4fb83737e146ae26c94998596a382caf8f11264f2a44eb73c467b2a4a06474a
小米 6 / Android 7.1.1,68,凤凰中文,ku9,public/ku9js\localData\酷9网页直播js源.txt:95,https://gitee.com/smalltown240730/240730/raw/master/ku9js/k-web/ku9/js/ph720.js?id=fhzw,NO_PLAYBACK_OBSERVED,45073,正在连接视频 · 线路 1/1,8bed98d13e8e237b99120220223aba7619b21d43f39cb9cbba9e95ba8729321c
小米 6 / Android 7.1.1,69,凤凰资讯,ku9,public/ku9js\localData\酷9网页直播js源.txt:96,https://gitee.com/smalltown240730/240730/raw/master/ku9js/k-web/ku9/js/ph720.js?id=fhzx,NO_PLAYBACK_OBSERVED,45375,正在连接视频 · 线路 1/1,8bed98d13e8e237b99120220223aba7619b21d43f39cb9cbba9e95ba8729321c
小米 6 / Android 7.1.1,70,凤凰中文,ku9,public/ku9js\localData\酷9网页直播js源.txt:98,https://gitee.com/smalltown240730/240730/raw/master/ku9js/k-web/ku9/js/phoenix.js?id=fhzw,NO_PLAYBACK_OBSERVED,20162,线路播放失败，当前频道没有备用线路 · 线路 1/1,ad6c4d30cc6d3801e847281512cf3d8b2b19089c08d85bcc69011f69cb5a98b9
小米 6 / Android 7.1.1,71,凤凰资讯,ku9,public/ku9js\localData\酷9网页直播js源.txt:99,https://gitee.com/smalltown240730/240730/raw/master/ku9js/k-web/ku9/js/phoenix.js?id=fhzx,NO_PLAYBACK_OBSERVED,20239,线路播放失败，当前频道没有备用线路 · 线路 1/1,ad6c4d30cc6d3801e847281512cf3d8b2b19089c08d85bcc69011f69cb5a98b9
小米 6 / Android 7.1.1,72,CCTV-1 综合,cjs,cjs/cmg.m3u:1,https://raw.githubusercontent.com/TvWasm/cjs/main/cmg.cjs?id=600001859,NATIVE_VIDEO_FRAMES,3202,直播播放中 · 线路 1/1,
小米 6 / Android 7.1.1,73,CCTV-2 财经,cjs,cjs/cmg.m3u:2,https://raw.githubusercontent.com/TvWasm/cjs/main/cmg.cjs?id=600001800,NATIVE_VIDEO_FRAMES,2838,直播播放中 · 线路 1/1,
小米 6 / Android 7.1.1,74,CCTV-3 综艺,cjs,cjs/cmg.m3u:3,https://raw.githubusercontent.com/TvWasm/cjs/main/cmg.cjs?id=600001801,NATIVE_VIDEO_FRAMES,3289,直播播放中 · 线路 1/1,
小米 6 / Android 7.1.1,75,CCTV-4 中文国际（亚）,cjs,cjs/cmg.m3u:4,https://raw.githubusercontent.com/TvWasm/cjs/main/cmg.cjs?id=600001814,NATIVE_VIDEO_FRAMES,4305,直播播放中 · 线路 1/1,
小米 6 / Android 7.1.1,76,CCTV-5 体育,cjs,cjs/cmg.m3u:5,https://raw.githubusercontent.com/TvWasm/cjs/main/cmg.cjs?id=600001818,NATIVE_VIDEO_FRAMES,2568,直播播放中 · 线路 1/1,
小米 6 / Android 7.1.1,77,CCTV-6 电影,cjs,cjs/cmg.m3u:6,https://raw.githubusercontent.com/TvWasm/cjs/main/cmg.cjs?id=600108442,NATIVE_VIDEO_FRAMES,2065,直播播放中 · 线路 1/1,
小米 6 / Android 7.1.1,78,CCTV-7 国防军事,cjs,cjs/cmg.m3u:7,https://raw.githubusercontent.com/TvWasm/cjs/main/cmg.cjs?id=600004092,NATIVE_VIDEO_FRAMES,2506,直播播放中 · 线路 1/1,
小米 6 / Android 7.1.1,79,CCTV-8 电视剧,cjs,cjs/cmg.m3u:8,https://raw.githubusercontent.com/TvWasm/cjs/main/cmg.cjs?id=600001803,NATIVE_VIDEO_FRAMES,3168,直播播放中 · 线路 1/1,
小米 6 / Android 7.1.1,80,CCTV-9 纪录,cjs,cjs/cmg.m3u:9,https://raw.githubusercontent.com/TvWasm/cjs/main/cmg.cjs?id=600004078,NATIVE_VIDEO_FRAMES,3030,直播播放中 · 线路 1/1,
小米 6 / Android 7.1.1,81,CCTV-10 科教,cjs,cjs/cmg.m3u:10,https://raw.githubusercontent.com/TvWasm/cjs/main/cmg.cjs?id=600001805,NATIVE_VIDEO_FRAMES,2703,直播播放中 · 线路 1/1,
小米 6 / Android 7.1.1,82,CCTV-11 戏曲,cjs,cjs/cmg.m3u:11,https://raw.githubusercontent.com/TvWasm/cjs/main/cmg.cjs?id=600001806,NATIVE_VIDEO_FRAMES,2964,直播播放中 · 线路 1/1,
小米 6 / Android 7.1.1,83,CCTV-12 社会与法,cjs,cjs/cmg.m3u:12,https://raw.githubusercontent.com/TvWasm/cjs/main/cmg.cjs?id=600001807,NATIVE_VIDEO_FRAMES,2864,直播播放中 · 线路 1/1,
小米 6 / Android 7.1.1,84,CCTV-13 新闻,cjs,cjs/cmg.m3u:13,https://raw.githubusercontent.com/TvWasm/cjs/main/cmg.cjs?id=600001811,NATIVE_VIDEO_FRAMES,2919,直播播放中 · 线路 1/1,
小米 6 / Android 7.1.1,85,CCTV-14 少儿,cjs,cjs/cmg.m3u:14,https://raw.githubusercontent.com/TvWasm/cjs/main/cmg.cjs?id=600001809,NATIVE_VIDEO_FRAMES,2255,直播播放中 · 线路 1/1,
小米 6 / Android 7.1.1,86,CCTV-15 音乐,cjs,cjs/cmg.m3u:15,https://raw.githubusercontent.com/TvWasm/cjs/main/cmg.cjs?id=600001815,NATIVE_VIDEO_FRAMES,2515,直播播放中 · 线路 1/1,
小米 6 / Android 7.1.1,87,CCTV-16 奥林匹克,cjs,cjs/cmg.m3u:16,https://raw.githubusercontent.com/TvWasm/cjs/main/cmg.cjs?id=600098637,NATIVE_VIDEO_FRAMES,2723,直播播放中 · 线路 1/1,
小米 6 / Android 7.1.1,88,CCTV-17 农业农村,cjs,cjs/cmg.m3u:17,https://raw.githubusercontent.com/TvWasm/cjs/main/cmg.cjs?id=600001810,NATIVE_VIDEO_FRAMES,3859,直播播放中 · 线路 1/1,
小米 6 / Android 7.1.1,89,CCTV-5+ 体育赛事,cjs,cjs/cmg.m3u:18,https://raw.githubusercontent.com/TvWasm/cjs/main/cmg.cjs?id=600001817,NATIVE_VIDEO_FRAMES,3025,直播播放中 · 线路 1/1,
小米 6 / Android 7.1.1,90,CCTV16（4K）,cjs,cjs/cmg.m3u:19,https://raw.githubusercontent.com/TvWasm/cjs/main/cmg.cjs?id=600099502,NATIVE_VIDEO_FRAMES,3183,直播播放中 · 线路 1/1,
小米 6 / Android 7.1.1,91,CCTV4K,cjs,cjs/cmg.m3u:20,https://raw.githubusercontent.com/TvWasm/cjs/main/cmg.cjs?id=600002264,NATIVE_VIDEO_FRAMES,2931,直播播放中 · 线路 1/1,
小米 6 / Android 7.1.1,92,CCTV8K,cjs,cjs/cmg.m3u:21,https://raw.githubusercontent.com/TvWasm/cjs/main/cmg.cjs?id=600156816,NATIVE_VIDEO_FRAMES,2591,直播播放中 · 线路 1/1,
小米 6 / Android 7.1.1,93,CGTN,cjs,cjs/cmg.m3u:22,https://raw.githubusercontent.com/TvWasm/cjs/main/cmg.cjs?id=600014550,NATIVE_VIDEO_FRAMES,2705,直播播放中 · 线路 1/1,
小米 6 / Android 7.1.1,94,CGTN法语频道,cjs,cjs/cmg.m3u:23,https://raw.githubusercontent.com/TvWasm/cjs/main/cmg.cjs?id=600084704,NATIVE_VIDEO_FRAMES,3592,直播播放中 · 线路 1/1,
小米 6 / Android 7.1.1,95,CGTN俄语频道,cjs,cjs/cmg.m3u:24,https://raw.githubusercontent.com/TvWasm/cjs/main/cmg.cjs?id=600084758,NATIVE_VIDEO_FRAMES,2895,直播播放中 · 线路 1/1,
小米 6 / Android 7.1.1,96,CGTN阿拉伯语频道,cjs,cjs/cmg.m3u:25,https://raw.githubusercontent.com/TvWasm/cjs/main/cmg.cjs?id=600084782,NATIVE_VIDEO_FRAMES,3062,直播播放中 · 线路 1/1,
小米 6 / Android 7.1.1,97,CGTN西班牙语频道,cjs,cjs/cmg.m3u:26,https://raw.githubusercontent.com/TvWasm/cjs/main/cmg.cjs?id=600084744,NATIVE_VIDEO_FRAMES,3273,直播播放中 · 线路 1/1,
小米 6 / Android 7.1.1,98,CGTN外语纪录频道,cjs,cjs/cmg.m3u:27,https://raw.githubusercontent.com/TvWasm/cjs/main/cmg.cjs?id=600084781,NATIVE_VIDEO_FRAMES,3359,直播播放中 · 线路 1/1,
小米 6 / Android 7.1.1,99,CCTV风云剧场频道,cjs,cjs/cmg.m3u:28,https://raw.githubusercontent.com/TvWasm/cjs/main/cmg.cjs?id=600099658,NATIVE_VIDEO_FRAMES,1731,直播播放中 · 线路 1/1,
小米 6 / Android 7.1.1,100,CCTV第一剧场频道,cjs,cjs/cmg.m3u:29,https://raw.githubusercontent.com/TvWasm/cjs/main/cmg.cjs?id=600099655,NATIVE_VIDEO_FRAMES,3090,直播播放中 · 线路 1/1,
小米 6 / Android 7.1.1,101,CCTV怀旧剧场频道,cjs,cjs/cmg.m3u:30,https://raw.githubusercontent.com/TvWasm/cjs/main/cmg.cjs?id=600099620,NATIVE_VIDEO_FRAMES,2211,直播播放中 · 线路 1/1,
小米 6 / Android 7.1.1,102,CCTV-1 综合,cjs,cjs/cmg.m3u:31; cjs/cctv.cjs + ChannelCatalog,https://raw.githubusercontent.com/TvWasm/cjs/main/cctv.cjs?id=cctv1,NATIVE_VIDEO_FRAMES,3037,直播播放中 · 线路 1/1,
小米 6 / Android 7.1.1,103,CCTV-2 财经,cjs,cjs/cmg.m3u:32; cjs/cctv.cjs + ChannelCatalog,https://raw.githubusercontent.com/TvWasm/cjs/main/cctv.cjs?id=cctv2,NATIVE_VIDEO_FRAMES,3327,直播播放中 · 线路 1/1,
小米 6 / Android 7.1.1,104,CCTV-3 综艺,cjs,cjs/cmg.m3u:33; cjs/cctv.cjs + ChannelCatalog,https://raw.githubusercontent.com/TvWasm/cjs/main/cctv.cjs?id=cctv3,NATIVE_VIDEO_FRAMES,3333,直播播放中 · 线路 1/1,
小米 6 / Android 7.1.1,105,CCTV-4 中文国际（亚）,cjs,cjs/cmg.m3u:34; cjs/cctv.cjs + ChannelCatalog,https://raw.githubusercontent.com/TvWasm/cjs/main/cctv.cjs?id=cctv4,NATIVE_VIDEO_FRAMES,2132,直播播放中 · 线路 1/1,
小米 6 / Android 7.1.1,106,CCTV-5 体育,cjs,cjs/cmg.m3u:35; cjs/cctv.cjs + ChannelCatalog,https://raw.githubusercontent.com/TvWasm/cjs/main/cctv.cjs?id=cctv5,NATIVE_VIDEO_FRAMES,2908,直播播放中 · 线路 1/1,
小米 6 / Android 7.1.1,107,CCTV-6 电影,cjs,cjs/cmg.m3u:36; cjs/cctv.cjs + ChannelCatalog,https://raw.githubusercontent.com/TvWasm/cjs/main/cctv.cjs?id=cctv6,NATIVE_VIDEO_FRAMES,2942,直播播放中 · 线路 1/1,
小米 6 / Android 7.1.1,108,CCTV-7 国防军事,cjs,cjs/cmg.m3u:37; cjs/cctv.cjs + ChannelCatalog,https://raw.githubusercontent.com/TvWasm/cjs/main/cctv.cjs?id=cctv7,NATIVE_VIDEO_FRAMES,2926,直播播放中 · 线路 1/1,
小米 6 / Android 7.1.1,109,CCTV-8 电视剧,cjs,cjs/cmg.m3u:38; cjs/cctv.cjs + ChannelCatalog,https://raw.githubusercontent.com/TvWasm/cjs/main/cctv.cjs?id=cctv8,NATIVE_VIDEO_FRAMES,2120,直播播放中 · 线路 1/1,
小米 6 / Android 7.1.1,110,CCTV-9 纪录,cjs,cjs/cmg.m3u:39; cjs/cctv.cjs + ChannelCatalog,https://raw.githubusercontent.com/TvWasm/cjs/main/cctv.cjs?id=cctvjilu,NATIVE_VIDEO_FRAMES,3312,直播播放中 · 线路 1/1,
小米 6 / Android 7.1.1,111,CCTV-10 科教,cjs,cjs/cmg.m3u:40; cjs/cctv.cjs + ChannelCatalog,https://raw.githubusercontent.com/TvWasm/cjs/main/cctv.cjs?id=cctv10,NATIVE_VIDEO_FRAMES,2523,直播播放中 · 线路 1/1,
小米 6 / Android 7.1.1,112,CCTV-11 戏曲,cjs,cjs/cmg.m3u:41; cjs/cctv.cjs + ChannelCatalog,https://raw.githubusercontent.com/TvWasm/cjs/main/cctv.cjs?id=cctv11,NATIVE_VIDEO_FRAMES,2998,直播播放中 · 线路 1/1,
小米 6 / Android 7.1.1,113,CCTV-12 社会与法,cjs,cjs/cmg.m3u:42; cjs/cctv.cjs + ChannelCatalog,https://raw.githubusercontent.com/TvWasm/cjs/main/cctv.cjs?id=cctv12,NATIVE_VIDEO_FRAMES,2492,直播播放中 · 线路 1/1,
小米 6 / Android 7.1.1,114,CCTV-13 新闻,cjs,cjs/cmg.m3u:43; cjs/cctv.cjs + ChannelCatalog,https://raw.githubusercontent.com/TvWasm/cjs/main/cctv.cjs?id=cctv13,NATIVE_VIDEO_FRAMES,3865,直播播放中 · 线路 1/1,
小米 6 / Android 7.1.1,115,CCTV-14 少儿,cjs,cjs/cmg.m3u:44; cjs/cctv.cjs + ChannelCatalog,https://raw.githubusercontent.com/TvWasm/cjs/main/cctv.cjs?id=cctvchild,NATIVE_VIDEO_FRAMES,3907,直播播放中 · 线路 1/1,
小米 6 / Android 7.1.1,116,CCTV-15 音乐,cjs,cjs/cmg.m3u:45; cjs/cctv.cjs + ChannelCatalog,https://raw.githubusercontent.com/TvWasm/cjs/main/cctv.cjs?id=cctv15,NATIVE_VIDEO_FRAMES,3314,直播播放中 · 线路 1/1,
小米 6 / Android 7.1.1,117,CCTV-16 奥林匹克,cjs,cjs/cmg.m3u:46; cjs/cctv.cjs + ChannelCatalog,https://raw.githubusercontent.com/TvWasm/cjs/main/cctv.cjs?id=cctv16,NATIVE_VIDEO_FRAMES,4259,直播播放中 · 线路 1/1,
小米 6 / Android 7.1.1,118,CCTV-17 农业农村,cjs,cjs/cmg.m3u:47; cjs/cctv.cjs + ChannelCatalog,https://raw.githubusercontent.com/TvWasm/cjs/main/cctv.cjs?id=cctv17,NATIVE_VIDEO_FRAMES,3320,直播播放中 · 线路 1/1,
小米 6 / Android 7.1.1,119,CCTV-5+ 体育赛事,cjs,cjs/cmg.m3u:48; cjs/cctv.cjs + ChannelCatalog,https://raw.githubusercontent.com/TvWasm/cjs/main/cctv.cjs?id=cctv5plus,NATIVE_VIDEO_FRAMES,3885,直播播放中 · 线路 1/1,
小米 6 / Android 7.1.1,120,CCTV-4 中文国际（欧）,cjs,cjs/cmg.m3u:49; cjs/cctv.cjs + ChannelCatalog,https://raw.githubusercontent.com/TvWasm/cjs/main/cctv.cjs?id=cctveurope,NATIVE_VIDEO_FRAMES,2087,直播播放中 · 线路 1/1,
小米 6 / Android 7.1.1,121,CCTV-4 中文国际（美）,cjs,cjs/cmg.m3u:50; cjs/cctv.cjs + ChannelCatalog,https://raw.githubusercontent.com/TvWasm/cjs/main/cctv.cjs?id=cctvamerica,NATIVE_VIDEO_FRAMES,2526,直播播放中 · 线路 1/1,
小米 6 / Android 7.1.1,122,北京卫视,cjs,cjs/cmg.m3u:51,https://raw.githubusercontent.com/TvWasm/cjs/main/cmg.cjs?id=600002309,NATIVE_VIDEO_FRAMES,2507,直播播放中 · 线路 1/1,
小米 6 / Android 7.1.1,123,江苏卫视,cjs,cjs/cmg.m3u:52,https://raw.githubusercontent.com/TvWasm/cjs/main/cmg.cjs?id=600002521,NATIVE_VIDEO_FRAMES,2550,直播播放中 · 线路 1/1,
小米 6 / Android 7.1.1,124,东方卫视,cjs,cjs/cmg.m3u:53,https://raw.githubusercontent.com/TvWasm/cjs/main/cmg.cjs?id=600002483,NATIVE_VIDEO_FRAMES,1755,直播播放中 · 线路 1/1,
小米 6 / Android 7.1.1,125,浙江卫视,cjs,cjs/cmg.m3u:54,https://raw.githubusercontent.com/TvWasm/cjs/main/cmg.cjs?id=600002520,NATIVE_VIDEO_FRAMES,3646,直播播放中 · 线路 1/1,
小米 6 / Android 7.1.1,126,湖南卫视,cjs,cjs/cmg.m3u:55,https://raw.githubusercontent.com/TvWasm/cjs/main/cmg.cjs?id=600002475,NATIVE_VIDEO_FRAMES,2560,直播播放中 · 线路 1/1,
小米 6 / Android 7.1.1,127,湖北卫视,cjs,cjs/cmg.m3u:56,https://raw.githubusercontent.com/TvWasm/cjs/main/cmg.cjs?id=600002508,NATIVE_VIDEO_FRAMES,2753,直播播放中 · 线路 1/1,
小米 6 / Android 7.1.1,128,广东卫视,cjs,cjs/cmg.m3u:57,https://raw.githubusercontent.com/TvWasm/cjs/main/cmg.cjs?id=600002485,NATIVE_VIDEO_FRAMES,2823,直播播放中 · 线路 1/1,
小米 6 / Android 7.1.1,129,广西卫视,cjs,cjs/cmg.m3u:58,https://raw.githubusercontent.com/TvWasm/cjs/main/cmg.cjs?id=600002509,NATIVE_VIDEO_FRAMES,3365,直播播放中 · 线路 1/1,
小米 6 / Android 7.1.1,130,黑龙江卫视,cjs,cjs/cmg.m3u:59,https://raw.githubusercontent.com/TvWasm/cjs/main/cmg.cjs?id=600002498,NATIVE_VIDEO_FRAMES,2695,直播播放中 · 线路 1/1,
小米 6 / Android 7.1.1,131,海南卫视,cjs,cjs/cmg.m3u:60,https://raw.githubusercontent.com/TvWasm/cjs/main/cmg.cjs?id=600002506,NATIVE_VIDEO_FRAMES,2562,直播播放中 · 线路 1/1,
小米 6 / Android 7.1.1,132,重庆卫视,cjs,cjs/cmg.m3u:61,https://raw.githubusercontent.com/TvWasm/cjs/main/cmg.cjs?id=600002531,NATIVE_VIDEO_FRAMES,3842,直播播放中 · 线路 1/1,
小米 6 / Android 7.1.1,133,深圳卫视,cjs,cjs/cmg.m3u:62,https://raw.githubusercontent.com/TvWasm/cjs/main/cmg.cjs?id=600002481,NATIVE_VIDEO_FRAMES,2764,直播播放中 · 线路 1/1,
小米 6 / Android 7.1.1,134,四川卫视,cjs,cjs/cmg.m3u:63,https://raw.githubusercontent.com/TvWasm/cjs/main/cmg.cjs?id=600002516,NATIVE_VIDEO_FRAMES,1938,直播播放中 · 线路 1/1,
小米 6 / Android 7.1.1,135,河南卫视,cjs,cjs/cmg.m3u:64,https://raw.githubusercontent.com/TvWasm/cjs/main/cmg.cjs?id=600002525,NATIVE_VIDEO_FRAMES,2147,直播播放中 · 线路 1/1,
小米 6 / Android 7.1.1,136,福建东南卫视,cjs,cjs/cmg.m3u:65,https://raw.githubusercontent.com/TvWasm/cjs/main/cmg.cjs?id=600002484,NATIVE_VIDEO_FRAMES,1932,直播播放中 · 线路 1/1,
小米 6 / Android 7.1.1,137,贵州卫视,cjs,cjs/cmg.m3u:66,https://raw.githubusercontent.com/TvWasm/cjs/main/cmg.cjs?id=600002490,NATIVE_VIDEO_FRAMES,3008,直播播放中 · 线路 1/1,
小米 6 / Android 7.1.1,138,江西卫视,cjs,cjs/cmg.m3u:67,https://raw.githubusercontent.com/TvWasm/cjs/main/cmg.cjs?id=600002503,NATIVE_VIDEO_FRAMES,3014,直播播放中 · 线路 1/1,
小米 6 / Android 7.1.1,139,辽宁卫视,cjs,cjs/cmg.m3u:68,https://raw.githubusercontent.com/TvWasm/cjs/main/cmg.cjs?id=600002505,NATIVE_VIDEO_FRAMES,3371,直播播放中 · 线路 1/1,
小米 6 / Android 7.1.1,140,安徽卫视,cjs,cjs/cmg.m3u:69,https://raw.githubusercontent.com/TvWasm/cjs/main/cmg.cjs?id=600002532,NATIVE_VIDEO_FRAMES,2805,直播播放中 · 线路 1/1,
小米 6 / Android 7.1.1,141,河北卫视,cjs,cjs/cmg.m3u:70,https://raw.githubusercontent.com/TvWasm/cjs/main/cmg.cjs?id=600002493,NATIVE_VIDEO_FRAMES,2894,直播播放中 · 线路 1/1,
小米 6 / Android 7.1.1,142,山东卫视,cjs,cjs/cmg.m3u:71,https://raw.githubusercontent.com/TvWasm/cjs/main/cmg.cjs?id=600002513,NATIVE_VIDEO_FRAMES,3080,直播播放中 · 线路 1/1,
小米 6 / Android 7.1.1,143,天津卫视,cjs,cjs/cmg.m3u:72,https://raw.githubusercontent.com/TvWasm/cjs/main/cmg.cjs?id=600152137,NATIVE_VIDEO_FRAMES,2726,直播播放中 · 线路 1/1,
小米 6 / Android 7.1.1,144,吉林卫视,cjs,cjs/cmg.m3u:73,https://raw.githubusercontent.com/TvWasm/cjs/main/cmg.cjs?id=600190405,NATIVE_VIDEO_FRAMES,2537,直播播放中 · 线路 1/1,
小米 6 / Android 7.1.1,145,陕西卫视,cjs,cjs/cmg.m3u:74,https://raw.githubusercontent.com/TvWasm/cjs/main/cmg.cjs?id=600190400,NATIVE_VIDEO_FRAMES,3887,直播播放中 · 线路 1/1,
小米 6 / Android 7.1.1,146,甘肃卫视,cjs,cjs/cmg.m3u:75,https://raw.githubusercontent.com/TvWasm/cjs/main/cmg.cjs?id=600190408,NATIVE_VIDEO_FRAMES,4370,直播播放中 · 线路 1/1,
小米 6 / Android 7.1.1,147,宁夏卫视,cjs,cjs/cmg.m3u:76,https://raw.githubusercontent.com/TvWasm/cjs/main/cmg.cjs?id=600190737,NATIVE_VIDEO_FRAMES,2864,直播播放中 · 线路 1/1,
小米 6 / Android 7.1.1,148,内蒙古卫视,cjs,cjs/cmg.m3u:77,https://raw.githubusercontent.com/TvWasm/cjs/main/cmg.cjs?id=600190401,NATIVE_VIDEO_FRAMES,2869,直播播放中 · 线路 1/1,
小米 6 / Android 7.1.1,149,云南卫视,cjs,cjs/cmg.m3u:78,https://raw.githubusercontent.com/TvWasm/cjs/main/cmg.cjs?id=600190402,NATIVE_VIDEO_FRAMES,3837,直播播放中 · 线路 1/1,
小米 6 / Android 7.1.1,150,山西卫视,cjs,cjs/cmg.m3u:79,https://raw.githubusercontent.com/TvWasm/cjs/main/cmg.cjs?id=600190407,NATIVE_VIDEO_FRAMES,3811,直播播放中 · 线路 1/1,
小米 6 / Android 7.1.1,151,青海卫视,cjs,cjs/cmg.m3u:80,https://raw.githubusercontent.com/TvWasm/cjs/main/cmg.cjs?id=600190406,NATIVE_VIDEO_FRAMES,3527,直播播放中 · 线路 1/1,
小米 6 / Android 7.1.1,152,西藏卫视,cjs,cjs/cmg.m3u:81,https://raw.githubusercontent.com/TvWasm/cjs/main/cmg.cjs?id=600190403,NATIVE_VIDEO_FRAMES,3835,直播播放中 · 线路 1/1,
小米 6 / Android 7.1.1,153,中国教育电视台1频道,cjs,cjs/cmg.m3u:82,https://raw.githubusercontent.com/TvWasm/cjs/main/cmg.cjs?id=600171827,NATIVE_VIDEO_FRAMES,2649,直播播放中 · 线路 1/1,
小米 6 / Android 7.1.1,154,新疆卫视,cjs,cjs/cmg.m3u:83,https://raw.githubusercontent.com/TvWasm/cjs/main/cmg.cjs?id=600152138,NATIVE_VIDEO_FRAMES,1739,直播播放中 · 线路 1/1,
小米 6 / Android 7.1.1,155,广西综艺旅游,cjs,cjs/gxtv.m3u:1,https://raw.githubusercontent.com/TvWasm/cjs/main/gxtv.cjs?id=f3335975f9fe11e88bcfe41f13b60c62,NATIVE_VIDEO_FRAMES,3361,直播播放中 · 线路 1/1,
小米 6 / Android 7.1.1,156,广西都市,cjs,cjs/gxtv.m3u:2,https://raw.githubusercontent.com/TvWasm/cjs/main/gxtv.cjs?id=fdbaf085f9fe11e88bcfe41f13b60c62,NATIVE_VIDEO_FRAMES,1700,直播播放中 · 线路 1/1,
小米 6 / Android 7.1.1,157,广西影视,cjs,cjs/gxtv.m3u:3,https://raw.githubusercontent.com/TvWasm/cjs/main/gxtv.cjs?id=5e923d82058e11e9ba67e41f13b60c62,NATIVE_VIDEO_FRAMES,1286,直播播放中 · 线路 1/1,
小米 6 / Android 7.1.1,158,广西新闻,cjs,cjs/gxtv.m3u:4,https://raw.githubusercontent.com/TvWasm/cjs/main/gxtv.cjs?id=9dfd8600075811e9ba67e41f13b60c62,NATIVE_VIDEO_FRAMES,1684,直播播放中 · 线路 1/1,
小米 6 / Android 7.1.1,159,广西国际,cjs,cjs/gxtv.m3u:5,https://raw.githubusercontent.com/TvWasm/cjs/main/gxtv.cjs?id=bfa17b64157f11e999f0e41f13b60c62,NATIVE_VIDEO_FRAMES,1691,直播播放中 · 线路 1/1,
小米 6 / Android 7.1.1,160,CETV-1,cjs,cjs/gxtv.m3u:6,https://raw.githubusercontent.com/TvWasm/cjs/main/gxtv.cjs?id=ffa6b6e1b32b4a16a73eb3ef66f8bfc7,NATIVE_VIDEO_FRAMES,1682,直播播放中 · 线路 1/1,
小米 6 / Android 7.1.1,161,CETV-2,cjs,cjs/gxtv.m3u:7,https://raw.githubusercontent.com/TvWasm/cjs/main/gxtv.cjs?id=80d0ffb42c114eaf9663708629ff0a3e,NATIVE_VIDEO_FRAMES,2100,直播播放中 · 线路 1/1,
小米 6 / Android 7.1.1,162,CETV-4,cjs,cjs/gxtv.m3u:8,https://raw.githubusercontent.com/TvWasm/cjs/main/gxtv.cjs?id=67eace939278435bb4bca90800fb4225,NATIVE_VIDEO_FRAMES,1269,直播播放中 · 线路 1/1,
小米 6 / Android 7.1.1,163,migu测试,media,webSourceM3U8/k-web/ku9.txt:24,https://raw.githubusercontent.com/mytv-android/mytvJS/refs/heads/main/js/mgd_github.js?channel=CCTV1综合,NO_PLAYBACK_OBSERVED,20311,正在连接 · 线路 1/1,
小米 6 / Android 7.1.1,164,音轨测试,media,webSourceM3U8/k-web/ku9.txt:25,https://r.jdshipin.com/62WM7,NATIVE_VIDEO_FRAMES,10048,直播播放中 · 线路 1/1,
小米 6 / Android 7.1.1,165,H.264/MPEG-TS多语言字幕,media,webSourceM3U8/k-web/ku9.txt:26,https://devstreaming-cdn.apple.com/videos/streaming/examples/img_bipbop_adv_example_ts/master.m3u8,NATIVE_VIDEO_FRAMES,6414,直播播放中 · 线路 1/1,
小米 6 / Android 7.1.1,166,H.264/fMP4多语言字幕,media,webSourceM3U8/k-web/ku9.txt:27,https://devstreaming-cdn.apple.com/videos/streaming/examples/img_bipbop_adv_example_fmp4/master.m3u8,NATIVE_VIDEO_FRAMES,2097,直播播放中 · 线路 1/1,
小米 6 / Android 7.1.1,167,HEVC/H.264单字幕,media,webSourceM3U8/k-web/ku9.txt:28,https://devstreaming-cdn.apple.com/videos/streaming/examples/bipbop_adv_example_hevc/master.m3u8,NATIVE_VIDEO_FRAMES,5662,直播播放中 · 线路 1/1,
小米 6 / Android 7.1.1,168,DolbyAtmos720PH264,media,webSourceM3U8/k-web/ku9.txt:29,https://ott.dolby.com/OnDelKits/DDP/Dolby_Digital_Plus_Online_Delivery_Kit_v1.4.1/Test_Signals/muxed_streams/HLS/Manifest_v4_packed_audio/ChID_voices_1280x720p_25fps_h264_6ch_640kbps_ddp_joc.m3u8,NATIVE_VIDEO_FRAMES,2926,直播播放中 · 线路 1/1,
小米 6 / Android 7.1.1,169,DolbyAtmos720PH264,media,webSourceM3U8/k-web/ku9.txt:30,https://ott.dolby.com/OnDelKits/DDP/Dolby_Digital_Plus_Online_Delivery_Kit_v1.4.1/Test_Signals/muxed_streams/HLS/Manifest_v7_fMP4/ChID_voices_1280x720p_25fps_h264_6ch_640kbps_ddp_joc.m3u8,NATIVE_VIDEO_FRAMES,2516,直播播放中 · 线路 1/1,
小米 6 / Android 7.1.1,170,DolbyAtmosHEVC1080P,media,webSourceM3U8/k-web/ku9.txt:31,https://ott.dolby.com/OnDelKits/DDP/Dolby_Digital_Plus_Online_Delivery_Kit_v1.4.1/Test_Signals/muxed_streams/HLS/Manifest_v7_fMP4/ChID_voices_1920x1080p_25fps_h265_6ch_640kbps_ddp_joc.m3u8,NATIVE_VIDEO_FRAMES,2503,直播播放中 · 线路 1/1,
小米 6 / Android 7.1.1,171,DolbyAtmos720pH264,media,webSourceM3U8/k-web/ku9.txt:32,https://ott.dolby.com/OnDelKits/DDP/Dolby_Digital_Plus_Online_Delivery_Kit_v1.4.1/Test_Signals/muxed_streams/MP4/Example/ChID_voices_1280x720p_25fps_h264_6ch_640kbps_ddp_joc.mp4,NATIVE_VIDEO_FRAMES,1699,直播播放中 · 线路 1/1,
小米 6 / Android 7.1.1,172,DolbyAtmos1080HEVC,media,webSourceM3U8/k-web/ku9.txt:33,https://ott.dolby.com/OnDelKits/DDP/Dolby_Digital_Plus_Online_Delivery_Kit_v1.4.1/Test_Signals/muxed_streams/MP4/Example/ChID_voices_1920x1080p_25fps_h265_6ch_640kbps_ddp_joc.mp4,NATIVE_VIDEO_FRAMES,1685,直播播放中 · 线路 1/1,
小米 6 / Android 7.1.1,173,ms-6mbps-4k,media,webSourceM3U8/k-web/ku9.txt:34,https://test.playready.microsoft.com/media/profficialsite/bbb-3840x2160-cfg02-frag-6mbps.mp4,NATIVE_VIDEO_FRAMES,6911,直播播放中 · 线路 1/1,
小米 6 / Android 7.1.1,174,ms-12mbps-4k,media,webSourceM3U8/k-web/ku9.txt:35,https://test.playready.microsoft.com/media/profficialsite/bbb-3840x2160-cfg02-frag-12mbps.mp4,NO_PLAYBACK_OBSERVED,20339,正在连接视频 · 线路 1/1,
小米 6 / Android 7.1.1,175,ms-24mbps-4k,media,webSourceM3U8/k-web/ku9.txt:36,https://test.playready.microsoft.com/media/profficialsite/bbb-3840x2160-cfg02-frag-24mbps.mp4,NO_PLAYBACK_OBSERVED,20300,正在连接视频 · 线路 1/1,
小米 6 / Android 7.1.1,176,tearsofsteel_4k_h265,media,webSourceM3U8/k-web/ku9.txt:37,https://test.playready.microsoft.com/media/profficialsite/tearsofsteel_4k_60s_24fps.12000kbps.3840x2160.h265-10b.2ch.128kbps.aac.mp4,NO_PLAYBACK_OBSERVED,20238,正在连接视频 · 线路 1/1,
小米 6 / Android 7.1.1,177,bbb_sunflower4k,media,webSourceM3U8/k-web/ku9.txt:38,https://mirrors.kodi.tv/demo-files/BBB/bbb_sunflower_2160p_60fps_normal.mp4,NATIVE_VIDEO_FRAMES,5658,直播播放中 · 线路 1/1,
小米 6 / Android 7.1.1,178,big_buck_bunny4K-h265,media,webSourceM3U8/k-web/ku9.txt:39,https://storage.googleapis.com/vulkan-video-samples/hevc/hevc-big_buck_bunny_2160p.h265,RESOLVE_FAILED,3441,线路解析失败，当前频道没有备用线路 · 线路 1/1,
小米 6 / Android 7.1.1,179,宿州新闻综合,media,webSourceM3U8/webview.txt:91,https://live.ahsz.tv/video/s10001-szzh/index.m3u8,NATIVE_VIDEO_FRAMES,1273,直播播放中 · 线路 1/1,
小米 6 / Android 7.1.1,180,宿州科教生活,media,webSourceM3U8/webview.txt:92,https://live.ahsz.tv/video/s10001-kxjy/index.m3u8,NATIVE_VIDEO_FRAMES,5615,直播播放中 · 线路 1/1,
小米 6 / Android 7.1.1,181,定西综合,media,webSourceM3U8/webview.txt:100,http://play.kankanlive.com/live/1745232061100288.m3u8,NATIVE_VIDEO_FRAMES,2929,直播播放中 · 线路 1/1,
小米 6 / Android 7.1.1,182,定西文旅生活,media,webSourceM3U8/webview.txt:101,http://play.kankanlive.com/live/1745232082475287.m3u8,NATIVE_VIDEO_FRAMES,5649,直播播放中 · 线路 1/1,
小米 6 / Android 7.1.1,183,广州综合,media,webSourceM3U8/webview.txt:127,http://tencentplaygzrb01.gztv.com/live/zonghes.m3u8,NATIVE_VIDEO_FRAMES,1250,直播播放中 · 线路 1/1,
小米 6 / Android 7.1.1,184,广州新闻,media,webSourceM3U8/webview.txt:128,http://tencentplaygzrb01.gztv.com/live/xinwen.m3u8,NATIVE_VIDEO_FRAMES,1250,直播播放中 · 线路 1/1,
小米 6 / Android 7.1.1,185,广州影视,media,webSourceM3U8/webview.txt:129,http://tencentplaygzrb01.gztv.com/live/yingshi.m3u8,NO_PLAYBACK_OBSERVED,20310,线路播放失败，当前频道没有备用线路 · 线路 1/1,
小米 6 / Android 7.1.1,186,广州法治,media,webSourceM3U8/webview.txt:130,http://tencentplaygzrb01.gztv.com/live/fazhi.m3u8,NO_PLAYBACK_OBSERVED,20365,线路播放失败，当前频道没有备用线路 · 线路 1/1,
小米 6 / Android 7.1.1,187,广州南国都市,media,webSourceM3U8/webview.txt:131,http://tencentplaygzrb01.gztv.com/live/nanguodushi.m3u8,NATIVE_VIDEO_FRAMES,1252,直播播放中 · 线路 1/1,
小米 6 / Android 7.1.1,188,河源综合,media,webSourceM3U8/webview.txt:141,https://tmpstream.hyrtv.cn/xwzh/sd/live.m3u8,NATIVE_VIDEO_FRAMES,1702,直播播放中 · 线路 1/1,
小米 6 / Android 7.1.1,189,河源公共,media,webSourceM3U8/webview.txt:142,https://tmpstream.hyrtv.cn/hygg/sd/live.m3u8,NATIVE_VIDEO_FRAMES,2124,直播播放中 · 线路 1/1,
小米 6 / Android 7.1.1,190,洛阳综合,media,webSourceM3U8/webview.txt:192,https://live.lytv.com.cn/live/LYTV1.m3u8,NATIVE_VIDEO_FRAMES,1282,直播播放中 · 线路 1/1,
小米 6 / Android 7.1.1,191,洛阳科教,media,webSourceM3U8/webview.txt:194,https://live.lytv.com.cn/live/LYTV2.m3u8,NATIVE_VIDEO_FRAMES,872,直播播放中 · 线路 1/1,
小米 6 / Android 7.1.1,192,洛阳文旅,media,webSourceM3U8/webview.txt:195,https://live.lytv.com.cn/live/LYTV3.m3u8,NATIVE_VIDEO_FRAMES,883,直播播放中 · 线路 1/1,
小米 6 / Android 7.1.1,193,绥化新闻综合,media,webSourceM3U8/webview.txt:237,https://liveplaysr.dbw.cn/lsdream/amzPoBP/1000/live.m3u8,NATIVE_VIDEO_FRAMES,2934,直播播放中 · 线路 1/1,
小米 6 / Android 7.1.1,194,无锡新闻综合,media,webSourceM3U8/webview.txt:263,http://stream.thmz.com/wxtv1/playlist.m3u8,NATIVE_VIDEO_FRAMES,3358,直播播放中 · 线路 1/1,
小米 6 / Android 7.1.1,195,无锡娱乐,media,webSourceM3U8/webview.txt:264,http://stream.thmz.com/wxtv2/playlist.m3u8,NATIVE_VIDEO_FRAMES,2894,直播播放中 · 线路 1/1,
小米 6 / Android 7.1.1,196,无锡都市资讯,media,webSourceM3U8/webview.txt:265,http://stream.thmz.com/wxtv3/playlist.m3u8,NATIVE_VIDEO_FRAMES,2940,直播播放中 · 线路 1/1,
小米 6 / Android 7.1.1,197,无锡生活,media,webSourceM3U8/webview.txt:266,http://stream.thmz.com/wxtv4/playlist.m3u8,NATIVE_VIDEO_FRAMES,3836,直播播放中 · 线路 1/1,
小米 6 / Android 7.1.1,198,无锡经济,media,webSourceM3U8/webview.txt:267,http://stream.thmz.com/wxtv5/playlist.m3u8,NATIVE_VIDEO_FRAMES,4892,直播播放中 · 线路 1/1,
小米 6 / Android 7.1.1,199,泰州-2,media,webSourceM3U8/webview.txt:268,http://stream1.mytaizhou.net/jjshnew/playlist.m3u8,NATIVE_VIDEO_FRAMES,2103,直播播放中 · 线路 1/1,
小米 6 / Android 7.1.1,200,泰州-3,media,webSourceM3U8/webview.txt:269,http://stream1.mytaizhou.net/ysylnew/playlist.m3u8,NATIVE_VIDEO_FRAMES,1251,直播播放中 · 线路 1/1,
小米 6 / Android 7.1.1,201,苏州新闻综合,media,webSourceM3U8/webview.txt:270,https://live-auth.51kandianshi.com/szgd/csztv1.m3u8,NATIVE_VIDEO_FRAMES,870,直播播放中 · 线路 1/1,
小米 6 / Android 7.1.1,202,苏州社会经济,media,webSourceM3U8/webview.txt:271,https://live-auth.51kandianshi.com/szgd/csztv2.m3u8,NATIVE_VIDEO_FRAMES,435,直播播放中 · 线路 1/1,
小米 6 / Android 7.1.1,203,苏州电影娱乐,media,webSourceM3U8/webview.txt:272,https://live-auth.51kandianshi.com/szgd/csztv4.m3u8,NATIVE_VIDEO_FRAMES,892,直播播放中 · 线路 1/1,
小米 6 / Android 7.1.1,204,苏州生活资讯,media,webSourceM3U8/webview.txt:273,https://live-auth.51kandianshi.com/szgd/csztv5.m3u8,NATIVE_VIDEO_FRAMES,438,直播播放中 · 线路 1/1,
小米 6 / Android 7.1.1,205,苏州4K,media,webSourceM3U8/webview.txt:274,https://live-auth.51kandianshi.com/szgd/csztv4k_4k.m3u8,NATIVE_VIDEO_FRAMES,1709,直播播放中 · 线路 1/1,
小米 6 / Android 7.1.1,206,榆林综合,media,webSourceM3U8/webview.txt:325,https://49c1f938208318cdf8288bc36b62472a.livehwc4.com/hplayer1.juyun.tv/camera/186023110.m3u8,NATIVE_VIDEO_FRAMES,1680,直播播放中 · 线路 1/1,
小米 6 / Android 7.1.1,207,榆林文化旅游,media,webSourceM3U8/webview.txt:326,https://49c1f938208318cdf8288bc36b62472a.livehwc4.com/hplayer1.juyun.tv/camera/186022194.m3u8,NATIVE_VIDEO_FRAMES,3829,直播播放中 · 线路 1/1,
小米 6 / Android 7.1.1,208,商洛综合,media,webSourceM3U8/webview.txt:327,https://player4.juyun.tv/camera/171844138.m3u8,NO_PLAYBACK_OBSERVED,20309,线路播放失败，当前频道没有备用线路 · 线路 1/1,
小米 6 / Android 7.1.1,209,延安综合,media,webSourceM3U8/webview.txt:328,https://srs.yanews.cn/video/YATV-1/index.m3u8,NATIVE_VIDEO_FRAMES,1436,直播播放中 · 线路 1/1,
小米 6 / Android 7.1.1,210,延安公共,media,webSourceM3U8/webview.txt:329,https://srs.yanews.cn/video/YATV-2/index.m3u8,NATIVE_VIDEO_FRAMES,1281,直播播放中 · 线路 1/1,
小米 6 / Android 7.1.1,211,郑州教育,media,webSourceM3U8/webview.txt:377,https://livezzutv.chinamcache.com/live/zb02.m3u8,NATIVE_VIDEO_FRAMES,1692,直播播放中 · 线路 1/1,
小米 6 / Android 7.1.1,212,平顶山教育,media,webSourceM3U8/webview.txt:378,http://219.150.204.175:81/hls/live1.m3u8,NATIVE_VIDEO_FRAMES,861,直播播放中 · 线路 1/1,
小米 6 / Android 7.1.1,213,拉萨藏语综合,media,webSourceM3U8/webview.txt:420,https://tvfile.lasatv.cn/nmip-media/channellive/channel104335/playlist.m3u8,NATIVE_VIDEO_FRAMES,6328,直播播放中 · 线路 1/1,
小米 6 / Android 7.1.1,214,拉萨综合,media,webSourceM3U8/webview.txt:421,https://tvfile.lasatv.cn/nmip-media/channellive/channel101894/playlist.m3u8,NATIVE_VIDEO_FRAMES,4330,直播播放中 · 线路 1/1,
小米 6 / Android 7.1.1,215,拉萨文化旅游,media,webSourceM3U8/webview.txt:422,https://tvfile.lasatv.cn/nmip-media/channellive/channel103157/playlist.m3u8,NATIVE_VIDEO_FRAMES,4044,直播播放中 · 线路 1/1,
小米 6 / Android 7.1.1,216,日喀则汉语,media,webSourceM3U8/webview.txt:423,https://console.rkzrm.cn:20323/4.m3u8,NO_PLAYBACK_OBSERVED,20337,正在连接视频 · 线路 1/1,
小米 6 / Android 7.1.1,217,日喀则藏语,media,webSourceM3U8/webview.txt:424,https://console.rkzrm.cn:20323/8.m3u8,NATIVE_VIDEO_FRAMES,9817,直播播放中 · 线路 1/1,
小米 6 / Android 7.1.1,218,央视网,web,webSourceM3U8/JoyPage.txt:1,webview://https://tv.cctv.com,PAGE_LOADED_PLAYBACK_NOT_VERIFIED,9063,网页已打开 · 手机飞鼠可操作 · 线路 1/1,
小米 6 / Android 7.1.1,219,央视频,web,webSourceM3U8/JoyPage.txt:2,webview://https://www.yangshipin.cn,PAGE_LOADED_PLAYBACK_NOT_VERIFIED,6447,网页已打开 · 手机飞鼠可操作 · 线路 1/1,
小米 6 / Android 7.1.1,220,B站,web,webSourceM3U8/JoyPage.txt:3,webview://https://www.bilibili.com,PAGE_LOADED_PLAYBACK_NOT_VERIFIED,12077,网页已打开 · 手机飞鼠可操作 · 线路 1/1,
小米 6 / Android 7.1.1,221,爱奇艺,web,webSourceM3U8/JoyPage.txt:4,webview://https://www.iqiyi.com,PAGE_LOADED_PLAYBACK_NOT_VERIFIED,11070,网页已打开 · 手机飞鼠可操作 · 线路 1/1,
小米 6 / Android 7.1.1,222,优酷,web,webSourceM3U8/JoyPage.txt:5,webview://https://www.youku.com,PAGE_LOADED_PLAYBACK_NOT_VERIFIED,4323,网页已打开 · 手机飞鼠可操作 · 线路 1/1,
小米 6 / Android 7.1.1,223,腾讯视频,web,webSourceM3U8/JoyPage.txt:6,webview://https://v.qq.com,PAGE_LOADED_PLAYBACK_NOT_VERIFIED,8027,网页已打开 · 手机飞鼠可操作 · 线路 1/1,
小米 6 / Android 7.1.1,224,芒果TV,web,webSourceM3U8/JoyPage.txt:7,webview://https://www.mgtv.com,PAGE_LOADED_PLAYBACK_NOT_VERIFIED,10552,网页已打开 · 手机飞鼠可操作 · 线路 1/1,
小米 6 / Android 7.1.1,225,咪咕视频,web,webSourceM3U8/JoyPage.txt:8,webview://https://www.miguvideo.com,PAGE_LOADED_PLAYBACK_NOT_VERIFIED,4347,网页已打开 · 手机飞鼠可操作 · 线路 1/1,
小米 6 / Android 7.1.1,226,网易云音乐,web,webSourceM3U8/JoyPage.txt:9,webview://https://music.163.com,NO_PLAYBACK_OBSERVED,13069,正在加载网页直播 · 线路 1/1,
小米 6 / Android 7.1.1,227,QQ音乐,web,webSourceM3U8/JoyPage.txt:10,webview://https://y.qq.com,PAGE_LOADED_PLAYBACK_NOT_VERIFIED,4388,网页已打开 · 手机飞鼠可操作 · 线路 1/1,
小米 6 / Android 7.1.1,228,酷狗音乐,web,webSourceM3U8/JoyPage.txt:11,webview://https://www.kugou.com,PAGE_LOADED_PLAYBACK_NOT_VERIFIED,4113,网页已打开 · 手机飞鼠可操作 · 线路 1/1,
小米 6 / Android 7.1.1,229,咪咕音乐,web,webSourceM3U8/JoyPage.txt:12,webview://https://music.migu.cn,PAGE_LOADED_PLAYBACK_NOT_VERIFIED,4583,网页已打开 · 手机飞鼠可操作 · 线路 1/1,
小米 6 / Android 7.1.1,230,果汁教育,web,webSourceM3U8/JoyPage.txt:13,webview://http://guozhivip.com/edu,PAGE_LOADED_PLAYBACK_NOT_VERIFIED,4059,网页已打开 · 手机飞鼠可操作 · 线路 1/1,
小米 6 / Android 7.1.1,231,墨墨背单词,web,webSourceM3U8/JoyPage.txt:14,webview://https://www.maimemo.com/home/login?continue=home/web_study,PAGE_LOADED_PLAYBACK_NOT_VERIFIED,4354,网页已打开 · 手机飞鼠可操作 · 线路 1/1,
小米 6 / Android 7.1.1,232,古诗文网,web,webSourceM3U8/JoyPage.txt:15,webview://https://www.gushiwen.cn,PAGE_LOADED_PLAYBACK_NOT_VERIFIED,4148,网页已打开 · 手机飞鼠可操作 · 线路 1/1,
小米 6 / Android 7.1.1,233,汉典,web,webSourceM3U8/JoyPage.txt:16,webview://https://www.zdic.net,NO_PLAYBACK_OBSERVED,12361,正在加载网页直播 · 线路 1/1,
小米 6 / Android 7.1.1,234,国家中小学智慧教育平台,web,webSourceM3U8/JoyPage.txt:17,webview://https://basic.smartedu.cn,NO_PLAYBACK_OBSERVED,12576,正在加载网页直播 · 线路 1/1,
小米 6 / Android 7.1.1,235,中国大学MOOC(慕课),web,webSourceM3U8/JoyPage.txt:18,webview://https://www.icourse163.org,PAGE_LOADED_PLAYBACK_NOT_VERIFIED,8993,网页已打开 · 手机飞鼠可操作 · 线路 1/1,
小米 6 / Android 7.1.1,236,中国高校外语慕课,web,webSourceM3U8/JoyPage.txt:19,webview://http://moocs.unipus.cn,PAGE_LOADED_PLAYBACK_NOT_VERIFIED,5109,网页已打开 · 手机飞鼠可操作 · 线路 1/1,
小米 6 / Android 7.1.1,237,学堂在线,web,webSourceM3U8/JoyPage.txt:20,webview://https://www.xuetangx.com,PAGE_LOADED_PLAYBACK_NOT_VERIFIED,5549,网页已打开 · 手机飞鼠可操作 · 线路 1/1,
小米 6 / Android 7.1.1,238,网易公开课,web,webSourceM3U8/JoyPage.txt:21,webview://https://open.163.com,PAGE_LOADED_PLAYBACK_NOT_VERIFIED,4394,网页已打开 · 手机飞鼠可操作 · 线路 1/1,
小米 6 / Android 7.1.1,239,TED(演讲),web,webSourceM3U8/JoyPage.txt:22,webview://https://www.ted.com,NO_PLAYBACK_OBSERVED,12449,网页已打开 · 手机飞鼠可操作 · 线路 1/1,
小米 6 / Android 7.1.1,240,多邻国,web,webSourceM3U8/JoyPage.txt:23,webview://https://www.duolingo.cn,NO_PLAYBACK_OBSERVED,12106,网页已打开 · 手机飞鼠可操作 · 线路 1/1,
小米 6 / Android 7.1.1,241,网易云课堂,web,webSourceM3U8/JoyPage.txt:24,webview://https://study.163.com,PAGE_LOADED_PLAYBACK_NOT_VERIFIED,4073,网页已打开 · 手机飞鼠可操作 · 线路 1/1,
小米 6 / Android 7.1.1,242,中国国家数字图书馆,web,webSourceM3U8/JoyPage.txt:25,webview://https://www.nlc.cn,PAGE_LOADED_PLAYBACK_NOT_VERIFIED,4400,网页已打开 · 手机飞鼠可操作 · 线路 1/1,
小米 6 / Android 7.1.1,243,国图公开课,web,webSourceM3U8/JoyPage.txt:26,webview://http://open.nlc.cn,PAGE_LOADED_PLAYBACK_NOT_VERIFIED,4341,网页已打开 · 手机飞鼠可操作 · 线路 1/1,
小米 6 / Android 7.1.1,244,全历史(历史知识),web,webSourceM3U8/JoyPage.txt:27,webview://https://www.allhistory.com,PAGE_LOADED_PLAYBACK_NOT_VERIFIED,4180,网页已打开 · 手机飞鼠可操作 · 线路 1/1,
小米 6 / Android 7.1.1,245,央视纪录片,web,webSourceM3U8/JoyPage.txt:28,webview://https://jishi.cctv.com,NO_PLAYBACK_OBSERVED,12264,正在加载网页直播 · 线路 1/1,
小米 6 / Android 7.1.1,246,中国数字科技馆,web,webSourceM3U8/JoyPage.txt:29,webview://https://www.cdstm.cn,PAGE_LOADED_PLAYBACK_NOT_VERIFIED,5414,网页已打开 · 手机飞鼠可操作 · 线路 1/1,
小米 6 / Android 7.1.1,247,果壳,web,webSourceM3U8/JoyPage.txt:30,webview://https://www.guokr.com,PAGE_LOADED_PLAYBACK_NOT_VERIFIED,5986,网页已打开 · 手机飞鼠可操作 · 线路 1/1,
小米 6 / Android 7.1.1,248,科普中国,web,webSourceM3U8/JoyPage.txt:31,webview://https://www.kepuchina.cn,PAGE_LOADED_PLAYBACK_NOT_VERIFIED,4111,网页已打开 · 手机飞鼠可操作 · 线路 1/1,
小米 6 / Android 7.1.1,249,中国国家博物馆,web,webSourceM3U8/JoyPage.txt:32,webview://https://www.chnmuseum.cn,PAGE_LOADED_PLAYBACK_NOT_VERIFIED,4648,网页已打开 · 手机飞鼠可操作 · 线路 1/1,
小米 6 / Android 7.1.1,250,全景故宫,web,webSourceM3U8/JoyPage.txt:33,webview://https://pano.dpm.org.cn/,NATIVE_VIDEO_FRAMES,10133,直播播放中 · 线路 1/1,
小米 6 / Android 7.1.1,251,故宫数字文物库,web,webSourceM3U8/JoyPage.txt:34,webview://https://digicol.dpm.org.cn,PAGE_LOADED_PLAYBACK_NOT_VERIFIED,4233,网页已打开 · 手机飞鼠可操作 · 线路 1/1,
小米 6 / Android 7.1.1,252,故宫名画记,web,webSourceM3U8/JoyPage.txt:35,webview://https://minghuaji.dpm.org.cn,PAGE_LOADED_PLAYBACK_NOT_VERIFIED,6103,网页已打开 · 手机飞鼠可操作 · 线路 1/1,
小米 6 / Android 7.1.1,253,数字多宝阁,web,webSourceM3U8/JoyPage.txt:36,webview://https://www.dpm.org.cn/shuziduobaoge/html.html,NATIVE_VIDEO_FRAMES,3079,直播播放中 · 线路 1/1,
小米 6 / Android 7.1.1,254,数字敦煌,web,webSourceM3U8/JoyPage.txt:37,webview://https://www.e-dunhuang.com,PAGE_LOADED_PLAYBACK_NOT_VERIFIED,4369,网页已打开 · 手机飞鼠可操作 · 线路 1/1,
小米 6 / Android 7.1.1,255,甘肃石窟全景漫游,web,webSourceM3U8/JoyPage.txt:38,webview://https://vr.e-dunhuang.com,PAGE_LOADED_PLAYBACK_NOT_VERIFIED,4401,网页已打开 · 手机飞鼠可操作 · 线路 1/1,
小米 6 / Android 7.1.1,256,数字敦煌开放素材库,web,webSourceM3U8/JoyPage.txt:39,webview://https://ip.e-dunhuang.com,PAGE_LOADED_PLAYBACK_NOT_VERIFIED,5438,网页已打开 · 手机飞鼠可操作 · 线路 1/1,
小米 6 / Android 7.1.1,257,数字藏经洞,web,webSourceM3U8/JoyPage.txt:40,webview://https://cave17.e-dunhuang.com,NATIVE_VIDEO_FRAMES,2602,直播播放中 · 线路 1/1,
小米 6 / Android 7.1.1,258,云上龙门,web,webSourceM3U8/JoyPage.txt:41,webview://https://lmsk.org.cn/home/vr.html,NO_PLAYBACK_OBSERVED,12271,直播播放中 · 线路 1/1,
小米 6 / Android 7.1.1,259,美璟龙门,web,webSourceM3U8/JoyPage.txt:42,webview://https://vr.mzgf.com/?projectCode=00g6201M,NO_PLAYBACK_OBSERVED,12328,直播播放中 · 线路 1/1,
小米 6 / Android 7.1.1,260,全景大足,web,webSourceM3U8/JoyPage.txt:43,webview://https://www.dzskyjy.cn/web/column/col5008981.html,NATIVE_VIDEO_FRAMES,3805,直播播放中 · 线路 1/1,
小米 6 / Android 7.1.1,261,NASA Eyes,web,webSourceM3U8/JoyPage.txt:44,webview://https://science.nasa.gov/eyes,NATIVE_VIDEO_FRAMES,6314,直播播放中 · 线路 1/1,
小米 6 / Android 7.1.1,262,Stellarium Web,web,webSourceM3U8/JoyPage.txt:45,webview://https://stellarium-web.org,PAGE_LOADED_PLAYBACK_NOT_VERIFIED,5721,网页已打开 · 手机飞鼠可操作 · 线路 1/1,
小米 6 / Android 7.1.1,263,地球气象,web,webSourceM3U8/JoyPage.txt:46,webview://https://earth.nullschool.net/zh-cn,PAGE_LOADED_PLAYBACK_NOT_VERIFIED,4234,网页已打开 · 手机飞鼠可操作 · 线路 1/1,
小米 6 / Android 7.1.1,264,实时地球,web,webSourceM3U8/JoyPage.txt:47,webview://https://zoom.earth,PAGE_LOADED_PLAYBACK_NOT_VERIFIED,4451,网页已打开 · 手机飞鼠可操作 · 线路 1/1,
小米 6 / Android 7.1.1,265,果汁导航,web,webSourceM3U8/JoyPage.txt:48,webview://http://guozhivip.com,PAGE_LOADED_PLAYBACK_NOT_VERIFIED,4190,网页已打开 · 手机飞鼠可操作 · 线路 1/1,
小米 6 / Android 7.1.1,266,果汁排行榜,web,webSourceM3U8/JoyPage.txt:49,webview://http://guozhivip.com/rank,PAGE_LOADED_PLAYBACK_NOT_VERIFIED,4131,网页已打开 · 手机飞鼠可操作 · 线路 1/1,
小米 6 / Android 7.1.1,267,今日热榜,web,webSourceM3U8/JoyPage.txt:50,webview://https://tophub.today/c/news,PAGE_LOADED_PLAYBACK_NOT_VERIFIED,7855,网页已打开 · 手机飞鼠可操作 · 线路 1/1,
小米 6 / Android 7.1.1,268,工具哇,web,webSourceM3U8/JoyPage.txt:51,webview://https://toolwa.com,PAGE_LOADED_PLAYBACK_NOT_VERIFIED,4228,网页已打开 · 手机飞鼠可操作 · 线路 1/1,
小米 6 / Android 7.1.1,269,必应,web,webSourceM3U8/JoyPage.txt:52,webview://https://www.bing.com,PAGE_LOADED_PLAYBACK_NOT_VERIFIED,4442,网页已打开 · 手机飞鼠可操作 · 线路 1/1,
小米 6 / Android 7.1.1,270,yandex,web,webSourceM3U8/JoyPage.txt:53,webview://https://yandex.com,PAGE_LOADED_PLAYBACK_NOT_VERIFIED,4023,网页已打开 · 手机飞鼠可操作 · 线路 1/1,
小米 6 / Android 7.1.1,271,720云,web,webSourceM3U8/JoyPage.txt:54,webview://https://www.720yun.com,PAGE_LOADED_PLAYBACK_NOT_VERIFIED,4562,网页已打开 · 手机飞鼠可操作 · 线路 1/1,
小米 6 / Android 7.1.1,272,美璟世界,web,webSourceM3U8/JoyPage.txt:55,webview://https://www.mzgf.com,PAGE_LOADED_PLAYBACK_NOT_VERIFIED,4336,网页已打开 · 手机飞鼠可操作 · 线路 1/1,
小米 6 / Android 7.1.1,273,视觉中国,web,webSourceM3U8/JoyPage.txt:56,webview://https://www.vcg.com,NO_PLAYBACK_OBSERVED,12014,正在打开网页直播 · 线路 1/1,
小米 6 / Android 7.1.1,274,09年的B站,web,webSourceM3U8/JoyPage.txt:57,webview://https://www.bilibili.com/blackboard/bilibili2009.html,PAGE_LOADED_PLAYBACK_NOT_VERIFIED,4044,网页已打开 · 手机飞鼠可操作 · 线路 1/1,
小米 6 / Android 7.1.1,275,Neal.fun,web,webSourceM3U8/JoyPage.txt:58,webview://https://neal.fun,NO_PLAYBACK_OBSERVED,12159,网页已打开 · 手机飞鼠可操作 · 线路 1/1,
小米 6 / Android 7.1.1,276,4399,web,webSourceM3U8/JoyPage.txt:59,webview://https://4399.com,PAGE_LOADED_PLAYBACK_NOT_VERIFIED,4211,网页已打开 · 手机飞鼠可操作 · 线路 1/1,
小米 6 / Android 7.1.1,277,宝玩,web,webSourceM3U8/JoyPage.txt:60,webview://https://poki.com/zh,PAGE_LOADED_PLAYBACK_NOT_VERIFIED,10484,网页已打开 · 手机飞鼠可操作 · 线路 1/1,
小米 6 / Android 7.1.1,278,疯狂游戏,web,webSourceM3U8/JoyPage.txt:61,webview://https://www.crazygames.com,NO_PLAYBACK_OBSERVED,12228,网页已打开 · 手机飞鼠可操作 · 线路 1/1,
小米 6 / Android 7.1.1,279,B站4k免限,web,webSourceM3U8/k-web/ku9.txt:19,webview://https://www.bilibili.com/video/BV1NGZtBwELa,NO_PLAYBACK_OBSERVED,12873,网页已打开 · 手机飞鼠可操作 · 线路 1/1,
小米 6 / Android 7.1.1,280,B站直播测试,web,webSourceM3U8/k-web/ku9.txt:20,webview://https://live.bilibili.com/24022841,NATIVE_VIDEO_FRAMES,4529,直播播放中 · 线路 1/1,
小米 6 / Android 7.1.1,281,CCTV1,web,webSourceM3U8/webview.txt:1,webview://https://yangshipin.cn/tv/home?pid=600001859,NATIVE_VIDEO_FRAMES,2073,直播播放中 · 线路 1/1,
小米 6 / Android 7.1.1,282,CCTV2,web,webSourceM3U8/webview.txt:2,webview://https://yangshipin.cn/tv/home?pid=600001800,NATIVE_VIDEO_FRAMES,4380,直播播放中 · 线路 1/1,
小米 6 / Android 7.1.1,283,CCTV3,web,webSourceM3U8/webview.txt:3,webview://https://yangshipin.cn/tv/home?pid=600001801,NATIVE_VIDEO_FRAMES,2914,直播播放中 · 线路 1/1,
小米 6 / Android 7.1.1,284,CCTV4,web,webSourceM3U8/webview.txt:4,webview://https://yangshipin.cn/tv/home?pid=600001814,NATIVE_VIDEO_FRAMES,3792,直播播放中 · 线路 1/1,
小米 6 / Android 7.1.1,285,CCTV5,web,webSourceM3U8/webview.txt:5,webview://https://yangshipin.cn/tv/home?pid=600001818,NATIVE_VIDEO_FRAMES,2856,直播播放中 · 线路 1/1,
小米 6 / Android 7.1.1,286,CCTV6,web,webSourceM3U8/webview.txt:6,webview://https://yangshipin.cn/tv/home?pid=600108442,NATIVE_VIDEO_FRAMES,2340,直播播放中 · 线路 1/1,
小米 6 / Android 7.1.1,287,CCTV7,web,webSourceM3U8/webview.txt:7,webview://https://yangshipin.cn/tv/home?pid=600004092,NATIVE_VIDEO_FRAMES,2522,直播播放中 · 线路 1/1,
小米 6 / Android 7.1.1,288,CCTV8,web,webSourceM3U8/webview.txt:8,webview://https://yangshipin.cn/tv/home?pid=600001803,NATIVE_VIDEO_FRAMES,4026,直播播放中 · 线路 1/1,
小米 6 / Android 7.1.1,289,CCTV9,web,webSourceM3U8/webview.txt:9,webview://https://yangshipin.cn/tv/home?pid=600004078,NATIVE_VIDEO_FRAMES,2586,直播播放中 · 线路 1/1,
小米 6 / Android 7.1.1,290,CCTV10,web,webSourceM3U8/webview.txt:10,webview://https://yangshipin.cn/tv/home?pid=600001805,NATIVE_VIDEO_FRAMES,3231,直播播放中 · 线路 1/1,
小米 6 / Android 7.1.1,291,CCTV11,web,webSourceM3U8/webview.txt:11,webview://https://yangshipin.cn/tv/home?pid=600001806,NATIVE_VIDEO_FRAMES,3781,直播播放中 · 线路 1/1,
小米 6 / Android 7.1.1,292,CCTV12,web,webSourceM3U8/webview.txt:12,webview://https://yangshipin.cn/tv/home?pid=600001807,NATIVE_VIDEO_FRAMES,5298,直播播放中 · 线路 1/1,
小米 6 / Android 7.1.1,293,CCTV13,web,webSourceM3U8/webview.txt:13,webview://https://yangshipin.cn/tv/home?pid=600001811,NATIVE_VIDEO_FRAMES,3225,直播播放中 · 线路 1/1,
小米 6 / Android 7.1.1,294,CCTV14,web,webSourceM3U8/webview.txt:14,webview://https://yangshipin.cn/tv/home?pid=600001809,NATIVE_VIDEO_FRAMES,3527,直播播放中 · 线路 1/1,
小米 6 / Android 7.1.1,295,CCTV15,web,webSourceM3U8/webview.txt:15,webview://https://yangshipin.cn/tv/home?pid=600001815,NATIVE_VIDEO_FRAMES,3844,直播播放中 · 线路 1/1,
小米 6 / Android 7.1.1,296,CCTV16,web,webSourceM3U8/webview.txt:16,webview://https://yangshipin.cn/tv/home?pid=600098637,NATIVE_VIDEO_FRAMES,3445,直播播放中 · 线路 1/1,
小米 6 / Android 7.1.1,297,CCTV17,web,webSourceM3U8/webview.txt:17,webview://https://yangshipin.cn/tv/home?pid=600001810,NATIVE_VIDEO_FRAMES,3870,直播播放中 · 线路 1/1,
小米 6 / Android 7.1.1,298,CCTV5+,web,webSourceM3U8/webview.txt:18,webview://https://yangshipin.cn/tv/home?pid=600001817,NATIVE_VIDEO_FRAMES,3421,直播播放中 · 线路 1/1,
小米 6 / Android 7.1.1,299,CCTV4K,web,webSourceM3U8/webview.txt:19,webview://https://yangshipin.cn/tv/home?pid=600002264,NATIVE_VIDEO_FRAMES,3202,直播播放中 · 线路 1/1,
小米 6 / Android 7.1.1,300,CCTV8K,web,webSourceM3U8/webview.txt:20,webview://https://yangshipin.cn/tv/home?pid=600156816,NATIVE_VIDEO_FRAMES,2960,直播播放中 · 线路 1/1,
小米 6 / Android 7.1.1,301,CCTV1,web,webSourceM3U8/webview.txt:21,webview://https://tv.cctv.com/live/cctv1/,NATIVE_VIDEO_FRAMES,3321,直播播放中 · 线路 1/1,
小米 6 / Android 7.1.1,302,CCTV2,web,webSourceM3U8/webview.txt:22,webview://https://tv.cctv.com/live/cctv2/,NATIVE_VIDEO_FRAMES,3867,直播播放中 · 线路 1/1,
小米 6 / Android 7.1.1,303,CCTV3,web,webSourceM3U8/webview.txt:23,webview://https://tv.cctv.com/live/cctv3/,NATIVE_VIDEO_FRAMES,3330,直播播放中 · 线路 1/1,
小米 6 / Android 7.1.1,304,CCTV4,web,webSourceM3U8/webview.txt:24,webview://https://tv.cctv.com/live/cctv4/,NATIVE_VIDEO_FRAMES,3347,直播播放中 · 线路 1/1,
小米 6 / Android 7.1.1,305,CCTV5,web,webSourceM3U8/webview.txt:25,webview://https://tv.cctv.com/live/cctv5/,NATIVE_VIDEO_FRAMES,3755,直播播放中 · 线路 1/1,
小米 6 / Android 7.1.1,306,CCTV6,web,webSourceM3U8/webview.txt:26,webview://https://tv.cctv.com/live/cctv6/,NATIVE_VIDEO_FRAMES,2872,直播播放中 · 线路 1/1,
小米 6 / Android 7.1.1,307,CCTV7,web,webSourceM3U8/webview.txt:27,webview://https://tv.cctv.com/live/cctv7/,NATIVE_VIDEO_FRAMES,2875,直播播放中 · 线路 1/1,
小米 6 / Android 7.1.1,308,CCTV8,web,webSourceM3U8/webview.txt:28,webview://https://tv.cctv.com/live/cctv8/,NATIVE_VIDEO_FRAMES,2478,直播播放中 · 线路 1/1,
小米 6 / Android 7.1.1,309,CCTV9,web,webSourceM3U8/webview.txt:29,webview://https://tv.cctv.com/live/cctvjilu/,NATIVE_VIDEO_FRAMES,3847,直播播放中 · 线路 1/1,
小米 6 / Android 7.1.1,310,CCTV10,web,webSourceM3U8/webview.txt:30,webview://https://tv.cctv.com/live/cctv10/,NATIVE_VIDEO_FRAMES,2904,直播播放中 · 线路 1/1,
小米 6 / Android 7.1.1,311,CCTV11,web,webSourceM3U8/webview.txt:31,webview://https://tv.cctv.com/live/cctv11/,NATIVE_VIDEO_FRAMES,3390,直播播放中 · 线路 1/1,
小米 6 / Android 7.1.1,312,CCTV12,web,webSourceM3U8/webview.txt:32,webview://https://tv.cctv.com/live/cctv12/,NATIVE_VIDEO_FRAMES,2935,直播播放中 · 线路 1/1,
小米 6 / Android 7.1.1,313,CCTV13,web,webSourceM3U8/webview.txt:33,webview://https://tv.cctv.com/live/cctv13/,NATIVE_VIDEO_FRAMES,2922,直播播放中 · 线路 1/1,
小米 6 / Android 7.1.1,314,CCTV14,web,webSourceM3U8/webview.txt:34,webview://https://tv.cctv.com/live/cctvchild/,NATIVE_VIDEO_FRAMES,2945,直播播放中 · 线路 1/1,
小米 6 / Android 7.1.1,315,CCTV15,web,webSourceM3U8/webview.txt:35,webview://https://tv.cctv.com/live/cctv15/,NATIVE_VIDEO_FRAMES,3344,直播播放中 · 线路 1/1,
小米 6 / Android 7.1.1,316,CCTV16,web,webSourceM3U8/webview.txt:36,webview://https://tv.cctv.com/live/cctv16/,NATIVE_VIDEO_FRAMES,3343,直播播放中 · 线路 1/1,
小米 6 / Android 7.1.1,317,CCTV17,web,webSourceM3U8/webview.txt:37,webview://https://tv.cctv.com/live/cctv17/,NATIVE_VIDEO_FRAMES,3314,直播播放中 · 线路 1/1,
小米 6 / Android 7.1.1,318,CCTV4(欧),web,webSourceM3U8/webview.txt:38,webview://https://tv.cctv.com/live/cctveurope/,NATIVE_VIDEO_FRAMES,2490,直播播放中 · 线路 1/1,
小米 6 / Android 7.1.1,319,CCTV4(美),web,webSourceM3U8/webview.txt:39,webview://https://tv.cctv.com/live/cctvamerica/,NATIVE_VIDEO_FRAMES,2573,直播播放中 · 线路 1/1,
小米 6 / Android 7.1.1,320,CCTV5+,web,webSourceM3U8/webview.txt:40,webview://https://tv.cctv.com/live/cctv5plus/,NATIVE_VIDEO_FRAMES,3322,直播播放中 · 线路 1/1,
小米 6 / Android 7.1.1,321,CCTV风云剧场,web,webSourceM3U8/webview.txt:41,webview://https://yangshipin.cn/tv/home?pid=600099658,NATIVE_VIDEO_FRAMES,2103,直播播放中 · 线路 1/1,
小米 6 / Android 7.1.1,322,CCTV第一剧场,web,webSourceM3U8/webview.txt:42,webview://https://yangshipin.cn/tv/home?pid=600099655,NATIVE_VIDEO_FRAMES,2135,直播播放中 · 线路 1/1,
小米 6 / Android 7.1.1,323,CCTV怀旧剧场,web,webSourceM3U8/webview.txt:43,webview://https://yangshipin.cn/tv/home?pid=600099620,NATIVE_VIDEO_FRAMES,2194,直播播放中 · 线路 1/1,
小米 6 / Android 7.1.1,324,CGTN英语,web,webSourceM3U8/webview.txt:44,webview://https://yangshipin.cn/tv/home?pid=600014550,NATIVE_VIDEO_FRAMES,2517,直播播放中 · 线路 1/1,
小米 6 / Android 7.1.1,325,CGTN记录,web,webSourceM3U8/webview.txt:45,webview://https://yangshipin.cn/tv/home?pid=600084781,NATIVE_VIDEO_FRAMES,3882,直播播放中 · 线路 1/1,
小米 6 / Android 7.1.1,326,CGTN俄语,web,webSourceM3U8/webview.txt:46,webview://https://yangshipin.cn/tv/home?pid=600084758,NATIVE_VIDEO_FRAMES,4265,直播播放中 · 线路 1/1,
小米 6 / Android 7.1.1,327,CGTN法语,web,webSourceM3U8/webview.txt:47,webview://https://yangshipin.cn/tv/home?pid=600084704,NATIVE_VIDEO_FRAMES,2780,直播播放中 · 线路 1/1,
小米 6 / Android 7.1.1,328,CGTN西语,web,webSourceM3U8/webview.txt:48,webview://https://yangshipin.cn/tv/home?pid=600084744,NATIVE_VIDEO_FRAMES,4285,直播播放中 · 线路 1/1,
小米 6 / Android 7.1.1,329,CGTN阿语,web,webSourceM3U8/webview.txt:49,webview://https://yangshipin.cn/tv/home?pid=600084782,NATIVE_VIDEO_FRAMES,3456,直播播放中 · 线路 1/1,
小米 6 / Android 7.1.1,330,北京卫视,web,webSourceM3U8/webview.txt:50,webview://https://yangshipin.cn/tv/home?pid=600002309,NATIVE_VIDEO_FRAMES,2917,直播播放中 · 线路 1/1,
小米 6 / Android 7.1.1,331,江苏卫视,web,webSourceM3U8/webview.txt:51,webview://https://yangshipin.cn/tv/home?pid=600002521,NATIVE_VIDEO_FRAMES,3605,直播播放中 · 线路 1/1,
小米 6 / Android 7.1.1,332,东方卫视,web,webSourceM3U8/webview.txt:52,webview://https://yangshipin.cn/tv/home?pid=600002483,NATIVE_VIDEO_FRAMES,2767,直播播放中 · 线路 1/1,
小米 6 / Android 7.1.1,333,浙江卫视,web,webSourceM3U8/webview.txt:53,webview://https://yangshipin.cn/tv/home?pid=600002520,NATIVE_VIDEO_FRAMES,3715,直播播放中 · 线路 1/1,
小米 6 / Android 7.1.1,334,湖南卫视,web,webSourceM3U8/webview.txt:54,webview://https://yangshipin.cn/tv/home?pid=600002475,NATIVE_VIDEO_FRAMES,2581,直播播放中 · 线路 1/1,
小米 6 / Android 7.1.1,335,湖北卫视,web,webSourceM3U8/webview.txt:55,webview://https://yangshipin.cn/tv/home?pid=600002508,NATIVE_VIDEO_FRAMES,3458,直播播放中 · 线路 1/1,
小米 6 / Android 7.1.1,336,广东卫视,web,webSourceM3U8/webview.txt:56,webview://https://yangshipin.cn/tv/home?pid=600002485,NATIVE_VIDEO_FRAMES,2848,直播播放中 · 线路 1/1,
小米 6 / Android 7.1.1,337,广西卫视,web,webSourceM3U8/webview.txt:57,webview://https://yangshipin.cn/tv/home?pid=600002509,NATIVE_VIDEO_FRAMES,2874,直播播放中 · 线路 1/1,
小米 6 / Android 7.1.1,338,黑龙江卫视,web,webSourceM3U8/webview.txt:58,webview://https://yangshipin.cn/tv/home?pid=600002498,NATIVE_VIDEO_FRAMES,2677,直播播放中 · 线路 1/1,
小米 6 / Android 7.1.1,339,海南卫视,web,webSourceM3U8/webview.txt:59,webview://https://yangshipin.cn/tv/home?pid=600002506,NATIVE_VIDEO_FRAMES,3002,直播播放中 · 线路 1/1,
小米 6 / Android 7.1.1,340,重庆卫视,web,webSourceM3U8/webview.txt:60,webview://https://yangshipin.cn/tv/home?pid=600002531,NATIVE_VIDEO_FRAMES,4060,直播播放中 · 线路 1/1,
小米 6 / Android 7.1.1,341,深圳卫视,web,webSourceM3U8/webview.txt:61,webview://https://yangshipin.cn/tv/home?pid=600002481,NATIVE_VIDEO_FRAMES,2681,直播播放中 · 线路 1/1,
小米 6 / Android 7.1.1,342,四川卫视,web,webSourceM3U8/webview.txt:62,webview://https://yangshipin.cn/tv/home?pid=600002516,NATIVE_VIDEO_FRAMES,1857,直播播放中 · 线路 1/1,
小米 6 / Android 7.1.1,343,河南卫视,web,webSourceM3U8/webview.txt:63,webview://https://yangshipin.cn/tv/home?pid=600002525,NATIVE_VIDEO_FRAMES,2146,直播播放中 · 线路 1/1,
小米 6 / Android 7.1.1,344,福建东南卫视,web,webSourceM3U8/webview.txt:64,webview://https://yangshipin.cn/tv/home?pid=600002484,NATIVE_VIDEO_FRAMES,2943,直播播放中 · 线路 1/1,
小米 6 / Android 7.1.1,345,贵州卫视,web,webSourceM3U8/webview.txt:65,webview://https://yangshipin.cn/tv/home?pid=600002490,NATIVE_VIDEO_FRAMES,3060,直播播放中 · 线路 1/1,
小米 6 / Android 7.1.1,346,江西卫视,web,webSourceM3U8/webview.txt:66,webview://https://yangshipin.cn/tv/home?pid=600002503,NATIVE_VIDEO_FRAMES,3159,直播播放中 · 线路 1/1,
小米 6 / Android 7.1.1,347,辽宁卫视,web,webSourceM3U8/webview.txt:67,webview://https://yangshipin.cn/tv/home?pid=600002505,NATIVE_VIDEO_FRAMES,3130,直播播放中 · 线路 1/1,
小米 6 / Android 7.1.1,348,安徽卫视,web,webSourceM3U8/webview.txt:68,webview://https://yangshipin.cn/tv/home?pid=600002532,NATIVE_VIDEO_FRAMES,3197,直播播放中 · 线路 1/1,
小米 6 / Android 7.1.1,349,河北卫视,web,webSourceM3U8/webview.txt:69,webview://https://yangshipin.cn/tv/home?pid=600002493,NATIVE_VIDEO_FRAMES,2634,直播播放中 · 线路 1/1,
小米 6 / Android 7.1.1,350,山东卫视,web,webSourceM3U8/webview.txt:70,webview://https://yangshipin.cn/tv/home?pid=600002513,NATIVE_VIDEO_FRAMES,2296,直播播放中 · 线路 1/1,
小米 6 / Android 7.1.1,351,天津卫视,web,webSourceM3U8/webview.txt:71,webview://https://yangshipin.cn/tv/home?pid=600152137,NATIVE_VIDEO_FRAMES,2277,直播播放中 · 线路 1/1,
小米 6 / Android 7.1.1,352,吉林卫视,web,webSourceM3U8/webview.txt:72,webview://https://yangshipin.cn/tv/home?pid=600190405,NATIVE_VIDEO_FRAMES,2522,直播播放中 · 线路 1/1,
小米 6 / Android 7.1.1,353,陕西卫视,web,webSourceM3U8/webview.txt:73,webview://https://yangshipin.cn/tv/home?pid=600190400,NATIVE_VIDEO_FRAMES,2075,直播播放中 · 线路 1/1,
小米 6 / Android 7.1.1,354,甘肃卫视,web,webSourceM3U8/webview.txt:74,webview://https://yangshipin.cn/tv/home?pid=600190408,NATIVE_VIDEO_FRAMES,3070,直播播放中 · 线路 1/1,
小米 6 / Android 7.1.1,355,宁夏卫视,web,webSourceM3U8/webview.txt:75,webview://https://yangshipin.cn/tv/home?pid=600190737,NATIVE_VIDEO_FRAMES,3971,直播播放中 · 线路 1/1,
小米 6 / Android 7.1.1,356,内蒙古卫视,web,webSourceM3U8/webview.txt:76,webview://https://yangshipin.cn/tv/home?pid=600190401,NATIVE_VIDEO_FRAMES,2532,直播播放中 · 线路 1/1,
小米 6 / Android 7.1.1,357,云南卫视,web,webSourceM3U8/webview.txt:77,webview://https://yangshipin.cn/tv/home?pid=600190402,NATIVE_VIDEO_FRAMES,3497,直播播放中 · 线路 1/1,
小米 6 / Android 7.1.1,358,山西卫视,web,webSourceM3U8/webview.txt:78,webview://https://yangshipin.cn/tv/home?pid=600190407,NATIVE_VIDEO_FRAMES,3525,直播播放中 · 线路 1/1,
小米 6 / Android 7.1.1,359,青海卫视,web,webSourceM3U8/webview.txt:79,webview://https://yangshipin.cn/tv/home?pid=600190406,NATIVE_VIDEO_FRAMES,3853,直播播放中 · 线路 1/1,
小米 6 / Android 7.1.1,360,西藏卫视,web,webSourceM3U8/webview.txt:80,webview://https://yangshipin.cn/tv/home?pid=600190403,NATIVE_VIDEO_FRAMES,2869,直播播放中 · 线路 1/1,
小米 6 / Android 7.1.1,361,新疆卫视,web,webSourceM3U8/webview.txt:81,webview://https://www.yangshipin.cn/tv/home?pid=600152138,NATIVE_VIDEO_FRAMES,2180,直播播放中 · 线路 1/1,
小米 6 / Android 7.1.1,362,亳州综合,web,webSourceM3U8/webview.txt:82,webview://https://www.ahbztv.com/televisi0n.html,NATIVE_VIDEO_FRAMES,7801,直播播放中 · 线路 1/1,
小米 6 / Android 7.1.1,363,芜湖新闻综合,web,webSourceM3U8/webview.txt:83,webview://http://www.wuhubtv.com/folder1194/#,NATIVE_VIDEO_FRAMES,3202,直播播放中 · 线路 1/1,
小米 6 / Android 7.1.1,364,合肥新闻,web,webSourceM3U8/webview.txt:84,webview://https://app.hfbtc.cn/shows/2/1.html,NO_PLAYBACK_OBSERVED,12178,网页已打开 · 手机飞鼠可操作 · 线路 1/1,
小米 6 / Android 7.1.1,365,合肥生活,web,webSourceM3U8/webview.txt:85,webview://https://app.hfbtc.cn/shows/2/2.html,NO_PLAYBACK_OBSERVED,12296,网页已打开 · 手机飞鼠可操作 · 线路 1/1,
小米 6 / Android 7.1.1,366,合肥科创,web,webSourceM3U8/webview.txt:86,webview://https://app.hfbtc.cn/shows/2/3.html,NO_PLAYBACK_OBSERVED,12268,网页已打开 · 手机飞鼠可操作 · 线路 1/1,
小米 6 / Android 7.1.1,367,合肥教育法治,web,webSourceM3U8/webview.txt:87,webview://https://app.hfbtc.cn/shows/2/4.html,NO_PLAYBACK_OBSERVED,12316,网页已打开 · 手机飞鼠可操作 · 线路 1/1,
小米 6 / Android 7.1.1,368,铜陵新闻综合,web,webSourceM3U8/webview.txt:88,webview://http://wxfx.tlbts.com/mag/livevideo/v1/video/wapVideoView?id=56,NATIVE_VIDEO_FRAMES,2330,直播播放中 · 线路 1/1,
小米 6 / Android 7.1.1,369,阜阳新闻综合,web,webSourceM3U8/webview.txt:89,webview://https://web.guangdianyun.tv/tv/2851?uin=2577,NO_PLAYBACK_OBSERVED,12124,视频播放失败，按返回键回到原网页 · 线路 1/1,
小米 6 / Android 7.1.1,370,阜阳生活,web,webSourceM3U8/webview.txt:90,webview://https://web.guangdianyun.tv/tv/2853?uin=2577,NATIVE_VIDEO_FRAMES,5339,直播播放中 · 线路 1/1,
小米 6 / Android 7.1.1,371,泉州新闻综合,web,webSourceM3U8/webview.txt:93,webview://https://www.qztv.cn/index/Medias/index/media_id/wq95wqbDnMKyd8KiwqzChnt0w5nChcKowoHCoQ/stream_name/news.html,NATIVE_VIDEO_FRAMES,8513,直播播放中 · 线路 1/1,
小米 6 / Android 7.1.1,372,泉州闽南语,web,webSourceM3U8/webview.txt:94,webview://https://www.qztv.cn/index/Medias/index/media_id/wq95wqbDnMKyd8KiwqzChnt0w5nChcKofcKh/stream_name/mny.html,NATIVE_VIDEO_FRAMES,1730,直播播放中 · 线路 1/1,
小米 6 / Android 7.1.1,373,晋江电视台,web,webSourceM3U8/webview.txt:95,webview://http://www.jinjiang.tv/live/,NATIVE_VIDEO_FRAMES,6483,直播播放中 · 线路 1/1,
小米 6 / Android 7.1.1,374,兰州新闻综合,web,webSourceM3U8/webview.txt:96,webview://https://www.lzr.com.cn/folder25/folder26/,NATIVE_VIDEO_FRAMES,9243,直播播放中 · 线路 1/1,
小米 6 / Android 7.1.1,375,兰州新闻综合,web,webSourceM3U8/webview.txt:97,webview://https://lanzhoubcnew.zainanjing365.com/share/live/detailTv?resourceId=12&appscheme=gdmm-ailanzhou,NATIVE_VIDEO_FRAMES,2280,直播播放中 · 线路 1/1,
小米 6 / Android 7.1.1,376,兰州文旅,web,webSourceM3U8/webview.txt:98,webview://https://www.lzr.com.cn/folder25/folder26/folder30/,NATIVE_VIDEO_FRAMES,2579,直播播放中 · 线路 1/1,
小米 6 / Android 7.1.1,377,兰州文旅,web,webSourceM3U8/webview.txt:99,webview://https://lanzhoubcnew.zainanjing365.com/share/live/detailTv?resourceId=14&appscheme=gdmm-ailanzhou,NATIVE_VIDEO_FRAMES,2167,直播播放中 · 线路 1/1,
小米 6 / Android 7.1.1,378,广东卫视,web,webSourceM3U8/webview.txt:102,webview://https://www.gdtv.cn/tvChannelDetail/43,NATIVE_VIDEO_FRAMES,8593,直播播放中 · 线路 1/1,
小米 6 / Android 7.1.1,379,广东珠江,web,webSourceM3U8/webview.txt:103,webview://https://www.gdtv.cn/tvChannelDetail/44,NATIVE_VIDEO_FRAMES,5623,直播播放中 · 线路 1/1,
小米 6 / Android 7.1.1,380,广东新闻,web,webSourceM3U8/webview.txt:104,webview://https://www.gdtv.cn/tvChannelDetail/45,NATIVE_VIDEO_FRAMES,4271,直播播放中 · 线路 1/1,
小米 6 / Android 7.1.1,381,广东民生,web,webSourceM3U8/webview.txt:105,webview://https://www.gdtv.cn/tvChannelDetail/48,NATIVE_VIDEO_FRAMES,5138,直播播放中 · 线路 1/1,
小米 6 / Android 7.1.1,382,广东体育,web,webSourceM3U8/webview.txt:106,webview://https://www.gdtv.cn/tvChannelDetail/47,NATIVE_VIDEO_FRAMES,4005,直播播放中 · 线路 1/1,
小米 6 / Android 7.1.1,383,大湾区卫视,web,webSourceM3U8/webview.txt:107,webview://https://www.gdtv.cn/tvChannelDetail/51,NATIVE_VIDEO_FRAMES,3338,直播播放中 · 线路 1/1,
小米 6 / Android 7.1.1,384,大湾区卫视（海外版）,web,webSourceM3U8/webview.txt:108,webview://https://www.gdtv.cn/tvChannelDetail/46,NATIVE_VIDEO_FRAMES,3918,直播播放中 · 线路 1/1,
小米 6 / Android 7.1.1,385,广东影视,web,webSourceM3U8/webview.txt:109,webview://https://www.gdtv.cn/tvChannelDetail/53,NATIVE_VIDEO_FRAMES,3702,直播播放中 · 线路 1/1,
小米 6 / Android 7.1.1,386,4K超高清,web,webSourceM3U8/webview.txt:110,webview://https://www.gdtv.cn/tvChannelDetail/16,NATIVE_VIDEO_FRAMES,3927,直播播放中 · 线路 1/1,
小米 6 / Android 7.1.1,387,广东少儿,web,webSourceM3U8/webview.txt:111,webview://https://www.gdtv.cn/tvChannelDetail/54,NATIVE_VIDEO_FRAMES,3859,直播播放中 · 线路 1/1,
小米 6 / Android 7.1.1,388,嘉佳卡通,web,webSourceM3U8/webview.txt:112,webview://https://www.gdtv.cn/tvChannelDetail/66,NATIVE_VIDEO_FRAMES,4315,直播播放中 · 线路 1/1,
小米 6 / Android 7.1.1,389,南方购物,web,webSourceM3U8/webview.txt:113,webview://https://www.gdtv.cn/tvChannelDetail/42,NATIVE_VIDEO_FRAMES,3939,直播播放中 · 线路 1/1,
小米 6 / Android 7.1.1,390,岭南戏曲,web,webSourceM3U8/webview.txt:114,webview://https://www.gdtv.cn/tvChannelDetail/15,NATIVE_VIDEO_FRAMES,3499,直播播放中 · 线路 1/1,
小米 6 / Android 7.1.1,391,广东移动,web,webSourceM3U8/webview.txt:115,webview://https://www.gdtv.cn/tvChannelDetail/74,NATIVE_VIDEO_FRAMES,3955,直播播放中 · 线路 1/1,
小米 6 / Android 7.1.1,392,荔枝台,web,webSourceM3U8/webview.txt:116,webview://https://www.gdtv.cn/tvChannelDetail/100,NATIVE_VIDEO_FRAMES,4006,直播播放中 · 线路 1/1,
小米 6 / Android 7.1.1,393,纪录片,web,webSourceM3U8/webview.txt:117,webview://https://www.gdtv.cn/tvChannelDetail/94,NATIVE_VIDEO_FRAMES,3978,直播播放中 · 线路 1/1,
小米 6 / Android 7.1.1,394,GRTN生活频道,web,webSourceM3U8/webview.txt:118,webview://https://www.gdtv.cn/tvChannelDetail/102,NATIVE_VIDEO_FRAMES,4001,直播播放中 · 线路 1/1,
小米 6 / Android 7.1.1,395,深圳卫视,web,webSourceM3U8/webview.txt:119,webview://https://www.sztv.com.cn/dianshi.shtml?id=7867,NATIVE_VIDEO_FRAMES,7221,直播播放中 · 线路 1/1,
小米 6 / Android 7.1.1,396,深圳都市,web,webSourceM3U8/webview.txt:120,webview://https://www.sztv.com.cn/dianshi.shtml?id=7868,NATIVE_VIDEO_FRAMES,4679,直播播放中 · 线路 1/1,
小米 6 / Android 7.1.1,397,深圳电视剧,web,webSourceM3U8/webview.txt:121,webview://https://www.sztv.com.cn/dianshi.shtml?id=7880,NATIVE_VIDEO_FRAMES,3989,直播播放中 · 线路 1/1,
小米 6 / Android 7.1.1,398,深圳财经,web,webSourceM3U8/webview.txt:122,webview://https://www.sztv.com.cn/dianshi.shtml?id=7871,NATIVE_VIDEO_FRAMES,3425,直播播放中 · 线路 1/1,
小米 6 / Android 7.1.1,399,深圳少儿,web,webSourceM3U8/webview.txt:123,webview://https://www.sztv.com.cn/dianshi.shtml?id=7881,NATIVE_VIDEO_FRAMES,3457,直播播放中 · 线路 1/1,
小米 6 / Android 7.1.1,400,深圳移动,web,webSourceM3U8/webview.txt:124,webview://https://www.sztv.com.cn/dianshi.shtml?id=7869,NATIVE_VIDEO_FRAMES,4364,直播播放中 · 线路 1/1,
小米 6 / Android 7.1.1,401,深圳宜和购物,web,webSourceM3U8/webview.txt:125,webview://https://www.sztv.com.cn/dianshi.shtml?id=7878,NATIVE_VIDEO_FRAMES,5304,直播播放中 · 线路 1/1,
小米 6 / Android 7.1.1,402,深圳国际,web,webSourceM3U8/webview.txt:126,webview://https://www.sztv.com.cn/dianshi.shtml?id=7944,NATIVE_VIDEO_FRAMES,4702,直播播放中 · 线路 1/1,
小米 6 / Android 7.1.1,403,东莞生活咨询,web,webSourceM3U8/webview.txt:132,webview://https://dgrtv.sun0769.com/online/280.html,NATIVE_VIDEO_FRAMES,2691,直播播放中 · 线路 1/1,
小米 6 / Android 7.1.1,404,东莞新闻综合,web,webSourceM3U8/webview.txt:133,webview://https://dgrtv.sun0769.com/online/279.html,NATIVE_VIDEO_FRAMES,1731,直播播放中 · 线路 1/1,
小米 6 / Android 7.1.1,405,江门综合,web,webSourceM3U8/webview.txt:134,webview://http://www.jmtv.cn/live/jm_live_h5.shtml?pid=1,NATIVE_VIDEO_FRAMES,7778,直播播放中 · 线路 1/1,
小米 6 / Android 7.1.1,406,河源综合,web,webSourceM3U8/webview.txt:135,webview://https://www.hyrtv.cn/itv/zhds/,NATIVE_VIDEO_FRAMES,6186,直播播放中 · 线路 1/1,
小米 6 / Android 7.1.1,407,河源生活,web,webSourceM3U8/webview.txt:136,webview://https://www.hyrtv.cn/itv/ggds/,NATIVE_VIDEO_FRAMES,3207,直播播放中 · 线路 1/1,
小米 6 / Android 7.1.1,408,清远新闻综合,web,webSourceM3U8/webview.txt:137,webview://https://h5.qyrb.cn/h5/nfzmy-television-and-radio/#/?channelId=1,NATIVE_VIDEO_FRAMES,5273,直播播放中 · 线路 1/1,
小米 6 / Android 7.1.1,409,清远文旅生活,web,webSourceM3U8/webview.txt:138,webview://https://h5.qyrb.cn/h5/nfzmy-television-and-radio/#/?channelId=3,NATIVE_VIDEO_FRAMES,1716,直播播放中 · 线路 1/1,
小米 6 / Android 7.1.1,410,韶关,web,webSourceM3U8/webview.txt:139,webview://https://www.sgmsw.cn/v/tv?spm=0.0.0.0.nRYAvk&id=SB05RIYZOU8JR418AUQOF62CAJQ08D0E,NATIVE_VIDEO_FRAMES,10240,直播播放中 · 线路 1/1,
小米 6 / Android 7.1.1,411,肇庆综合,web,webSourceM3U8/webview.txt:140,webview://https://zqh5.xjrb.com/h5/nfzmy-television-and-radio/#/?channelId=33,NATIVE_VIDEO_FRAMES,5406,直播播放中 · 线路 1/1,
小米 6 / Android 7.1.1,412,清远新闻综合,web,webSourceM3U8/webview.txt:143,webview://https://www.qyrb.cn/tv/rM834x3d5a.html,NATIVE_VIDEO_FRAMES,3450,直播播放中 · 线路 1/1,
小米 6 / Android 7.1.1,413,韶关新闻综合,web,webSourceM3U8/webview.txt:144,webview://https://www.sgmsw.cn/v/tv?spm=0.0.0.0.HGiuAr&id=SB05RIYZOU8JR418AUQOF62CAJQ08D0E,NATIVE_VIDEO_FRAMES,1875,直播播放中 · 线路 1/1,
小米 6 / Android 7.1.1,414,来宾,web,webSourceM3U8/webview.txt:145,webview://https://share-laibin.gxlbcloud.com/fhshare/#/live_detail?contentType=4&id=9,NATIVE_VIDEO_FRAMES,5861,直播播放中 · 线路 1/1,
小米 6 / Android 7.1.1,415,北海新闻综合,web,webSourceM3U8/webview.txt:146,webview://https://res.gxbhxww.cn/html/rft/live.html?channelId=389d764cf13244de97a30bc44161d235&type=1&siteId=c510269b15014be4aaf5aa6d2b92c629&shareAppId=c510269b15014be4aaf5aa6d2b92c629,NATIVE_VIDEO_FRAMES,4238,直播播放中 · 线路 1/1,
小米 6 / Android 7.1.1,416,北海经济科教,web,webSourceM3U8/webview.txt:147,webview://https://res.gxbhxww.cn/html/rft/live.html?channelId=51733cd2fd0548d288c3015ec3d0535b&type=1&siteId=c510269b15014be4aaf5aa6d2b92c629&shareAppId=c510269b15014be4aaf5aa6d2b92c629,NATIVE_VIDEO_FRAMES,3019,直播播放中 · 线路 1/1,
小米 6 / Android 7.1.1,417,贵州卫视,web,webSourceM3U8/webview.txt:148,webview://https://www.gzstv.com/tv/ch01,NATIVE_VIDEO_FRAMES,2780,直播播放中 · 线路 1/1,
小米 6 / Android 7.1.1,418,贵州公共,web,webSourceM3U8/webview.txt:149,webview://https://www.gzstv.com/tv/ch02,NATIVE_VIDEO_FRAMES,1368,直播播放中 · 线路 1/1,
小米 6 / Android 7.1.1,419,贵州影视文艺,web,webSourceM3U8/webview.txt:150,webview://https://www.gzstv.com/tv/ch03,NATIVE_VIDEO_FRAMES,1378,直播播放中 · 线路 1/1,
小米 6 / Android 7.1.1,420,贵州大众生活,web,webSourceM3U8/webview.txt:151,webview://https://www.gzstv.com/tv/ch04,NATIVE_VIDEO_FRAMES,1430,直播播放中 · 线路 1/1,
小米 6 / Android 7.1.1,421,贵州生态乡村,web,webSourceM3U8/webview.txt:152,webview://https://www.gzstv.com/tv/ch05,NATIVE_VIDEO_FRAMES,1394,直播播放中 · 线路 1/1,
小米 6 / Android 7.1.1,422,贵州科教健康,web,webSourceM3U8/webview.txt:153,webview://https://www.gzstv.com/tv/ch06,NATIVE_VIDEO_FRAMES,1355,直播播放中 · 线路 1/1,
小米 6 / Android 7.1.1,423,贵州移动,web,webSourceM3U8/webview.txt:154,webview://https://www.gzstv.com/tv/ch13,NATIVE_VIDEO_FRAMES,1382,直播播放中 · 线路 1/1,
小米 6 / Android 7.1.1,424,肇庆综合,web,webSourceM3U8/webview.txt:155,webview://https://zqh5.xjrb.com/h5/nfzmy-television-and-radio/#/?channelId=34,NATIVE_VIDEO_FRAMES,1832,直播播放中 · 线路 1/1,
小米 6 / Android 7.1.1,425,黔南新闻综合,web,webSourceM3U8/webview.txt:156,webview://http://m.qntv.net/cms-tv,NATIVE_VIDEO_FRAMES,8298,直播播放中 · 线路 1/1,
小米 6 / Android 7.1.1,426,安顺新闻综合,web,webSourceM3U8/webview.txt:157,webview://https://www.gzastv.cn/live/live.shtml,NATIVE_VIDEO_FRAMES,3896,直播播放中 · 线路 1/1,
小米 6 / Android 7.1.1,427,海南卫视,web,webSourceM3U8/webview.txt:158,webview://http://tc.hnntv.cn/,NATIVE_VIDEO_FRAMES,9283,直播播放中 · 线路 1/1,
小米 6 / Android 7.1.1,428,三沙卫视,web,webSourceM3U8/webview.txt:159,webview://https://www.hnntv.cn/live.html?playType=livePlay&channelId=5&referPage=home,NATIVE_VIDEO_FRAMES,4818,直播播放中 · 线路 1/1,
小米 6 / Android 7.1.1,429,海南新闻,web,webSourceM3U8/webview.txt:160,webview://https://www.hnntv.cn/live.html?playType=livePlay&channelId=3&referPage=home,NATIVE_VIDEO_FRAMES,2698,直播播放中 · 线路 1/1,
小米 6 / Android 7.1.1,430,海南社会与法,web,webSourceM3U8/webview.txt:161,webview://https://www.hnntv.cn/live.html?playType=livePlay&channelId=4&referPage=home,NATIVE_VIDEO_FRAMES,2303,直播播放中 · 线路 1/1,
小米 6 / Android 7.1.1,431,海南文旅,web,webSourceM3U8/webview.txt:162,webview://https://www.hnntv.cn/live.html?playType=livePlay&channelId=6&referPage=home,NATIVE_VIDEO_FRAMES,1742,直播播放中 · 线路 1/1,
小米 6 / Android 7.1.1,432,海南少儿,web,webSourceM3U8/webview.txt:163,webview://https://www.hnntv.cn/live.html?playType=livePlay&channelId=7&referPage=home,NO_PLAYBACK_OBSERVED,12256,网页已打开 · 手机飞鼠可操作 · 线路 1/1,
小米 6 / Android 7.1.1,433,海南自贸,web,webSourceM3U8/webview.txt:164,webview://https://www.hnntv.cn/live.html?playType=livePlay&channelId=1&referPage=home,NATIVE_VIDEO_FRAMES,1970,直播播放中 · 线路 1/1,
小米 6 / Android 7.1.1,434,河北卫视,web,webSourceM3U8/webview.txt:165,webview://https://www.hebtv.com/19/19js/st/xdszb/index.shtml?index=0,NATIVE_VIDEO_FRAMES,3496,直播播放中 · 线路 1/1,
小米 6 / Android 7.1.1,435,河北经济生活,web,webSourceM3U8/webview.txt:166,webview://https://www.hebtv.com/19/19js/st/xdszb/index.shtml?index=1,NATIVE_VIDEO_FRAMES,1794,直播播放中 · 线路 1/1,
小米 6 / Android 7.1.1,436,河北都市,web,webSourceM3U8/webview.txt:167,webview://https://www.hebtv.com/19/19js/st/xdszb/index.shtml?index=2,NATIVE_VIDEO_FRAMES,1852,直播播放中 · 线路 1/1,
小米 6 / Android 7.1.1,437,河北文旅体育,web,webSourceM3U8/webview.txt:168,webview://https://www.hebtv.com/19/19js/st/xdszb/index.shtml?index=3,NATIVE_VIDEO_FRAMES,1403,直播播放中 · 线路 1/1,
小米 6 / Android 7.1.1,438,河北少儿科教,web,webSourceM3U8/webview.txt:169,webview://https://www.hebtv.com/19/19js/st/xdszb/index.shtml?index=4,NATIVE_VIDEO_FRAMES,1806,直播播放中 · 线路 1/1,
小米 6 / Android 7.1.1,439,河北三农,web,webSourceM3U8/webview.txt:170,webview://https://www.hebtv.com/19/19js/st/xdszb/index.shtml?index=5,NATIVE_VIDEO_FRAMES,1756,直播播放中 · 线路 1/1,
小米 6 / Android 7.1.1,440,河北三佳购物,web,webSourceM3U8/webview.txt:171,webview://https://www.hebtv.com/19/19js/st/xdszb/index.shtml?index=6,NATIVE_VIDEO_FRAMES,1758,直播播放中 · 线路 1/1,
小米 6 / Android 7.1.1,441,河南卫视,web,webSourceM3U8/webview.txt:172,webview://https://static.hntv.tv/kds/#/,NATIVE_VIDEO_FRAMES,4170,直播播放中 · 线路 1/1,
小米 6 / Android 7.1.1,442,河南卫视,web,webSourceM3U8/webview.txt:173,webview://https://www.hndyjyfw.gov.cn/livePlay.html?u=1,NATIVE_VIDEO_FRAMES,3062,直播播放中 · 线路 1/1,
小米 6 / Android 7.1.1,443,河南新闻,web,webSourceM3U8/webview.txt:174,webview://https://static.hntv.tv/total/television/?id=149&u-link=1,NATIVE_VIDEO_FRAMES,1693,直播播放中 · 线路 1/1,
小米 6 / Android 7.1.1,444,河南都市,web,webSourceM3U8/webview.txt:175,webview://https://www.hndyjyfw.gov.cn/livePlay.html?u=2,NATIVE_VIDEO_FRAMES,1463,直播播放中 · 线路 1/1,
小米 6 / Android 7.1.1,445,河南都市,web,webSourceM3U8/webview.txt:176,webview://https://www.hntv2.net/index.html#/pages/tv/index,NO_PLAYBACK_OBSERVED,12296,网页已打开 · 手机飞鼠可操作 · 线路 1/1,
小米 6 / Android 7.1.1,446,河南民生,web,webSourceM3U8/webview.txt:177,webview://https://www.hndyjyfw.gov.cn/livePlay.html?u=3,NATIVE_VIDEO_FRAMES,983,直播播放中 · 线路 1/1,
小米 6 / Android 7.1.1,447,河南梨园,web,webSourceM3U8/webview.txt:178,webview://https://www.hndyjyfw.gov.cn/livePlay.html?u=4,NATIVE_VIDEO_FRAMES,1403,直播播放中 · 线路 1/1,
小米 6 / Android 7.1.1,448,河南法治,web,webSourceM3U8/webview.txt:179,webview://https://static.hntv.tv/total/television/?id=147&u-link=1,NATIVE_VIDEO_FRAMES,1714,直播播放中 · 线路 1/1,
小米 6 / Android 7.1.1,449,河南公共,web,webSourceM3U8/webview.txt:180,webview://https://static.hntv.tv/total/television/?id=151&u-link=1,NATIVE_VIDEO_FRAMES,1777,直播播放中 · 线路 1/1,
小米 6 / Android 7.1.1,450,河南乡村,web,webSourceM3U8/webview.txt:181,webview://https://static.hntv.tv/total/television/?id=152&u-link=1,NATIVE_VIDEO_FRAMES,1708,直播播放中 · 线路 1/1,
小米 6 / Android 7.1.1,451,河南乡村,web,webSourceM3U8/webview.txt:182,webview://https://www.hndyjyfw.gov.cn/livePlay.html?u=5,NATIVE_VIDEO_FRAMES,1048,直播播放中 · 线路 1/1,
小米 6 / Android 7.1.1,452,河南电视剧,web,webSourceM3U8/webview.txt:183,webview://https://static.hntv.tv/total/television/?id=148&u-link=1,NATIVE_VIDEO_FRAMES,1268,直播播放中 · 线路 1/1,
小米 6 / Android 7.1.1,453,河南文物宝库,web,webSourceM3U8/webview.txt:184,webview://https://static.hntv.tv/total/television/?id=155&u-link=1,NATIVE_VIDEO_FRAMES,1278,直播播放中 · 线路 1/1,
小米 6 / Android 7.1.1,454,河南武术世界,web,webSourceM3U8/webview.txt:185,webview://https://static.hntv.tv/total/television/?id=156&u-link=1,NATIVE_VIDEO_FRAMES,1306,直播播放中 · 线路 1/1,
小米 6 / Android 7.1.1,455,河南武术世界,web,webSourceM3U8/webview.txt:186,webview://https://www.hndyjyfw.gov.cn/livePlay.html?u=6,NATIVE_VIDEO_FRAMES,2997,直播播放中 · 线路 1/1,
小米 6 / Android 7.1.1,456,河南曲艺,web,webSourceM3U8/webview.txt:187,webview://https://static.hntv.tv/total/television/?id=157&u-link=1,NATIVE_VIDEO_FRAMES,7253,直播播放中 · 线路 1/1,
小米 6 / Android 7.1.1,457,河南国学,web,webSourceM3U8/webview.txt:188,webview://https://static.hntv.tv/total/television/?id=194&u-link=1,NATIVE_VIDEO_FRAMES,2587,直播播放中 · 线路 1/1,
小米 6 / Android 7.1.1,458,河南远程党员教育,web,webSourceM3U8/webview.txt:189,webview://https://www.hndyjyfw.gov.cn/livePlay.html?u=0,NATIVE_VIDEO_FRAMES,1480,直播播放中 · 线路 1/1,
小米 6 / Android 7.1.1,459,郑州综合,web,webSourceM3U8/webview.txt:190,webview://https://static.hntv.tv/total/television/?id=197&u-link=1,NATIVE_VIDEO_FRAMES,1730,直播播放中 · 线路 1/1,
小米 6 / Android 7.1.1,460,开封新闻综合,web,webSourceM3U8/webview.txt:191,webview://https://static.hntv.tv/total/television/?id=198&u-link=1,NATIVE_VIDEO_FRAMES,1291,直播播放中 · 线路 1/1,
小米 6 / Android 7.1.1,461,洛阳综合,web,webSourceM3U8/webview.txt:193,webview://https://static.hntv.tv/total/television/?id=204&u-link=1,NO_PLAYBACK_OBSERVED,12149,网页已打开 · 手机飞鼠可操作 · 线路 1/1,
小米 6 / Android 7.1.1,462,平顶山综合,web,webSourceM3U8/webview.txt:196,webview://https://static.hntv.tv/total/television/?id=205&u-link=1,NATIVE_VIDEO_FRAMES,1552,直播播放中 · 线路 1/1,
小米 6 / Android 7.1.1,463,安阳新闻综合,web,webSourceM3U8/webview.txt:197,webview://https://static.hntv.tv/total/television/?id=206&u-link=1,NATIVE_VIDEO_FRAMES,1292,直播播放中 · 线路 1/1,
小米 6 / Android 7.1.1,464,安阳新闻综合,web,webSourceM3U8/webview.txt:198,webview://https://share.aynews.net.cn/share/page/tvLive/?tvid=1&tvType=1&webTenId=1&origin=1,NATIVE_VIDEO_FRAMES,2675,直播播放中 · 线路 1/1,
小米 6 / Android 7.1.1,465,安阳文旅,web,webSourceM3U8/webview.txt:199,webview://https://share.aynews.net.cn/share/page/tvLive/?tvid=3&tvType=1&webTenId=1&origin=1,NATIVE_VIDEO_FRAMES,1281,直播播放中 · 线路 1/1,
小米 6 / Android 7.1.1,466,鹤壁综合,web,webSourceM3U8/webview.txt:200,webview://https://static.hntv.tv/total/television/?id=207&u-link=1,NATIVE_VIDEO_FRAMES,2529,直播播放中 · 线路 1/1,
小米 6 / Android 7.1.1,467,新乡综合,web,webSourceM3U8/webview.txt:201,webview://https://static.hntv.tv/total/television/?id=208&u-link=1,NATIVE_VIDEO_FRAMES,1284,直播播放中 · 线路 1/1,
小米 6 / Android 7.1.1,468,焦作综合,web,webSourceM3U8/webview.txt:202,webview://https://static.hntv.tv/total/television/?id=209&u-link=1,NATIVE_VIDEO_FRAMES,1755,直播播放中 · 线路 1/1,
小米 6 / Android 7.1.1,469,焦作综合,web,webSourceM3U8/webview.txt:203,webview://http://www.jzrt.com/list-zhpd.html,NATIVE_VIDEO_FRAMES,3898,直播播放中 · 线路 1/1,
小米 6 / Android 7.1.1,470,焦作综合,web,webSourceM3U8/webview.txt:204,webview://https://jiaozuo.dxhmt.cn/api/page/goLivePage?liveId=a15a6b9e3e1f435584f903641e85a975,NATIVE_VIDEO_FRAMES,1340,直播播放中 · 线路 1/1,
小米 6 / Android 7.1.1,471,焦作文旅,web,webSourceM3U8/webview.txt:205,webview://http://www.jzrt.com/list-ggpd.html,NATIVE_VIDEO_FRAMES,2167,直播播放中 · 线路 1/1,
小米 6 / Android 7.1.1,472,焦作文旅,web,webSourceM3U8/webview.txt:206,webview://https://jiaozuo.dxhmt.cn/api/page/goLivePage?liveId=6a8a51398cf44ad28bb7808afdc94f4d,NATIVE_VIDEO_FRAMES,1286,直播播放中 · 线路 1/1,
小米 6 / Android 7.1.1,473,濮阳综合,web,webSourceM3U8/webview.txt:207,webview://https://static.hntv.tv/total/television/?id=219&u-link=1,NATIVE_VIDEO_FRAMES,2167,直播播放中 · 线路 1/1,
小米 6 / Android 7.1.1,474,许昌综合,web,webSourceM3U8/webview.txt:208,webview://https://static.hntv.tv/total/television/?id=220&u-link=1,NATIVE_VIDEO_FRAMES,1824,直播播放中 · 线路 1/1,
小米 6 / Android 7.1.1,475,许昌综合,web,webSourceM3U8/webview.txt:209,webview://http://xctv.cn/2359,NATIVE_VIDEO_FRAMES,2184,直播播放中 · 线路 1/1,
小米 6 / Android 7.1.1,476,许昌农业科教,web,webSourceM3U8/webview.txt:210,webview://http://xctv.cn/3918,NATIVE_VIDEO_FRAMES,1349,直播播放中 · 线路 1/1,
小米 6 / Android 7.1.1,477,漯河综合,web,webSourceM3U8/webview.txt:211,webview://https://static.hntv.tv/total/television/?id=221&u-link=1,NATIVE_VIDEO_FRAMES,1299,直播播放中 · 线路 1/1,
小米 6 / Android 7.1.1,478,三门峡综合,web,webSourceM3U8/webview.txt:212,webview://https://static.hntv.tv/total/television/?id=222&u-link=1,NATIVE_VIDEO_FRAMES,2189,直播播放中 · 线路 1/1,
小米 6 / Android 7.1.1,479,南阳综合,web,webSourceM3U8/webview.txt:213,webview://https://static.hntv.tv/total/television/?id=223&u-link=1,NATIVE_VIDEO_FRAMES,1718,直播播放中 · 线路 1/1,
小米 6 / Android 7.1.1,480,商丘综合,web,webSourceM3U8/webview.txt:214,webview://https://static.hntv.tv/total/television/?id=224&u-link=1,NATIVE_VIDEO_FRAMES,1305,直播播放中 · 线路 1/1,
小米 6 / Android 7.1.1,481,信阳综合,web,webSourceM3U8/webview.txt:215,webview://https://static.hntv.tv/total/television/?id=225&u-link=1,NATIVE_VIDEO_FRAMES,2561,直播播放中 · 线路 1/1,
小米 6 / Android 7.1.1,482,信阳综合,web,webSourceM3U8/webview.txt:216,webview://https://wap.xytv.cn/share/page/tvLive/?tvid=1&webProId=1&tvType=1&webTenId=1&invCode=&userName=&origin=1&webSoleId=4f6012673a674a07ba7380a6bfd99ee9,NATIVE_VIDEO_FRAMES,2209,直播播放中 · 线路 1/1,
小米 6 / Android 7.1.1,483,信阳文旅,web,webSourceM3U8/webview.txt:217,webview://https://wap.xytv.cn/share/page/tvLive?tvid=3&webProId=1&tvType=1&webTenId=1&invCode=&userName=&origin=1&webSoleId=39afabf7e90b4e708f7583ec223ea541,NATIVE_VIDEO_FRAMES,1387,直播播放中 · 线路 1/1,
小米 6 / Android 7.1.1,484,信阳综合,web,webSourceM3U8/webview.txt:218,webview://https://www.xytv.cn/h5/pages/tv/detail?id=137,NATIVE_VIDEO_FRAMES,2653,直播播放中 · 线路 1/1,
小米 6 / Android 7.1.1,485,信阳文旅,web,webSourceM3U8/webview.txt:219,webview://https://www.xytv.cn/h5/pages/tv/detail?id=138,NATIVE_VIDEO_FRAMES,1754,直播播放中 · 线路 1/1,
小米 6 / Android 7.1.1,486,周口综合,web,webSourceM3U8/webview.txt:220,webview://http://wxyszk.yszkapp.cn/share/views/share/index_share.html?contentType=tvlive&channelId=1&mmsurl=http://mms.yszkapp.cn:18080/mms4.6.3&token=pmqhukcpyipvqmoz,NATIVE_VIDEO_FRAMES,2027,直播播放中 · 线路 1/1,
小米 6 / Android 7.1.1,487,周口公共,web,webSourceM3U8/webview.txt:221,webview://http://wxyszk.yszkapp.cn/share/views/share/index_share.html?contentType=tvlive&channelId=2&mmsurl=http%3A%2F%2Fmms.yszkapp.cn%3A18080%2Fmms4.6.3&token=pmqhukcpyipvqmoz&tencentShare=1,NATIVE_VIDEO_FRAMES,1392,直播播放中 · 线路 1/1,
小米 6 / Android 7.1.1,488,周口教育,web,webSourceM3U8/webview.txt:222,webview://http://wxyszk.yszkapp.cn/share/views/share/index_share.html?contentType=tvlive&channelId=3&mmsurl=http%3A%2F%2Fmms.yszkapp.cn%3A18080%2Fmms4.6.3&token=pmqhukcpyipvqmoz&tencentShare=1,NATIVE_VIDEO_FRAMES,1431,直播播放中 · 线路 1/1,
小米 6 / Android 7.1.1,489,驻马店综合,web,webSourceM3U8/webview.txt:223,webview://https://static.hntv.tv/total/television/?id=227&u-link=1,NATIVE_VIDEO_FRAMES,1727,直播播放中 · 线路 1/1,
小米 6 / Android 7.1.1,490,济源综合,web,webSourceM3U8/webview.txt:224,webview://https://static.hntv.tv/total/television/?id=228&u-link=1,NATIVE_VIDEO_FRAMES,1320,直播播放中 · 线路 1/1,
小米 6 / Android 7.1.1,491,黑龙江卫视,web,webSourceM3U8/webview.txt:225,webview://https://www.dbw.cn/zhibodan/zhibo_dan/hljws/,NATIVE_VIDEO_FRAMES,2584,直播播放中 · 线路 1/1,
小米 6 / Android 7.1.1,492,黑龙江文体,web,webSourceM3U8/webview.txt:226,webview://https://www.dbw.cn/zhibodan/zhibo_dan/hljwt/,NATIVE_VIDEO_FRAMES,1731,直播播放中 · 线路 1/1,
小米 6 / Android 7.1.1,493,黑龙江影视,web,webSourceM3U8/webview.txt:227,webview://https://www.dbw.cn/zhibodan/zhibo_dan/hljys/,NATIVE_VIDEO_FRAMES,892,直播播放中 · 线路 1/1,
小米 6 / Android 7.1.1,494,黑龙江新闻法治,web,webSourceM3U8/webview.txt:228,webview://https://www.dbw.cn/zhibodan/zhibo_dan/heilongjiang/,NATIVE_VIDEO_FRAMES,1314,直播播放中 · 线路 1/1,
小米 6 / Android 7.1.1,495,黑龙江都市,web,webSourceM3U8/webview.txt:229,webview://https://www.dbw.cn/zhibodan/zhibo_dan/hljds/,NATIVE_VIDEO_FRAMES,1305,直播播放中 · 线路 1/1,
小米 6 / Android 7.1.1,496,黑龙江农业·科技,web,webSourceM3U8/webview.txt:230,webview://https://www.dbw.cn/zhibodan/zhibo_dan/hljnykj/,NATIVE_VIDEO_FRAMES,2110,直播播放中 · 线路 1/1,
小米 6 / Android 7.1.1,497,黑龙江少儿,web,webSourceM3U8/webview.txt:231,webview://https://www.dbw.cn/zhibodan/zhibo_dan/hljse/,NATIVE_VIDEO_FRAMES,2920,直播播放中 · 线路 1/1,
小米 6 / Android 7.1.1,498,哈尔滨新闻综合,web,webSourceM3U8/webview.txt:232,webview://https://www.hrbtv.net/folder79/folder81/,NO_PLAYBACK_OBSERVED,12120,正在打开网页直播 · 线路 1/1,
小米 6 / Android 7.1.1,499,哈尔滨生活,web,webSourceM3U8/webview.txt:233,webview://https://www.hrbtv.net/folder79/folder85/,NO_PLAYBACK_OBSERVED,12278,网页已打开 · 手机飞鼠可操作 · 线路 1/1,
小米 6 / Android 7.1.1,500,哈尔滨影视,web,webSourceM3U8/webview.txt:234,webview://https://www.hrbtv.net/folder79/folder87/,NO_PLAYBACK_OBSERVED,12235,正在打开网页直播 · 线路 1/1,
小米 6 / Android 7.1.1,501,齐齐哈尔新闻综合,web,webSourceM3U8/webview.txt:235,webview://https://www.qqhrnews.cn/p/qiqihaerxinwen.html,NO_PLAYBACK_OBSERVED,12183,视频播放失败，按返回键回到原网页 · 线路 1/1,
小米 6 / Android 7.1.1,502,齐齐哈尔经济·法治,web,webSourceM3U8/webview.txt:236,webview://https://www.qqhrnews.cn/p/jingjifazhipindao.html,NO_PLAYBACK_OBSERVED,12126,视频播放失败，按返回键回到原网页 · 线路 1/1,
小米 6 / Android 7.1.1,503,金鹰卡通,web,webSourceM3U8/webview.txt:238,webview://https://www.mgtv.com/live,NATIVE_VIDEO_FRAMES,7568,直播播放中 · 线路 1/1,
小米 6 / Android 7.1.1,504,娄底1,web,webSourceM3U8/webview.txt:239,webview://http://www.ldntv.cn/folder51/folder154/folder171,NATIVE_VIDEO_FRAMES,4406,直播播放中 · 线路 1/1,
小米 6 / Android 7.1.1,505,吉林卫视,web,webSourceM3U8/webview.txt:240,webview://https://www.jlntv.cn/tv?tag=0,NATIVE_VIDEO_FRAMES,4689,直播播放中 · 线路 1/1,
小米 6 / Android 7.1.1,506,延边汉语综合,web,webSourceM3U8/webview.txt:241,webview://https://www.iyb983.cn/ybtv2/,NO_PLAYBACK_OBSERVED,12278,网页已打开 · 手机飞鼠可操作 · 线路 1/1,
小米 6 / Android 7.1.1,507,延边朝语综合,web,webSourceM3U8/webview.txt:242,webview://https://www.iyb983.cn/live/index.html,NO_PLAYBACK_OBSERVED,12279,网页已打开 · 手机飞鼠可操作 · 线路 1/1,
小米 6 / Android 7.1.1,508,延边卫视,web,webSourceM3U8/webview.txt:243,webview://https://www.iyb983.cn/cys/,NO_PLAYBACK_OBSERVED,12260,网页已打开 · 手机飞鼠可操作 · 线路 1/1,
小米 6 / Android 7.1.1,509,江苏卫视4K,web,webSourceM3U8/webview.txt:244,webview://https://live.jstv.com/?channelId=676,NATIVE_VIDEO_FRAMES,3301,直播播放中 · 线路 1/1,
小米 6 / Android 7.1.1,510,江苏卫视,web,webSourceM3U8/webview.txt:245,webview://https://live.jstv.com/?channelId=670,NATIVE_VIDEO_FRAMES,1803,直播播放中 · 线路 1/1,
小米 6 / Android 7.1.1,511,江苏城市,web,webSourceM3U8/webview.txt:246,webview://https://live.jstv.com/?channelId=669,NATIVE_VIDEO_FRAMES,1874,直播播放中 · 线路 1/1,
小米 6 / Android 7.1.1,512,江苏综艺,web,webSourceM3U8/webview.txt:247,webview://https://live.jstv.com/?channelId=663,NATIVE_VIDEO_FRAMES,1732,直播播放中 · 线路 1/1,
小米 6 / Android 7.1.1,513,江苏影视,web,webSourceM3U8/webview.txt:248,webview://https://live.jstv.com/?channelId=664,NATIVE_VIDEO_FRAMES,1838,直播播放中 · 线路 1/1,
小米 6 / Android 7.1.1,514,江苏新闻,web,webSourceM3U8/webview.txt:249,webview://https://live.jstv.com/?channelId=668,NATIVE_VIDEO_FRAMES,2230,直播播放中 · 线路 1/1,
小米 6 / Android 7.1.1,515,江苏教育,web,webSourceM3U8/webview.txt:250,webview://https://live.jstv.com/?channelId=666,NATIVE_VIDEO_FRAMES,2103,直播播放中 · 线路 1/1,
小米 6 / Android 7.1.1,516,江苏体育休闲,web,webSourceM3U8/webview.txt:251,webview://https://live.jstv.com/?channelId=665,NATIVE_VIDEO_FRAMES,1731,直播播放中 · 线路 1/1,
小米 6 / Android 7.1.1,517,江苏国际,web,webSourceM3U8/webview.txt:252,webview://https://live.jstv.com/?channelId=671,NATIVE_VIDEO_FRAMES,2172,直播播放中 · 线路 1/1,
小米 6 / Android 7.1.1,518,优漫卡通,web,webSourceM3U8/webview.txt:253,webview://https://live.jstv.com/?channelId=667,NATIVE_VIDEO_FRAMES,1795,直播播放中 · 线路 1/1,
小米 6 / Android 7.1.1,519,南京新闻综合频道,web,webSourceM3U8/webview.txt:254,webview://https://www.nbs.cn/live/?id=109152,NATIVE_VIDEO_FRAMES,1696,直播播放中 · 线路 1/1,
小米 6 / Android 7.1.1,520,南京十八生活频道,web,webSourceM3U8/webview.txt:255,webview://https://www.nbs.cn/live/?id=110094,NATIVE_VIDEO_FRAMES,1372,直播播放中 · 线路 1/1,
小米 6 / Android 7.1.1,521,南京教育科技频道,web,webSourceM3U8/webview.txt:256,webview://https://www.nbs.cn/live/?id=109153,NATIVE_VIDEO_FRAMES,886,直播播放中 · 线路 1/1,
小米 6 / Android 7.1.1,522,南京文旅纪录频道,web,webSourceM3U8/webview.txt:257,webview://https://www.nbs.cn/live/?id=110093,NATIVE_VIDEO_FRAMES,1757,直播播放中 · 线路 1/1,
小米 6 / Android 7.1.1,523,南京少年儿童频道,web,webSourceM3U8/webview.txt:258,webview://https://www.nbs.cn/live/?id=110095,NO_PLAYBACK_OBSERVED,12180,网页已打开 · 手机飞鼠可操作 · 线路 1/1,
小米 6 / Android 7.1.1,524,盐城一套,web,webSourceM3U8/webview.txt:259,webview://https://www.0515yc.cn/folder147/folder148/folder156/,NATIVE_VIDEO_FRAMES,4075,直播播放中 · 线路 1/1,
小米 6 / Android 7.1.1,525,铜川综合,web,webSourceM3U8/webview.txt:260,webview://https://www.tcsrm.cn/tvradio/tczhpd.html,NATIVE_VIDEO_FRAMES,2594,直播播放中 · 线路 1/1,
小米 6 / Android 7.1.1,526,铜川公共,web,webSourceM3U8/webview.txt:261,webview://https://www.tcsrm.cn/tvradio/tcggpd.html,NO_PLAYBACK_OBSERVED,12175,视频播放失败，按返回键回到原网页 · 线路 1/1,
小米 6 / Android 7.1.1,527,无锡移动,web,webSourceM3U8/webview.txt:262,webview://https://live.wifiwx.com/m2/?page=live&id=494#/pkgA/pages/live/live?id=494,NATIVE_VIDEO_FRAMES,4777,直播播放中 · 线路 1/1,
小米 6 / Android 7.1.1,528,南昌新闻综合,web,webSourceM3U8/webview.txt:275,webview://https://www.nctv.net.cn/live?channel=1,NATIVE_VIDEO_FRAMES,2965,直播播放中 · 线路 1/1,
小米 6 / Android 7.1.1,529,宜春综合,web,webSourceM3U8/webview.txt:276,webview://https://h5-yc.newsyc.com/front-cloudlive-manage-h5/index.html?id=610897459610271744,NATIVE_VIDEO_FRAMES,9580,直播播放中 · 线路 1/1,
小米 6 / Android 7.1.1,530,宜春新闻综合,web,webSourceM3U8/webview.txt:277,webview://https://h5-yc.newsyc.com/front-cloudlive-manage-h5/index.html?id=610897459610271744&company_id=397#/,NATIVE_VIDEO_FRAMES,4309,直播播放中 · 线路 1/1,
小米 6 / Android 7.1.1,531,宜春法治·民生,web,webSourceM3U8/webview.txt:278,webview://https://h5-yc.newsyc.com/front-cloudlive-manage-h5/index.html?id=636127231831396352&company_id=397#/,NATIVE_VIDEO_FRAMES,3838,直播播放中 · 线路 1/1,
小米 6 / Android 7.1.1,532,青海卫视,web,webSourceM3U8/webview.txt:279,webview://https://h5.qhbtv.com.cn/front-cloudlive-manage-h5/index.html?id=786181204964564992&company_id=1075&utaot=1,NATIVE_VIDEO_FRAMES,7233,直播播放中 · 线路 1/1,
小米 6 / Android 7.1.1,533,青海经视,web,webSourceM3U8/webview.txt:280,webview://https://h5.qhbtv.com.cn/front-cloudlive-manage-h5/index.html?id=786227316454875136&company_id=1075&utaot=1,NO_PLAYBACK_OBSERVED,12232,网页已打开 · 手机飞鼠可操作 · 线路 1/1,
小米 6 / Android 7.1.1,534,青海都市,web,webSourceM3U8/webview.txt:281,webview://https://h5.qhbtv.com.cn/front-cloudlive-manage-h5/index.html?id=786227009616371712&company_id=1075&utaot=1,NO_PLAYBACK_OBSERVED,12155,网页已打开 · 手机飞鼠可操作 · 线路 1/1,
小米 6 / Android 7.1.1,535,西宁新闻综合,web,webSourceM3U8/webview.txt:282,webview://https://xiningbcnew.zainanjing365.com/share/live/detailTv?resourceId=5&appscheme=gdmm-zhangshangxining,NATIVE_VIDEO_FRAMES,4124,直播播放中 · 线路 1/1,
小米 6 / Android 7.1.1,536,西宁生活服务,web,webSourceM3U8/webview.txt:283,webview://https://xiningbcnew.zainanjing365.com/share/live/detailTv?resourceId=6&appscheme=gdmm-zhangshangxining,NO_PLAYBACK_OBSERVED,12020,视频播放失败，按返回键回到原网页 · 线路 1/1,
小米 6 / Android 7.1.1,537,山东教育卫视,web,webSourceM3U8/webview.txt:284,webview://https://www.sdetv.com.cn/edu/pc/live/index.html,NATIVE_VIDEO_FRAMES,1951,直播播放中 · 线路 1/1,
小米 6 / Android 7.1.1,538,东营1,web,webSourceM3U8/webview.txt:285,webview://https://ady.dongyingnews.cn/share/dHZsLTUzNy0x.html,NATIVE_VIDEO_FRAMES,1693,直播播放中 · 线路 1/1,
小米 6 / Android 7.1.1,539,东营2,web,webSourceM3U8/webview.txt:286,webview://https://ady.dongyingnews.cn/share/dHZsLTUzNy0z.html,NATIVE_VIDEO_FRAMES,2511,直播播放中 · 线路 1/1,
小米 6 / Android 7.1.1,540,东营3,web,webSourceM3U8/webview.txt:287,webview://https://ady.dongyingnews.cn/share/dHZsLTUzNy03.html,NATIVE_VIDEO_FRAMES,1302,直播播放中 · 线路 1/1,
小米 6 / Android 7.1.1,541,潍坊1,web,webSourceM3U8/webview.txt:288,webview://http://www.wfcmw.cn/wfrtv_pdLive.html?tv=1,NATIVE_VIDEO_FRAMES,7427,直播播放中 · 线路 1/1,
小米 6 / Android 7.1.1,542,潍坊2,web,webSourceM3U8/webview.txt:289,webview://http://www.wfcmw.cn/wfrtv_pdLive.html?tv=2,NATIVE_VIDEO_FRAMES,1733,直播播放中 · 线路 1/1,
小米 6 / Android 7.1.1,543,潍坊3,web,webSourceM3U8/webview.txt:290,webview://http://www.wfcmw.cn/wfrtv_pdLive.html?tv=3,NATIVE_VIDEO_FRAMES,1726,直播播放中 · 线路 1/1,
小米 6 / Android 7.1.1,544,潍坊4,web,webSourceM3U8/webview.txt:291,webview://http://www.wfcmw.cn/wfrtv_pdLive.html?tv=4,NATIVE_VIDEO_FRAMES,1305,直播播放中 · 线路 1/1,
小米 6 / Android 7.1.1,545,山东卫视,web,webSourceM3U8/webview.txt:292,webview://https://v.iqilu.com/live/sdtv/index.html,NATIVE_VIDEO_FRAMES,2734,直播播放中 · 线路 1/1,
小米 6 / Android 7.1.1,546,聊城综合,web,webSourceM3U8/webview.txt:293,webview://https://www.lcxw.cn/kands/?tag=0,NATIVE_VIDEO_FRAMES,4732,直播播放中 · 线路 1/1,
小米 6 / Android 7.1.1,547,聊城民生,web,webSourceM3U8/webview.txt:294,webview://https://www.lcxw.cn/kands/?tag=1,NATIVE_VIDEO_FRAMES,2227,直播播放中 · 线路 1/1,
小米 6 / Android 7.1.1,548,山西卫视,web,webSourceM3U8/webview.txt:295,webview://https://www.sxrtv.com/tv/index.shtml,NATIVE_VIDEO_FRAMES,2326,直播播放中 · 线路 1/1,
小米 6 / Android 7.1.1,549,山西经济与科技,web,webSourceM3U8/webview.txt:296,webview://https://apphhplushttps.sxrtv.com//television/live_wap_653.html,NATIVE_VIDEO_FRAMES,2166,直播播放中 · 线路 1/1,
小米 6 / Android 7.1.1,550,山西影视,web,webSourceM3U8/webview.txt:297,webview://https://apphhplushttps.sxrtv.com//television/live_wap_654.html,NATIVE_VIDEO_FRAMES,1792,直播播放中 · 线路 1/1,
小米 6 / Android 7.1.1,551,山西社会与法治,web,webSourceM3U8/webview.txt:298,webview://https://apphhplushttps.sxrtv.com//television/live_wap_655.html,NATIVE_VIDEO_FRAMES,1333,直播播放中 · 线路 1/1,
小米 6 / Android 7.1.1,552,山西文体生活,web,webSourceM3U8/webview.txt:299,webview://https://apphhplushttps.sxrtv.com//television/live_wap_656.html,NATIVE_VIDEO_FRAMES,1732,直播播放中 · 线路 1/1,
小米 6 / Android 7.1.1,553,太原新闻综合,web,webSourceM3U8/webview.txt:300,webview://https://www.sxtygdy.com/23/23mbdszb/index.shtml,NATIVE_VIDEO_FRAMES,7058,直播播放中 · 线路 1/1,
小米 6 / Android 7.1.1,554,阳泉新闻综合,web,webSourceM3U8/webview.txt:301,webview://https://www.yqrtv.com/folder74/folder139?id=10,NATIVE_VIDEO_FRAMES,4215,直播播放中 · 线路 1/1,
小米 6 / Android 7.1.1,555,阳泉科教,web,webSourceM3U8/webview.txt:302,webview://https://www.yqrtv.com/folder74/folder139?id=11,NATIVE_VIDEO_FRAMES,3780,直播播放中 · 线路 1/1,
小米 6 / Android 7.1.1,556,太原新闻综合,web,webSourceM3U8/webview.txt:303,webview://https://web.wx.sztv.com.cn/cms/rmt2018/23/23mbdszb/index.shtml,NATIVE_VIDEO_FRAMES,4703,直播播放中 · 线路 1/1,
小米 6 / Android 7.1.1,557,黄河,web,webSourceM3U8/webview.txt:304,webview://https://apphhplushttps.sxrtv.com//television/live_wap_651.html,NATIVE_VIDEO_FRAMES,2208,直播播放中 · 线路 1/1,
小米 6 / Android 7.1.1,558,太原新闻综合,web,webSourceM3U8/webview.txt:305,webview://https://apphhplushttps.sxrtv.com//a/b/a/live_wap_811850.html,NATIVE_VIDEO_FRAMES,1784,直播播放中 · 线路 1/1,
小米 6 / Android 7.1.1,559,大同新闻综合,web,webSourceM3U8/webview.txt:306,webview://http://share.dtradio.com.cn/?_hgOutLink=live/livedetail&channel_id=16,NATIVE_VIDEO_FRAMES,2154,直播播放中 · 线路 1/1,
小米 6 / Android 7.1.1,560,大同公共,web,webSourceM3U8/webview.txt:307,webview://http://share.dtradio.com.cn/?_hgOutLink=live/livedetail&channel_id=8,NATIVE_VIDEO_FRAMES,2160,直播播放中 · 线路 1/1,
小米 6 / Android 7.1.1,561,大同生活,web,webSourceM3U8/webview.txt:308,webview://http://share.dtradio.com.cn/?_hgOutLink=live/livedetail&channel_id=9,NATIVE_VIDEO_FRAMES,2221,直播播放中 · 线路 1/1,
小米 6 / Android 7.1.1,562,晋中公共,web,webSourceM3U8/webview.txt:309,webview://https://app.jztvnews.cn//television/live_wap_12442.html,NATIVE_VIDEO_FRAMES,7903,直播播放中 · 线路 1/1,
小米 6 / Android 7.1.1,563,陕西卫视,web,webSourceM3U8/webview.txt:310,webview://http://live.snrtv.com/star,NATIVE_VIDEO_FRAMES,1726,直播播放中 · 线路 1/1,
小米 6 / Android 7.1.1,564,陕西新闻资讯,web,webSourceM3U8/webview.txt:311,webview://http://live.snrtv.com/1,NATIVE_VIDEO_FRAMES,1289,直播播放中 · 线路 1/1,
小米 6 / Android 7.1.1,565,陕西都市青春,web,webSourceM3U8/webview.txt:312,webview://http://live.snrtv.com/2,NATIVE_VIDEO_FRAMES,1291,直播播放中 · 线路 1/1,
小米 6 / Android 7.1.1,566,陕西银龄,web,webSourceM3U8/webview.txt:313,webview://http://live.snrtv.com/3,NO_PLAYBACK_OBSERVED,12152,正在连接视频 · 线路 1/1,
小米 6 / Android 7.1.1,567,陕西秦腔,web,webSourceM3U8/webview.txt:314,webview://http://live.snrtv.com/5,NATIVE_VIDEO_FRAMES,1484,直播播放中 · 线路 1/1,
小米 6 / Android 7.1.1,568,陕西体育休闲,web,webSourceM3U8/webview.txt:315,webview://http://live.snrtv.com/7,NATIVE_VIDEO_FRAMES,862,直播播放中 · 线路 1/1,
小米 6 / Android 7.1.1,569,陕西农林,web,webSourceM3U8/webview.txt:316,webview://http://live.snrtv.com/nl,NATIVE_VIDEO_FRAMES,1285,直播播放中 · 线路 1/1,
小米 6 / Android 7.1.1,570,陕西移动,web,webSourceM3U8/webview.txt:317,webview://http://www.sxtvs.com/sxtvs_ydpd/index.html,NATIVE_VIDEO_FRAMES,1332,直播播放中 · 线路 1/1,
小米 6 / Android 7.1.1,571,西安新闻综合,web,webSourceM3U8/webview.txt:318,webview://https://v.xiancity.cn/folder8/folder39/folder29/,NATIVE_VIDEO_FRAMES,3147,直播播放中 · 线路 1/1,
小米 6 / Android 7.1.1,572,西安都市,web,webSourceM3U8/webview.txt:319,webview://https://v.xiancity.cn/folder8/folder39/folder30/,NATIVE_VIDEO_FRAMES,1758,直播播放中 · 线路 1/1,
小米 6 / Android 7.1.1,573,西安商务资讯,web,webSourceM3U8/webview.txt:320,webview://https://v.xiancity.cn/folder8/folder39/folder31/,NO_PLAYBACK_OBSERVED,12210,视频播放失败，按返回键回到原网页 · 线路 1/1,
小米 6 / Android 7.1.1,574,西安影视,web,webSourceM3U8/webview.txt:321,webview://https://v.xiancity.cn/folder8/folder39/folder32/,NATIVE_VIDEO_FRAMES,1644,直播播放中 · 线路 1/1,
小米 6 / Android 7.1.1,575,西安丝路,web,webSourceM3U8/webview.txt:322,webview://https://v.xiancity.cn/folder8/folder39/folder33/,NATIVE_VIDEO_FRAMES,1775,直播播放中 · 线路 1/1,
小米 6 / Android 7.1.1,576,榆林综合,web,webSourceM3U8/webview.txt:323,webview://https://v.ylrb.com/2/2tsp/zb/dszb/336843.shtml,NATIVE_VIDEO_FRAMES,5138,直播播放中 · 线路 1/1,
小米 6 / Android 7.1.1,577,榆林公共,web,webSourceM3U8/webview.txt:324,webview://https://v.ylrb.com/2/2tsp/zb/dszb/336842.shtml,NATIVE_VIDEO_FRAMES,3846,直播播放中 · 线路 1/1,
小米 6 / Android 7.1.1,578,咸阳综合,web,webSourceM3U8/webview.txt:330,webview://https://www.sxxynews.com.cn/tvradio/xyzhpd.html,NATIVE_VIDEO_FRAMES,1794,直播播放中 · 线路 1/1,
小米 6 / Android 7.1.1,579,东方卫视,web,webSourceM3U8/webview.txt:331,webview://https://live.kankanews.com/huikan?id=1,NATIVE_VIDEO_FRAMES,9530,直播播放中 · 线路 1/1,
小米 6 / Android 7.1.1,580,上海新闻综合,web,webSourceM3U8/webview.txt:332,webview://https://live.kankanews.com/huikan?id=2,NATIVE_VIDEO_FRAMES,3945,直播播放中 · 线路 1/1,
小米 6 / Android 7.1.1,581,上海都市,web,webSourceM3U8/webview.txt:333,webview://https://live.kankanews.com/huikan?id=4,NATIVE_VIDEO_FRAMES,5717,直播播放中 · 线路 1/1,
小米 6 / Android 7.1.1,582,第一财经,web,webSourceM3U8/webview.txt:334,webview://https://live.kankanews.com/huikan?id=5,NATIVE_VIDEO_FRAMES,3596,直播播放中 · 线路 1/1,
小米 6 / Android 7.1.1,583,哈哈炫动,web,webSourceM3U8/webview.txt:335,webview://https://live.kankanews.com/huikan?id=9,NATIVE_VIDEO_FRAMES,5984,直播播放中 · 线路 1/1,
小米 6 / Android 7.1.1,584,五星体育,web,webSourceM3U8/webview.txt:336,webview://https://live.kankanews.com/huikan?id=10,NATIVE_VIDEO_FRAMES,3866,直播播放中 · 线路 1/1,
小米 6 / Android 7.1.1,585,魔都眼,web,webSourceM3U8/webview.txt:337,webview://https://live.kankanews.com/huikan?id=11,NATIVE_VIDEO_FRAMES,3361,直播播放中 · 线路 1/1,
小米 6 / Android 7.1.1,586,新纪实,web,webSourceM3U8/webview.txt:338,webview://https://live.kankanews.com/huikan?id=12,NATIVE_VIDEO_FRAMES,2956,直播播放中 · 线路 1/1,
小米 6 / Android 7.1.1,587,新疆卫视,web,webSourceM3U8/webview.txt:339,webview://https://www.xjtvs.com.cn/column/tv/434?channelId=1,NATIVE_VIDEO_FRAMES,3361,直播播放中 · 线路 1/1,
小米 6 / Android 7.1.1,588,新疆2套,web,webSourceM3U8/webview.txt:340,webview://https://www.xjtvs.com.cn/column/tv/434?channelId=3,NATIVE_VIDEO_FRAMES,2342,直播播放中 · 线路 1/1,
小米 6 / Android 7.1.1,589,新疆3套,web,webSourceM3U8/webview.txt:341,webview://https://www.xjtvs.com.cn/column/tv/434?channelId=4,NATIVE_VIDEO_FRAMES,2443,直播播放中 · 线路 1/1,
小米 6 / Android 7.1.1,590,新疆4套,web,webSourceM3U8/webview.txt:342,webview://https://www.xjtvs.com.cn/column/tv/434?channelId=16,NO_PLAYBACK_OBSERVED,12228,网页已打开 · 手机飞鼠可操作 · 线路 1/1,
小米 6 / Android 7.1.1,591,新疆5套,web,webSourceM3U8/webview.txt:343,webview://https://www.xjtvs.com.cn/column/tv/434?channelId=17,NO_PLAYBACK_OBSERVED,12073,网页已打开 · 手机飞鼠可操作 · 线路 1/1,
小米 6 / Android 7.1.1,592,新疆8套,web,webSourceM3U8/webview.txt:344,webview://https://www.xjtvs.com.cn/column/tv/434?channelId=23,NATIVE_VIDEO_FRAMES,2982,直播播放中 · 线路 1/1,
小米 6 / Android 7.1.1,593,新建兵团卫视,web,webSourceM3U8/webview.txt:345,webview://https://www.btzx.com.cn/2024new/new_zhibo/index.shtml,NATIVE_VIDEO_FRAMES,6636,直播播放中 · 线路 1/1,
小米 6 / Android 7.1.1,594,丽江广播电视,web,webSourceM3U8/webview.txt:346,webview://https://www.lijiang.cn/live/,NATIVE_VIDEO_FRAMES,3885,直播播放中 · 线路 1/1,
小米 6 / Android 7.1.1,595,红河1,web,webSourceM3U8/webview.txt:347,webview://https://www.hh.cn/ynhhzMini/site/tv,NATIVE_VIDEO_FRAMES,3233,直播播放中 · 线路 1/1,
小米 6 / Android 7.1.1,596,普洱新闻综合,web,webSourceM3U8/webview.txt:348,webview://https://www.puerw.cn/col1992.html,NATIVE_VIDEO_FRAMES,5541,直播播放中 · 线路 1/1,
小米 6 / Android 7.1.1,597,临沧新闻综合,web,webSourceM3U8/webview.txt:349,webview://https://mtydazzle.yntv.cn/pages/liveDetails/detail.html/?companyId=lincang&_id=5f51fa40e4b04f16d0288832&isTest=no,NATIVE_VIDEO_FRAMES,5043,直播播放中 · 线路 1/1,
小米 6 / Android 7.1.1,598,临沧科教,web,webSourceM3U8/webview.txt:350,webview://https://mtydazzle.yntv.cn/pages/liveDetails/detail.html/?companyId=lincang&_id=5f51f80ee4b04f16d0288801&isTest=no,NATIVE_VIDEO_FRAMES,3512,直播播放中 · 线路 1/1,
小米 6 / Android 7.1.1,599,浙江卫视,web,webSourceM3U8/webview.txt:351,webview://https://www.cztv.com/liveTV/101,NATIVE_VIDEO_FRAMES,4317,直播播放中 · 线路 1/1,
小米 6 / Android 7.1.1,600,浙江钱江,web,webSourceM3U8/webview.txt:352,webview://https://www.cztv.com/liveTV/102,NATIVE_VIDEO_FRAMES,3941,直播播放中 · 线路 1/1,
小米 6 / Android 7.1.1,601,浙江经济生活,web,webSourceM3U8/webview.txt:353,webview://https://www.cztv.com/liveTV/103,NATIVE_VIDEO_FRAMES,3326,直播播放中 · 线路 1/1,
小米 6 / Android 7.1.1,602,浙江教科影视,web,webSourceM3U8/webview.txt:354,webview://https://www.cztv.com/liveTV/104,NATIVE_VIDEO_FRAMES,3150,直播播放中 · 线路 1/1,
小米 6 / Android 7.1.1,603,浙江民生休闲,web,webSourceM3U8/webview.txt:355,webview://https://www.cztv.com/liveTV/106,NATIVE_VIDEO_FRAMES,2907,直播播放中 · 线路 1/1,
小米 6 / Android 7.1.1,604,浙江新闻,web,webSourceM3U8/webview.txt:356,webview://https://www.cztv.com/liveTV/107,NATIVE_VIDEO_FRAMES,3147,直播播放中 · 线路 1/1,
小米 6 / Android 7.1.1,605,浙江少儿,web,webSourceM3U8/webview.txt:357,webview://https://www.cztv.com/liveTV/108,NATIVE_VIDEO_FRAMES,5657,直播播放中 · 线路 1/1,
小米 6 / Android 7.1.1,606,浙江国际,web,webSourceM3U8/webview.txt:358,webview://https://www.cztv.com/liveTV/110,NATIVE_VIDEO_FRAMES,3150,直播播放中 · 线路 1/1,
小米 6 / Android 7.1.1,607,浙江好易购,web,webSourceM3U8/webview.txt:359,webview://https://www.cztv.com/liveTV/111,NATIVE_VIDEO_FRAMES,3065,直播播放中 · 线路 1/1,
小米 6 / Android 7.1.1,608,浙江之江纪录,web,webSourceM3U8/webview.txt:360,webview://https://www.cztv.com/liveTV/112,NATIVE_VIDEO_FRAMES,3297,直播播放中 · 线路 1/1,
小米 6 / Android 7.1.1,609,杭州综合,web,webSourceM3U8/webview.txt:361,webview://https://tv.hoolo.tv/hzzh/,NATIVE_VIDEO_FRAMES,3491,直播播放中 · 线路 1/1,
小米 6 / Android 7.1.1,610,西湖明珠,web,webSourceM3U8/webview.txt:362,webview://https://tv.hoolo.tv/xhmz/,NATIVE_VIDEO_FRAMES,1840,直播播放中 · 线路 1/1,
小米 6 / Android 7.1.1,611,杭州生活,web,webSourceM3U8/webview.txt:363,webview://https://tv.hoolo.tv/hzsh/,NATIVE_VIDEO_FRAMES,2279,直播播放中 · 线路 1/1,
小米 6 / Android 7.1.1,612,杭州影视,web,webSourceM3U8/webview.txt:364,webview://https://tv.hoolo.tv/utv/,NATIVE_VIDEO_FRAMES,3061,直播播放中 · 线路 1/1,
小米 6 / Android 7.1.1,613,杭州青少体育,web,webSourceM3U8/webview.txt:365,webview://https://tv.hoolo.tv/hzse/,NATIVE_VIDEO_FRAMES,3032,直播播放中 · 线路 1/1,
小米 6 / Android 7.1.1,614,杭州文化,web,webSourceM3U8/webview.txt:366,webview://https://tv.hoolo.tv/whpd/,NO_PLAYBACK_OBSERVED,12154,网页已打开 · 手机飞鼠可操作 · 线路 1/1,
小米 6 / Android 7.1.1,615,宁波-1,web,webSourceM3U8/webview.txt:367,webview://https://www.ncmc.nbtv.cn/gbds/folder8458/NBTV1/index.shtml,NO_PLAYBACK_OBSERVED,12227,正在加载网页直播 · 线路 1/1,
小米 6 / Android 7.1.1,616,宁波-2,web,webSourceM3U8/webview.txt:368,webview://https://www.ncmc.nbtv.cn/gbds/folder8458/NBTV2/index.shtml,NATIVE_VIDEO_FRAMES,10944,直播播放中 · 线路 1/1,
小米 6 / Android 7.1.1,617,宁波-3,web,webSourceM3U8/webview.txt:369,webview://https://www.ncmc.nbtv.cn/gbds/folder8458/NBTV3/index.shtml,NATIVE_VIDEO_FRAMES,1743,直播播放中 · 线路 1/1,
小米 6 / Android 7.1.1,618,宁波-4,web,webSourceM3U8/webview.txt:370,webview://https://www.ncmc.nbtv.cn/gbds/folder8458/NBTV4/index.shtml,NATIVE_VIDEO_FRAMES,1696,直播播放中 · 线路 1/1,
小米 6 / Android 7.1.1,619,绍兴公共,web,webSourceM3U8/webview.txt:371,webview://https://www.shaoxing.com.cn/app/tv/78,NATIVE_VIDEO_FRAMES,5592,直播播放中 · 线路 1/1,
小米 6 / Android 7.1.1,620,绍兴新闻综合,web,webSourceM3U8/webview.txt:372,webview://https://www.shaoxing.com.cn/app/tv/74,NATIVE_VIDEO_FRAMES,6405,直播播放中 · 线路 1/1,
小米 6 / Android 7.1.1,621,绍兴文化影视,web,webSourceM3U8/webview.txt:373,webview://http://www.shaoxing.com.cn/app/tv/75,NATIVE_VIDEO_FRAMES,4772,直播播放中 · 线路 1/1,
小米 6 / Android 7.1.1,622,中国教育1 综合,web,webSourceM3U8/webview.txt:374,webview://https://www.yangshipin.cn/tv/home?pid=600171827,NATIVE_VIDEO_FRAMES,2111,直播播放中 · 线路 1/1,
小米 6 / Android 7.1.1,623,上海教育,web,webSourceM3U8/webview.txt:375,webview://https://www.setv.sh.cn/#/tvshow,NATIVE_VIDEO_FRAMES,2671,直播播放中 · 线路 1/1,
小米 6 / Android 7.1.1,624,武汉教育,web,webSourceM3U8/webview.txt:376,webview://https://ronghehao-h5.whjyapp.com/#/pages/live/tv,NATIVE_VIDEO_FRAMES,3548,直播播放中 · 线路 1/1,
小米 6 / Android 7.1.1,625,深圳卫视,web,webSourceM3U8/webview.txt:379,webview://https://www.sztv.com.cn/dianshi.shtml?id=7867&u-link=1,NATIVE_VIDEO_FRAMES,6656,直播播放中 · 线路 1/1,
小米 6 / Android 7.1.1,626,深圳卫视4K,web,webSourceM3U8/webview.txt:380,webview://https://www.sztv.com.cn/dianshi.shtml?id=24725&u-link=1,NATIVE_VIDEO_FRAMES,4387,直播播放中 · 线路 1/1,
小米 6 / Android 7.1.1,627,深圳都市,web,webSourceM3U8/webview.txt:381,webview://https://www.sztv.com.cn/dianshi.shtml?id=7868&u-link=1,NATIVE_VIDEO_FRAMES,3065,直播播放中 · 线路 1/1,
小米 6 / Android 7.1.1,628,深圳电视剧,web,webSourceM3U8/webview.txt:382,webview://https://www.sztv.com.cn/dianshi.shtml?id=7880&u-link=1,NATIVE_VIDEO_FRAMES,4425,直播播放中 · 线路 1/1,
小米 6 / Android 7.1.1,629,深圳国际,web,webSourceM3U8/webview.txt:383,webview://https://www.sztv.com.cn/dianshi.shtml?id=7944&u-link=1,NATIVE_VIDEO_FRAMES,3507,直播播放中 · 线路 1/1,
小米 6 / Android 7.1.1,630,成都新闻综合,web,webSourceM3U8/webview.txt:384,webview://https://www.cditv.cn/show/4845-563.html,NO_PLAYBACK_OBSERVED,12302,网页已打开 · 手机飞鼠可操作 · 线路 1/1,
小米 6 / Android 7.1.1,631,成都经济咨询,web,webSourceM3U8/webview.txt:385,webview://https://www.cditv.cn/show/4845-562.html,NO_PLAYBACK_OBSERVED,12204,网页已打开 · 手机飞鼠可操作 · 线路 1/1,
小米 6 / Android 7.1.1,632,成都都市生活,web,webSourceM3U8/webview.txt:386,webview://https://www.cditv.cn/show/4845-561.html,NO_PLAYBACK_OBSERVED,12291,网页已打开 · 手机飞鼠可操作 · 线路 1/1,
小米 6 / Android 7.1.1,633,成都影视文艺,web,webSourceM3U8/webview.txt:387,webview://https://www.cditv.cn/show/4845-560.html,NO_PLAYBACK_OBSERVED,12233,网页已打开 · 手机飞鼠可操作 · 线路 1/1,
小米 6 / Android 7.1.1,634,成都生活,web,webSourceM3U8/webview.txt:388,webview://https://www.cditv.cn/show/4845-559.html,NO_PLAYBACK_OBSERVED,12236,网页已打开 · 手机飞鼠可操作 · 线路 1/1,
小米 6 / Android 7.1.1,635,成都少儿,web,webSourceM3U8/webview.txt:389,webview://https://www.cditv.cn/show/4845-558.html,NO_PLAYBACK_OBSERVED,12232,网页已打开 · 手机飞鼠可操作 · 线路 1/1,
小米 6 / Android 7.1.1,636,成都蓉城先锋,web,webSourceM3U8/webview.txt:390,webview://https://www.cditv.cn/show/4845-592.html,NATIVE_VIDEO_FRAMES,5403,直播播放中 · 线路 1/1,
小米 6 / Android 7.1.1,637,简阳新闻综合,web,webSourceM3U8/webview.txt:391,webview://https://www.cditv.cn/show/4844-578.html,NATIVE_VIDEO_FRAMES,5862,直播播放中 · 线路 1/1,
小米 6 / Android 7.1.1,638,彭州综合,web,webSourceM3U8/webview.txt:392,webview://https://www.cditv.cn/show/4844-576.html,NATIVE_VIDEO_FRAMES,9888,直播播放中 · 线路 1/1,
小米 6 / Android 7.1.1,639,青白江电视,web,webSourceM3U8/webview.txt:393,webview://https://www.cditv.cn/show/4844-584.html,NATIVE_VIDEO_FRAMES,9519,直播播放中 · 线路 1/1,
小米 6 / Android 7.1.1,640,浦江电视,web,webSourceM3U8/webview.txt:394,webview://https://www.cditv.cn/show/4844-571.html,NATIVE_VIDEO_FRAMES,7271,直播播放中 · 线路 1/1,
小米 6 / Android 7.1.1,641,大邑电视,web,webSourceM3U8/webview.txt:395,webview://https://www.cditv.cn/show/4844-572.html,NATIVE_VIDEO_FRAMES,9288,直播播放中 · 线路 1/1,
小米 6 / Android 7.1.1,642,金堂电视,web,webSourceM3U8/webview.txt:396,webview://https://www.cditv.cn/show/4844-573.html,NATIVE_VIDEO_FRAMES,9005,直播播放中 · 线路 1/1,
小米 6 / Android 7.1.1,643,邛崃综合,web,webSourceM3U8/webview.txt:397,webview://https://www.cditv.cn/show/4844-575.html,NATIVE_VIDEO_FRAMES,9046,直播播放中 · 线路 1/1,
小米 6 / Android 7.1.1,644,双流综合,web,webSourceM3U8/webview.txt:398,webview://https://www.cditv.cn/show/4844-581.html,NATIVE_VIDEO_FRAMES,7723,直播播放中 · 线路 1/1,
小米 6 / Android 7.1.1,645,新都综合,web,webSourceM3U8/webview.txt:399,webview://https://www.cditv.cn/show/4844-583.html,NATIVE_VIDEO_FRAMES,8728,直播播放中 · 线路 1/1,
小米 6 / Android 7.1.1,646,成华有线,web,webSourceM3U8/webview.txt:400,webview://https://www.cditv.cn/show/4844-586.html,NATIVE_VIDEO_FRAMES,8420,直播播放中 · 线路 1/1,
小米 6 / Android 7.1.1,647,武侯电视,web,webSourceM3U8/webview.txt:401,webview://https://www.cditv.cn/show/4844-587.html,NATIVE_VIDEO_FRAMES,5905,直播播放中 · 线路 1/1,
小米 6 / Android 7.1.1,648,金牛,web,webSourceM3U8/webview.txt:402,webview://https://www.cditv.cn/show/4844-588.html,NATIVE_VIDEO_FRAMES,3921,直播播放中 · 线路 1/1,
小米 6 / Android 7.1.1,649,南江综合,web,webSourceM3U8/webview.txt:403,webview://https://web.guangdianyun.tv/tv/?id=1670&uin=1822,NO_PLAYBACK_OBSERVED,12231,视频播放失败，按返回键回到原网页 · 线路 1/1,
小米 6 / Android 7.1.1,650,泸县综合,web,webSourceM3U8/webview.txt:404,webview://https://web.guangdianyun.tv/tv/?id=1645&uin=2392,NO_PLAYBACK_OBSERVED,12167,视频播放失败，按返回键回到原网页 · 线路 1/1,
小米 6 / Android 7.1.1,651,绵竹综合,web,webSourceM3U8/webview.txt:405,webview://https://web.guangdianyun.tv/tv/?id=1933&uin=3277,NATIVE_VIDEO_FRAMES,5774,直播播放中 · 线路 1/1,
小米 6 / Android 7.1.1,652,射洪综合,web,webSourceM3U8/webview.txt:406,webview://https://web.guangdianyun.tv/tv/?id=391&uin=1743,NATIVE_VIDEO_FRAMES,5554,直播播放中 · 线路 1/1,
小米 6 / Android 7.1.1,653,内江综合,web,webSourceM3U8/webview.txt:407,webview://http://www.scnj.tv/plus/live/live.php?id=15948060915449&flag=1,NO_PLAYBACK_OBSERVED,12220,网页已打开 · 手机飞鼠可操作 · 线路 1/1,
小米 6 / Android 7.1.1,654,泸州新闻综合,web,webSourceM3U8/webview.txt:408,webview://https://www.luzhoubs.com/lztv1/index.html,NATIVE_VIDEO_FRAMES,6216,直播播放中 · 线路 1/1,
小米 6 / Android 7.1.1,655,泸州科教生活,web,webSourceM3U8/webview.txt:409,webview://https://www.luzhoubs.com/lztv3/index.html,NATIVE_VIDEO_FRAMES,7834,直播播放中 · 线路 1/1,
小米 6 / Android 7.1.1,656,遂宁综合,web,webSourceM3U8/webview.txt:410,webview://https://www.snxw.com/suinMini/site/6642bf8360b26293fe689f04/6642d21860b26293fe689f4c,NATIVE_VIDEO_FRAMES,10702,直播播放中 · 线路 1/1,
小米 6 / Android 7.1.1,657,广元文化生活,web,webSourceM3U8/webview.txt:411,webview://https://m3u8.channel.dzsm.com/nmip-media/channellive/channel101257/playlist.m3u8,NATIVE_VIDEO_FRAMES,8878,直播播放中 · 线路 1/1,
小米 6 / Android 7.1.1,658,甘孜综合,web,webSourceM3U8/webview.txt:412,webview://https://www.ganzitv.com/cms/tv,NATIVE_VIDEO_FRAMES,8765,直播播放中 · 线路 1/1,
小米 6 / Android 7.1.1,659,雅安新闻综合,web,webSourceM3U8/webview.txt:413,webview://https://www.beiww.com/shiting,NATIVE_VIDEO_FRAMES,2723,直播播放中 · 线路 1/1,
小米 6 / Android 7.1.1,660,绵阳新闻综合,web,webSourceM3U8/webview.txt:414,webview://https://myntv.cn/html/zb/mytv1.asp,NATIVE_VIDEO_FRAMES,4119,直播播放中 · 线路 1/1,
小米 6 / Android 7.1.1,661,内蒙古卫视,web,webSourceM3U8/webview.txt:415,webview://https://www.nmtv.cn/liveTv?tag=内蒙古卫视,NATIVE_VIDEO_FRAMES,3610,直播播放中 · 线路 1/1,
小米 6 / Android 7.1.1,662,乌海都市生活,web,webSourceM3U8/webview.txt:416,webview://https://app.wuhainews.org.cn/folder17/share/live/?channel_id=9,NATIVE_VIDEO_FRAMES,4169,直播播放中 · 线路 1/1,
小米 6 / Android 7.1.1,663,赤峰经济服务,web,webSourceM3U8/webview.txt:417,webview://http://h5.cfrmw.cn/front-cloudlive-manage-h5/index.html?id=722728110696456192&company_id=1073#/,NATIVE_VIDEO_FRAMES,5946,直播播放中 · 线路 1/1,
小米 6 / Android 7.1.1,664,赤峰影视娱乐,web,webSourceM3U8/webview.txt:418,webview://http://h5.cfrmw.cn/front-cloudlive-manage-h5/index.html?id=722728404075438080&company_id=1073#/,NATIVE_VIDEO_FRAMES,4119,直播播放中 · 线路 1/1,
小米 6 / Android 7.1.1,665,乌兰察布经济生活,web,webSourceM3U8/webview.txt:419,webview://https://res.wrbtv.cn/html/rft/live.html?channelId=f5c8509c3b7b4c76b691d1863be29d27&type=1&siteId=82dcdad6b80b4f2d8a13067e5fce2e7a&shareAppId=82dcdad6b80b4f2d8a13067e5fce2e7a,NO_PLAYBACK_OBSERVED,12241,网页已打开 · 手机飞鼠可操作 · 线路 1/1,
Android 9 模拟器,0,凤凰中文台,ku9,cjs/k-web/fenghuang.txt:1,https://raw.githubusercontent.com/TvWasm/cjs/main/k-web/ku9/js/fenghuang.js?id=1016529,NATIVE_VIDEO_FRAMES,1234,直播播放中 · 线路 1/1,bd1431cef84efafb196e6fa118b0177eeaae0f1e40866497248289c416e688dc
Android 9 模拟器,1,福建综合,ku9,cjs/k-web/fjtv.txt:1,https://raw.githubusercontent.com/TvWasm/cjs/main/k-web/ku9/js/fjtv.js?id=zhpd,NATIVE_VIDEO_FRAMES,824,直播播放中 · 线路 1/1,fd9aca6f177ab632b4ae5c0e38a008159c7ff66bd5516a7a1fee195a22caeda4
Android 9 模拟器,2,东南卫视,ku9,cjs/k-web/fjtv.txt:2,https://raw.githubusercontent.com/TvWasm/cjs/main/k-web/ku9/js/fjtv.js?id=setv,NATIVE_VIDEO_FRAMES,1634,直播播放中 · 线路 1/1,fd9aca6f177ab632b4ae5c0e38a008159c7ff66bd5516a7a1fee195a22caeda4
Android 9 模拟器,3,福建新闻,ku9,cjs/k-web/fjtv.txt:3,https://raw.githubusercontent.com/TvWasm/cjs/main/k-web/ku9/js/fjtv.js?id=xwpd,NATIVE_VIDEO_FRAMES,1223,直播播放中 · 线路 1/1,fd9aca6f177ab632b4ae5c0e38a008159c7ff66bd5516a7a1fee195a22caeda4
Android 9 模拟器,4,福建文旅体育,ku9,cjs/k-web/fjtv.txt:4,https://raw.githubusercontent.com/TvWasm/cjs/main/k-web/ku9/js/fjtv.js?id=dspd,NATIVE_VIDEO_FRAMES,1262,直播播放中 · 线路 1/1,fd9aca6f177ab632b4ae5c0e38a008159c7ff66bd5516a7a1fee195a22caeda4
Android 9 模拟器,5,福建少儿,ku9,cjs/k-web/fjtv.txt:5,https://raw.githubusercontent.com/TvWasm/cjs/main/k-web/ku9/js/fjtv.js?id=sepd,NATIVE_VIDEO_FRAMES,1212,直播播放中 · 线路 1/1,fd9aca6f177ab632b4ae5c0e38a008159c7ff66bd5516a7a1fee195a22caeda4
Android 9 模拟器,6,海峡卫视,ku9,cjs/k-web/fjtv.txt:6,https://raw.githubusercontent.com/TvWasm/cjs/main/k-web/ku9/js/fjtv.js?id=hxtv,NATIVE_VIDEO_FRAMES,1212,直播播放中 · 线路 1/1,fd9aca6f177ab632b4ae5c0e38a008159c7ff66bd5516a7a1fee195a22caeda4
Android 9 模拟器,7,河北卫视,ku9,cjs/k-web/hebtv.txt:1,https://raw.githubusercontent.com/TvWasm/cjs/main/k-web/ku9/js/hebtv.js?id=hbws,NATIVE_VIDEO_FRAMES,1229,直播播放中 · 线路 1/1,58a863df323a07c9b0b0120e44449716ac4ba7dd5f261a83595b543b1a183c38
Android 9 模拟器,8,河北经济生活,ku9,cjs/k-web/hebtv.txt:2,https://raw.githubusercontent.com/TvWasm/cjs/main/k-web/ku9/js/hebtv.js?id=jjsh,NATIVE_VIDEO_FRAMES,813,直播播放中 · 线路 1/1,58a863df323a07c9b0b0120e44449716ac4ba7dd5f261a83595b543b1a183c38
Android 9 模拟器,9,河北都市,ku9,cjs/k-web/hebtv.txt:3,https://raw.githubusercontent.com/TvWasm/cjs/main/k-web/ku9/js/hebtv.js?id=hbds,NATIVE_VIDEO_FRAMES,812,直播播放中 · 线路 1/1,58a863df323a07c9b0b0120e44449716ac4ba7dd5f261a83595b543b1a183c38
Android 9 模拟器,10,河北文旅体育,ku9,cjs/k-web/hebtv.txt:4,https://raw.githubusercontent.com/TvWasm/cjs/main/k-web/ku9/js/hebtv.js?id=wlty,NATIVE_VIDEO_FRAMES,806,直播播放中 · 线路 1/1,58a863df323a07c9b0b0120e44449716ac4ba7dd5f261a83595b543b1a183c38
Android 9 模拟器,11,河北少儿科教,ku9,cjs/k-web/hebtv.txt:5,https://raw.githubusercontent.com/TvWasm/cjs/main/k-web/ku9/js/hebtv.js?id=sekj,NATIVE_VIDEO_FRAMES,817,直播播放中 · 线路 1/1,58a863df323a07c9b0b0120e44449716ac4ba7dd5f261a83595b543b1a183c38
Android 9 模拟器,12,河北三农,ku9,cjs/k-web/hebtv.txt:6,https://raw.githubusercontent.com/TvWasm/cjs/main/k-web/ku9/js/hebtv.js?id=sannong,NATIVE_VIDEO_FRAMES,863,直播播放中 · 线路 1/1,58a863df323a07c9b0b0120e44449716ac4ba7dd5f261a83595b543b1a183c38
Android 9 模拟器,13,河北三佳购物,ku9,cjs/k-web/hebtv.txt:7,https://raw.githubusercontent.com/TvWasm/cjs/main/k-web/ku9/js/hebtv.js?id=sjgw,NATIVE_VIDEO_FRAMES,808,直播播放中 · 线路 1/1,58a863df323a07c9b0b0120e44449716ac4ba7dd5f261a83595b543b1a183c38
Android 9 模拟器,14,吉林卫视,ku9,cjs/k-web/jltv.txt:1,https://raw.githubusercontent.com/TvWasm/cjs/main/k-web/ku9/js/jltv.js?id=jlws,NATIVE_VIDEO_FRAMES,1645,直播播放中 · 线路 1/1,758c1dd16e52db20e2a41cee153419e2c8395bbad2e0c1423a3bee69571f4d8c
Android 9 模拟器,15,吉林都市,ku9,cjs/k-web/jltv.txt:2,https://raw.githubusercontent.com/TvWasm/cjs/main/k-web/ku9/js/jltv.js?id=ds,NATIVE_VIDEO_FRAMES,829,直播播放中 · 线路 1/1,758c1dd16e52db20e2a41cee153419e2c8395bbad2e0c1423a3bee69571f4d8c
Android 9 模拟器,16,吉林生活,ku9,cjs/k-web/jltv.txt:3,https://raw.githubusercontent.com/TvWasm/cjs/main//k-web/ku9/js/jltv.js?id=sh,NATIVE_VIDEO_FRAMES,1212,直播播放中 · 线路 1/1,758c1dd16e52db20e2a41cee153419e2c8395bbad2e0c1423a3bee69571f4d8c
Android 9 模拟器,17,吉林影视,ku9,cjs/k-web/jltv.txt:4,https://raw.githubusercontent.com/TvWasm/cjs/main//k-web/ku9/js/jltv.js?id=ys,NATIVE_VIDEO_FRAMES,1225,直播播放中 · 线路 1/1,758c1dd16e52db20e2a41cee153419e2c8395bbad2e0c1423a3bee69571f4d8c
Android 9 模拟器,18,吉林乡村,ku9,cjs/k-web/jltv.txt:5,https://raw.githubusercontent.com/TvWasm/cjs/main//k-web/ku9/js/jltv.js?id=xc,NATIVE_VIDEO_FRAMES,812,直播播放中 · 线路 1/1,758c1dd16e52db20e2a41cee153419e2c8395bbad2e0c1423a3bee69571f4d8c
Android 9 模拟器,19,吉林综艺文化,ku9,cjs/k-web/jltv.txt:6,https://raw.githubusercontent.com/TvWasm/cjs/main//k-web/ku9/js/jltv.js?id=zy,NATIVE_VIDEO_FRAMES,1214,直播播放中 · 线路 1/1,758c1dd16e52db20e2a41cee153419e2c8395bbad2e0c1423a3bee69571f4d8c
Android 9 模拟器,20,长春综合,ku9,cjs/k-web/jltv.txt:7,https://raw.githubusercontent.com/TvWasm/cjs/main//k-web/ku9/js/jltv.js?id=cc,NATIVE_VIDEO_FRAMES,1245,直播播放中 · 线路 1/1,758c1dd16e52db20e2a41cee153419e2c8395bbad2e0c1423a3bee69571f4d8c
Android 9 模拟器,21,江西卫视,ku9,cjs/k-web/jxntv.txt:1,https://raw.githubusercontent.com/TvWasm/cjs/main/k-web/ku9/js/jxntv.js?id=jxtv1,NATIVE_VIDEO_FRAMES,1214,直播播放中 · 线路 1/1,c38ffe43d1158029aaca5c4081d0b7ad4556e94003c825167c355e725e607338
Android 9 模拟器,22,江西都市,ku9,cjs/k-web/jxntv.txt:2,https://raw.githubusercontent.com/TvWasm/cjs/main/k-web/ku9/js/jxntv.js?id=jxtv2,NATIVE_VIDEO_FRAMES,1217,直播播放中 · 线路 1/1,c38ffe43d1158029aaca5c4081d0b7ad4556e94003c825167c355e725e607338
Android 9 模拟器,23,江西经济生活,ku9,cjs/k-web/jxntv.txt:3,https://raw.githubusercontent.com/TvWasm/cjs/main/k-web/ku9/js/jxntv.js?id=jxtv3,NATIVE_VIDEO_FRAMES,1641,直播播放中 · 线路 1/1,c38ffe43d1158029aaca5c4081d0b7ad4556e94003c825167c355e725e607338
Android 9 模拟器,24,江西公共农业,ku9,cjs/k-web/jxntv.txt:4,https://raw.githubusercontent.com/TvWasm/cjs/main/k-web/ku9/js/jxntv.js?id=jxtv5,NATIVE_VIDEO_FRAMES,1229,直播播放中 · 线路 1/1,c38ffe43d1158029aaca5c4081d0b7ad4556e94003c825167c355e725e607338
Android 9 模拟器,25,江西少儿,ku9,cjs/k-web/jxntv.txt:5,https://raw.githubusercontent.com/TvWasm/cjs/main/k-web/ku9/js/jxntv.js?id=jxtv6,NATIVE_VIDEO_FRAMES,1645,直播播放中 · 线路 1/1,c38ffe43d1158029aaca5c4081d0b7ad4556e94003c825167c355e725e607338
Android 9 模拟器,26,江西新闻,ku9,cjs/k-web/jxntv.txt:6,https://raw.githubusercontent.com/TvWasm/cjs/main/k-web/ku9/js/jxntv.js?id=jxtv7,NATIVE_VIDEO_FRAMES,1649,直播播放中 · 线路 1/1,c38ffe43d1158029aaca5c4081d0b7ad4556e94003c825167c355e725e607338
Android 9 模拟器,27,江西移动电视,ku9,cjs/k-web/jxntv.txt:7,https://raw.githubusercontent.com/TvWasm/cjs/main/k-web/ku9/js/jxntv.js?id=jxtv8,NATIVE_VIDEO_FRAMES,1246,直播播放中 · 线路 1/1,c38ffe43d1158029aaca5c4081d0b7ad4556e94003c825167c355e725e607338
Android 9 模拟器,28,陶瓷频道,ku9,cjs/k-web/jxntv.txt:8,https://raw.githubusercontent.com/TvWasm/cjs/main/k-web/ku9/js/jxntv.js?id=tcpd,NATIVE_VIDEO_FRAMES,1631,直播播放中 · 线路 1/1,c38ffe43d1158029aaca5c4081d0b7ad4556e94003c825167c355e725e607338
Android 9 模拟器,29,CCTV4K,ku9,webSourceM3U8/k-web/ku9.txt:1,https://gh-proxy.org/https://raw.githubusercontent.com/buhanzhe/webSourceM3U8/main/k-web/ku9/js/hnyx.js?id=CCTV_4K&dur=10.001&offset=162424040,RESOLVE_FAILED,405,酷9脚本结果无效: 当前网络没有 IPv6，无法播放此频道 · 线路 1/1,62ebbed9ee092b2f5a3d96ab703e22c6029858cd86e6683e494f0a76b1b3af3c
Android 9 模拟器,30,CCTV16-4K,ku9,webSourceM3U8/k-web/ku9.txt:2,https://gh-proxy.org/https://raw.githubusercontent.com/buhanzhe/webSourceM3U8/main/k-web/ku9/js/hnyx.js?id=CCTV16_4K&dur=10.005&offset=163467306,RESOLVE_FAILED,404,酷9脚本结果无效: 当前网络没有 IPv6，无法播放此频道 · 线路 1/1,62ebbed9ee092b2f5a3d96ab703e22c6029858cd86e6683e494f0a76b1b3af3c
Android 9 模拟器,31,东方卫视4K,ku9,webSourceM3U8/k-web/ku9.txt:3,https://gh-proxy.org/https://raw.githubusercontent.com/buhanzhe/webSourceM3U8/main/k-web/ku9/js/hnyx.js?id=dfws4K&dur=10.0066&offset=175802900,RESOLVE_FAILED,404,酷9脚本结果无效: 当前网络没有 IPv6，无法播放此频道 · 线路 1/1,62ebbed9ee092b2f5a3d96ab703e22c6029858cd86e6683e494f0a76b1b3af3c
Android 9 模拟器,32,广东卫视4K,ku9,webSourceM3U8/k-web/ku9.txt:4,https://gh-proxy.org/https://raw.githubusercontent.com/buhanzhe/webSourceM3U8/main/k-web/ku9/js/hnyx.js?id=gdws4K&dur=10.001&offset=175896974,RESOLVE_FAILED,404,酷9脚本结果无效: 当前网络没有 IPv6，无法播放此频道 · 线路 1/1,62ebbed9ee092b2f5a3d96ab703e22c6029858cd86e6683e494f0a76b1b3af3c
Android 9 模拟器,33,湖南卫视4K,ku9,webSourceM3U8/k-web/ku9.txt:5,https://gh-proxy.org/https://raw.githubusercontent.com/buhanzhe/webSourceM3U8/main/k-web/ku9/js/hnyx.js?id=hnws4K&dur=10.0066&offset=175789332,RESOLVE_FAILED,404,酷9脚本结果无效: 当前网络没有 IPv6，无法播放此频道 · 线路 1/1,62ebbed9ee092b2f5a3d96ab703e22c6029858cd86e6683e494f0a76b1b3af3c
Android 9 模拟器,34,江苏卫视4K,ku9,webSourceM3U8/k-web/ku9.txt:6,https://gh-proxy.org/https://raw.githubusercontent.com/buhanzhe/webSourceM3U8/main/k-web/ku9/js/hnyx.js?id=jsws4K&dur=10.025&offset=175470420,RESOLVE_FAILED,404,酷9脚本结果无效: 当前网络没有 IPv6，无法播放此频道 · 线路 1/1,62ebbed9ee092b2f5a3d96ab703e22c6029858cd86e6683e494f0a76b1b3af3c
Android 9 模拟器,35,四川卫视4K,ku9,webSourceM3U8/k-web/ku9.txt:7,https://gh-proxy.org/https://raw.githubusercontent.com/buhanzhe/webSourceM3U8/main/k-web/ku9/js/hnyx.js?id=scws4K&dur=10.032&offset=175363868,RESOLVE_FAILED,407,酷9脚本结果无效: 当前网络没有 IPv6，无法播放此频道 · 线路 1/1,62ebbed9ee092b2f5a3d96ab703e22c6029858cd86e6683e494f0a76b1b3af3c
Android 9 模拟器,36,山东卫视4K,ku9,webSourceM3U8/k-web/ku9.txt:8,https://gh-proxy.org/https://raw.githubusercontent.com/buhanzhe/webSourceM3U8/main/k-web/ku9/js/hnyx.js?id=sdws4K&dur=10.0105&offset=175728436,RESOLVE_FAILED,404,酷9脚本结果无效: 当前网络没有 IPv6，无法播放此频道 · 线路 1/1,62ebbed9ee092b2f5a3d96ab703e22c6029858cd86e6683e494f0a76b1b3af3c
Android 9 模拟器,37,深圳卫视4K,ku9,webSourceM3U8/k-web/ku9.txt:9,https://gh-proxy.org/https://raw.githubusercontent.com/buhanzhe/webSourceM3U8/main/k-web/ku9/js/hnyx.js?id=szws4K&dur=10.005&offset=175081932,RESOLVE_FAILED,404,酷9脚本结果无效: 当前网络没有 IPv6，无法播放此频道 · 线路 1/1,62ebbed9ee092b2f5a3d96ab703e22c6029858cd86e6683e494f0a76b1b3af3c
Android 9 模拟器,38,浙江卫视4K,ku9,webSourceM3U8/k-web/ku9.txt:10,https://gh-proxy.org/https://raw.githubusercontent.com/buhanzhe/webSourceM3U8/main/k-web/ku9/js/hnyx.js?id=zjws4K&dur=10.0105&offset=175728140,RESOLVE_FAILED,403,酷9脚本结果无效: 当前网络没有 IPv6，无法播放此频道 · 线路 1/1,62ebbed9ee092b2f5a3d96ab703e22c6029858cd86e6683e494f0a76b1b3af3c
Android 9 模拟器,39,吉林卫视,ku9,webSourceM3U8/k-web/ku9.txt:11,https://gh-proxy.org/https://raw.githubusercontent.com/buhanzhe/webSourceM3U8/main/k-web/ku9/js/jlntv.js?id=jlws,NATIVE_VIDEO_FRAMES,1213,直播播放中 · 线路 1/1,6edb44a9ab6c9bb2ec159fbd174a1422c11b9b1e576d3de35d8b3eb58e21643a
Android 9 模拟器,40,吉林都市,ku9,webSourceM3U8/k-web/ku9.txt:12,https://gh-proxy.org/https://raw.githubusercontent.com/buhanzhe/webSourceM3U8/main/k-web/ku9/js/jlntv.js?id=ds,NATIVE_VIDEO_FRAMES,1213,直播播放中 · 线路 1/1,6edb44a9ab6c9bb2ec159fbd174a1422c11b9b1e576d3de35d8b3eb58e21643a
Android 9 模拟器,41,吉林生活,ku9,webSourceM3U8/k-web/ku9.txt:13,https://gh-proxy.org/https://raw.githubusercontent.com/buhanzhe/webSourceM3U8/main/k-web/ku9/js/jlntv.js?id=sh,NATIVE_VIDEO_FRAMES,1211,直播播放中 · 线路 1/1,6edb44a9ab6c9bb2ec159fbd174a1422c11b9b1e576d3de35d8b3eb58e21643a
Android 9 模拟器,42,吉林影视,ku9,webSourceM3U8/k-web/ku9.txt:14,https://gh-proxy.org/https://raw.githubusercontent.com/buhanzhe/webSourceM3U8/main/k-web/ku9/js/jlntv.js?id=ys,NATIVE_VIDEO_FRAMES,1217,直播播放中 · 线路 1/1,6edb44a9ab6c9bb2ec159fbd174a1422c11b9b1e576d3de35d8b3eb58e21643a
Android 9 模拟器,43,吉林乡村,ku9,webSourceM3U8/k-web/ku9.txt:15,https://gh-proxy.org/https://raw.githubusercontent.com/buhanzhe/webSourceM3U8/main/k-web/ku9/js/jlntv.js?id=xc,NATIVE_VIDEO_FRAMES,1241,直播播放中 · 线路 1/1,6edb44a9ab6c9bb2ec159fbd174a1422c11b9b1e576d3de35d8b3eb58e21643a
Android 9 模拟器,44,吉林综艺文化,ku9,webSourceM3U8/k-web/ku9.txt:16,https://gh-proxy.org/https://raw.githubusercontent.com/buhanzhe/webSourceM3U8/main/k-web/ku9/js/jlntv.js?id=zy,NATIVE_VIDEO_FRAMES,1213,直播播放中 · 线路 1/1,6edb44a9ab6c9bb2ec159fbd174a1422c11b9b1e576d3de35d8b3eb58e21643a
Android 9 模拟器,45,长春综合,ku9,webSourceM3U8/k-web/ku9.txt:17,https://gh-proxy.org/https://raw.githubusercontent.com/buhanzhe/webSourceM3U8/main/k-web/ku9/js/jlntv.js?id=cc,NATIVE_VIDEO_FRAMES,811,直播播放中 · 线路 1/1,6edb44a9ab6c9bb2ec159fbd174a1422c11b9b1e576d3de35d8b3eb58e21643a
Android 9 模拟器,46,凤凰中文台,ku9,webSourceM3U8/k-web/ku9.txt:18,https://gh-proxy.org/https://raw.githubusercontent.com/buhanzhe/webSourceM3U8/main/k-web/ku9/js/fenghuang.js?id=1016529,NATIVE_VIDEO_FRAMES,805,直播播放中 · 线路 1/1,f16ea4dca714e5dd7e21eeeaeb40c5ed18e6f3aa074ad465973a6d8d15b3c524
Android 9 模拟器,47,本地js1,ku9,webSourceM3U8/k-web/ku9.txt:21,http://A/ku9/js/hnyx.js?id=CCTV_4K&dur=10.001&offset=162424040,RESOLVE_FAILED,404,酷9脚本结果无效: 当前网络没有 IPv6，无法播放此频道 · 线路 1/1,62ebbed9ee092b2f5a3d96ab703e22c6029858cd86e6683e494f0a76b1b3af3c
Android 9 模拟器,48,本地js2,ku9,webSourceM3U8/k-web/ku9.txt:22,http://A/ku9/js/hnyx.js?id=CCTV16_4K&dur=10.005&offset=163467306,RESOLVE_FAILED,404,酷9脚本结果无效: 当前网络没有 IPv6，无法播放此频道 · 线路 1/1,62ebbed9ee092b2f5a3d96ab703e22c6029858cd86e6683e494f0a76b1b3af3c
Android 9 模拟器,49,重庆js,ku9,webSourceM3U8/k-web/ku9.txt:23,https://gh-proxy.org/https://raw.githubusercontent.com/buhanzhe/webSourceM3U8/main/k-web/ku9/js/cbg.js?id=https://sj.cbg.cn/wap/list/4918/1.html,NO_PLAYBACK_OBSERVED,20123,线路播放失败，当前频道没有备用线路 · 线路 1/1,a63aded9a406cb4131336f9a8e7ffc796708994448e1a0fdea0008a823fdbb47
Android 9 模拟器,50,凤凰中文,ku9,public/20250403.txt:1,http://A/ku9/js/fengh.js?id=fhzw,NO_PLAYBACK_OBSERVED,20060,线路播放失败，当前频道没有备用线路 · 线路 1/1,ad6c4d30cc6d3801e847281512cf3d8b2b19089c08d85bcc69011f69cb5a98b9
Android 9 模拟器,51,凤凰资讯,ku9,public/20250403.txt:2,http://A/ku9/js/fengh.js?id=fhzx,NO_PLAYBACK_OBSERVED,20050,线路播放失败，当前频道没有备用线路 · 线路 1/1,ad6c4d30cc6d3801e847281512cf3d8b2b19089c08d85bcc69011f69cb5a98b9
Android 9 模拟器,52,CCTV-1,ku9,public/20250403.txt:4,http://A/ku9/js/ku9js.js?id=https://tv.cctv.com/live/cctv1/,NATIVE_VIDEO_FRAMES,2628,直播播放中 · 线路 1/1,529c705bda0902ff0991aeb278b6d9b08e812ce772ca8c92190254e86aa9e960
Android 9 模拟器,53,CCTV-2,ku9,public/20250403.txt:5,http://A/ku9/js/ku9js.js?id=https://tv.cctv.com/live/cctv2/,NATIVE_VIDEO_FRAMES,1645,直播播放中 · 线路 1/1,529c705bda0902ff0991aeb278b6d9b08e812ce772ca8c92190254e86aa9e960
Android 9 模拟器,54,新疆卫视,ku9,public/20250403.txt:79,http://A/ku9/js/xjtv.js?id=xjws,RESOLVE_FAILED,408,酷9脚本结果无效: 获取数据出错... · 线路 1/1,d1c61f8e6ff59b547493fce1f5bc7c5bc1f246e65e446186f99509e579b18117
Android 9 模拟器,55,云南卫视,ku9,public/20250403.txt:80,http://A/ku9/js/yn.js?id=ynws,NO_PLAYBACK_OBSERVED,20074,线路播放失败，当前频道没有备用线路 · 线路 1/1,c456a1ab9e566d13958dc1c7800f872d35de5da5b8ee5bac089a02c5774f6d78
Android 9 模拟器,56,新疆维语综合,ku9,public/20250403.txt:87,http://A/ku9/js/xjtv.js?id=xjwyzh,RESOLVE_FAILED,405,酷9脚本结果无效: 获取数据出错... · 线路 1/1,d1c61f8e6ff59b547493fce1f5bc7c5bc1f246e65e446186f99509e579b18117
Android 9 模拟器,57,西湖明珠,ku9,public/20250403.txt:97,http://A/ku9/js/hztv.js?id=hzmz,NATIVE_VIDEO_FRAMES,1625,直播播放中 · 线路 1/1,05c30f24ebbda47356e658935c4df5b9ca671f1e078d26b76f172ca243a34303
Android 9 模拟器,58,杭州生活,ku9,public/20250403.txt:98,http://A/ku9/js/hztv.js?id=hzsh,NATIVE_VIDEO_FRAMES,1212,直播播放中 · 线路 1/1,05c30f24ebbda47356e658935c4df5b9ca671f1e078d26b76f172ca243a34303
Android 9 模拟器,59,南昌综合,ku9,public/20250403.txt:103,http://A/ku9/js/jxtv.js?id=nczh,NO_PLAYBACK_OBSERVED,20067,"酷9脚本执行失败: SyntaxError: Unexpected end of JSON input
    at <input>:1:1
    at parse (native)
    at main (site-plugin.js:17:28)
    at <anonymous> (site-plugin.js:33:444)
    at <eval> (site-plugin.js:33:540) · 线路 1/1",1354c307129124b07730721a9d58bead022bc6087e20cfca2dde6f1a661a4adc
Android 9 模拟器,60,南昌文旅,ku9,public/20250403.txt:104,http://A/ku9/js/jxtv.js?id=ncds,NO_PLAYBACK_OBSERVED,20044,"酷9脚本执行失败: SyntaxError: Unexpected end of JSON input
    at <input>:1:1
    at parse (native)
    at main (site-plugin.js:17:28)
    at <anonymous> (site-plugin.js:33:444)
    at <eval> (site-plugin.js:33:540) · 线路 1/1",1354c307129124b07730721a9d58bead022bc6087e20cfca2dde6f1a661a4adc
Android 9 模拟器,61,云南都市,ku9,public/20250403.txt:106,http://A/ku9/js/yn.js?id=ynds,NO_PLAYBACK_OBSERVED,20047,线路播放失败，当前频道没有备用线路 · 线路 1/1,c456a1ab9e566d13958dc1c7800f872d35de5da5b8ee5bac089a02c5774f6d78
Android 9 模拟器,62,CCTV1综合,ku9,public/ku9js\localData\酷9咪咕直播HD源.txt:109,https://gitee.com/smalltown240730/240730/raw/master/ku9js/k-web/ku9/js/miguhd.js?id=608807420,RESOLVE_FAILED,409,酷9脚本结果无效: 无法获取播放地址 · 线路 1/1,e0cbefa09b312f8d8613db010954445189643e8003b4efd3fee8f0c148e420c1
Android 9 模拟器,63,CCTV2财经,ku9,public/ku9js\localData\酷9咪咕直播HD源.txt:110,https://gitee.com/smalltown240730/240730/raw/master/ku9js/k-web/ku9/js/miguhd.js?id=631780532,RESOLVE_FAILED,405,酷9脚本结果无效: 无法获取播放地址 · 线路 1/1,e0cbefa09b312f8d8613db010954445189643e8003b4efd3fee8f0c148e420c1
Android 9 模拟器,64,CCTV1综合,ku9,public/ku9js\localData\酷9快直播js源.txt:1,http://A/ku9/js/kzbtv.js?id=484,RESOLVE_FAILED,1237,酷9脚本结果无效: 数据解析失败 · 线路 1/1,d564d50ee65865106a286324844e7f0feaf0027b15f55c9afbf1aa122107f87a
Android 9 模拟器,65,CCTV2财经,ku9,public/ku9js\localData\酷9快直播js源.txt:2,http://A/ku9/js/kzbtv.js?id=485,RESOLVE_FAILED,405,酷9脚本结果无效: 数据解析失败 · 线路 1/1,d564d50ee65865106a286324844e7f0feaf0027b15f55c9afbf1aa122107f87a
Android 9 模拟器,66,CCTV1,ku9,public/ku9js\localData\酷9移动js源.txt:1,http://A/PLTV/ku9/js/yditv.js?cid=bestzb&key=5000000001000004953$4M FHD,RESOLVE_FAILED,406,酷9脚本地址格式错误 · 线路 1/1,e4fb83737e146ae26c94998596a382caf8f11264f2a44eb73c467b2a4a06474a
Android 9 模拟器,67,CCTV1,ku9,public/ku9js\localData\酷9移动js源.txt:2,http://A/PLTV/ku9/js/yditv.js?cid=bestzb&key=5000000004000002226$8M FHD,RESOLVE_FAILED,405,酷9脚本地址格式错误 · 线路 1/1,e4fb83737e146ae26c94998596a382caf8f11264f2a44eb73c467b2a4a06474a
Android 9 模拟器,68,凤凰中文,ku9,public/ku9js\localData\酷9网页直播js源.txt:95,https://gitee.com/smalltown240730/240730/raw/master/ku9js/k-web/ku9/js/ph720.js?id=fhzw,NO_PLAYBACK_OBSERVED,45402,正在连接视频 · 线路 1/1,8bed98d13e8e237b99120220223aba7619b21d43f39cb9cbba9e95ba8729321c
Android 9 模拟器,69,凤凰资讯,ku9,public/ku9js\localData\酷9网页直播js源.txt:96,https://gitee.com/smalltown240730/240730/raw/master/ku9js/k-web/ku9/js/ph720.js?id=fhzx,NO_PLAYBACK_OBSERVED,45012,正在连接视频 · 线路 1/1,8bed98d13e8e237b99120220223aba7619b21d43f39cb9cbba9e95ba8729321c
Android 9 模拟器,70,凤凰中文,ku9,public/ku9js\localData\酷9网页直播js源.txt:98,https://gitee.com/smalltown240730/240730/raw/master/ku9js/k-web/ku9/js/phoenix.js?id=fhzw,NATIVE_VIDEO_FRAMES,1223,直播播放中 · 线路 1/1,ad6c4d30cc6d3801e847281512cf3d8b2b19089c08d85bcc69011f69cb5a98b9
Android 9 模拟器,71,凤凰资讯,ku9,public/ku9js\localData\酷9网页直播js源.txt:99,https://gitee.com/smalltown240730/240730/raw/master/ku9js/k-web/ku9/js/phoenix.js?id=fhzx,NATIVE_VIDEO_FRAMES,808,直播播放中 · 线路 1/1,ad6c4d30cc6d3801e847281512cf3d8b2b19089c08d85bcc69011f69cb5a98b9
Android 9 模拟器,72,CCTV-1 综合,cjs,cjs/cmg.m3u:1,https://raw.githubusercontent.com/TvWasm/cjs/main/cmg.cjs?id=600001859,NATIVE_VIDEO_FRAMES,1250,直播播放中 · 线路 1/1,
Android 9 模拟器,73,CCTV-2 财经,cjs,cjs/cmg.m3u:2,https://raw.githubusercontent.com/TvWasm/cjs/main/cmg.cjs?id=600001800,NATIVE_VIDEO_FRAMES,1218,直播播放中 · 线路 1/1,
Android 9 模拟器,74,CCTV-3 综艺,cjs,cjs/cmg.m3u:3,https://raw.githubusercontent.com/TvWasm/cjs/main/cmg.cjs?id=600001801,NATIVE_VIDEO_FRAMES,1246,直播播放中 · 线路 1/1,
Android 9 模拟器,75,CCTV-4 中文国际（亚）,cjs,cjs/cmg.m3u:4,https://raw.githubusercontent.com/TvWasm/cjs/main/cmg.cjs?id=600001814,NATIVE_VIDEO_FRAMES,1220,直播播放中 · 线路 1/1,
Android 9 模拟器,76,CCTV-5 体育,cjs,cjs/cmg.m3u:5,https://raw.githubusercontent.com/TvWasm/cjs/main/cmg.cjs?id=600001818,NATIVE_VIDEO_FRAMES,1246,直播播放中 · 线路 1/1,
Android 9 模拟器,77,CCTV-6 电影,cjs,cjs/cmg.m3u:6,https://raw.githubusercontent.com/TvWasm/cjs/main/cmg.cjs?id=600108442,NATIVE_VIDEO_FRAMES,1216,直播播放中 · 线路 1/1,
Android 9 模拟器,78,CCTV-7 国防军事,cjs,cjs/cmg.m3u:7,https://raw.githubusercontent.com/TvWasm/cjs/main/cmg.cjs?id=600004092,NATIVE_VIDEO_FRAMES,1648,直播播放中 · 线路 1/1,
Android 9 模拟器,79,CCTV-8 电视剧,cjs,cjs/cmg.m3u:8,https://raw.githubusercontent.com/TvWasm/cjs/main/cmg.cjs?id=600001803,NATIVE_VIDEO_FRAMES,1232,直播播放中 · 线路 1/1,
Android 9 模拟器,80,CCTV-9 纪录,cjs,cjs/cmg.m3u:9,https://raw.githubusercontent.com/TvWasm/cjs/main/cmg.cjs?id=600004078,NATIVE_VIDEO_FRAMES,1216,直播播放中 · 线路 1/1,
Android 9 模拟器,81,CCTV-10 科教,cjs,cjs/cmg.m3u:10,https://raw.githubusercontent.com/TvWasm/cjs/main/cmg.cjs?id=600001805,NATIVE_VIDEO_FRAMES,2082,直播播放中 · 线路 1/1,
Android 9 模拟器,82,CCTV-11 戏曲,cjs,cjs/cmg.m3u:11,https://raw.githubusercontent.com/TvWasm/cjs/main/cmg.cjs?id=600001806,NATIVE_VIDEO_FRAMES,1365,直播播放中 · 线路 1/1,
Android 9 模拟器,83,CCTV-12 社会与法,cjs,cjs/cmg.m3u:12,https://raw.githubusercontent.com/TvWasm/cjs/main/cmg.cjs?id=600001807,NATIVE_VIDEO_FRAMES,1700,直播播放中 · 线路 1/1,
Android 9 模拟器,84,CCTV-13 新闻,cjs,cjs/cmg.m3u:13,https://raw.githubusercontent.com/TvWasm/cjs/main/cmg.cjs?id=600001811,NATIVE_VIDEO_FRAMES,1238,直播播放中 · 线路 1/1,
Android 9 模拟器,85,CCTV-14 少儿,cjs,cjs/cmg.m3u:14,https://raw.githubusercontent.com/TvWasm/cjs/main/cmg.cjs?id=600001809,NATIVE_VIDEO_FRAMES,1242,直播播放中 · 线路 1/1,
Android 9 模拟器,86,CCTV-15 音乐,cjs,cjs/cmg.m3u:15,https://raw.githubusercontent.com/TvWasm/cjs/main/cmg.cjs?id=600001815,NATIVE_VIDEO_FRAMES,1268,直播播放中 · 线路 1/1,
Android 9 模拟器,87,CCTV-16 奥林匹克,cjs,cjs/cmg.m3u:16,https://raw.githubusercontent.com/TvWasm/cjs/main/cmg.cjs?id=600098637,NATIVE_VIDEO_FRAMES,1215,直播播放中 · 线路 1/1,
Android 9 模拟器,88,CCTV-17 农业农村,cjs,cjs/cmg.m3u:17,https://raw.githubusercontent.com/TvWasm/cjs/main/cmg.cjs?id=600001810,NATIVE_VIDEO_FRAMES,1483,直播播放中 · 线路 1/1,
Android 9 模拟器,89,CCTV-5+ 体育赛事,cjs,cjs/cmg.m3u:18,https://raw.githubusercontent.com/TvWasm/cjs/main/cmg.cjs?id=600001817,NATIVE_VIDEO_FRAMES,1217,直播播放中 · 线路 1/1,
Android 9 模拟器,90,CCTV16（4K）,cjs,cjs/cmg.m3u:19,https://raw.githubusercontent.com/TvWasm/cjs/main/cmg.cjs?id=600099502,NATIVE_VIDEO_FRAMES,1232,直播播放中 · 线路 1/1,
Android 9 模拟器,91,CCTV4K,cjs,cjs/cmg.m3u:20,https://raw.githubusercontent.com/TvWasm/cjs/main/cmg.cjs?id=600002264,NATIVE_VIDEO_FRAMES,1233,直播播放中 · 线路 1/1,
Android 9 模拟器,92,CCTV8K,cjs,cjs/cmg.m3u:21,https://raw.githubusercontent.com/TvWasm/cjs/main/cmg.cjs?id=600156816,NATIVE_VIDEO_FRAMES,1216,直播播放中 · 线路 1/1,
Android 9 模拟器,93,CGTN,cjs,cjs/cmg.m3u:22,https://raw.githubusercontent.com/TvWasm/cjs/main/cmg.cjs?id=600014550,NATIVE_VIDEO_FRAMES,1666,直播播放中 · 线路 1/1,
Android 9 模拟器,94,CGTN法语频道,cjs,cjs/cmg.m3u:23,https://raw.githubusercontent.com/TvWasm/cjs/main/cmg.cjs?id=600084704,NATIVE_VIDEO_FRAMES,1632,直播播放中 · 线路 1/1,
Android 9 模拟器,95,CGTN俄语频道,cjs,cjs/cmg.m3u:24,https://raw.githubusercontent.com/TvWasm/cjs/main/cmg.cjs?id=600084758,NATIVE_VIDEO_FRAMES,1933,直播播放中 · 线路 1/1,
Android 9 模拟器,96,CGTN阿拉伯语频道,cjs,cjs/cmg.m3u:25,https://raw.githubusercontent.com/TvWasm/cjs/main/cmg.cjs?id=600084782,NATIVE_VIDEO_FRAMES,1884,直播播放中 · 线路 1/1,
Android 9 模拟器,97,CGTN西班牙语频道,cjs,cjs/cmg.m3u:26,https://raw.githubusercontent.com/TvWasm/cjs/main/cmg.cjs?id=600084744,NATIVE_VIDEO_FRAMES,1650,直播播放中 · 线路 1/1,
Android 9 模拟器,98,CGTN外语纪录频道,cjs,cjs/cmg.m3u:27,https://raw.githubusercontent.com/TvWasm/cjs/main/cmg.cjs?id=600084781,NATIVE_VIDEO_FRAMES,1636,直播播放中 · 线路 1/1,
Android 9 模拟器,99,CCTV风云剧场频道,cjs,cjs/cmg.m3u:28,https://raw.githubusercontent.com/TvWasm/cjs/main/cmg.cjs?id=600099658,NATIVE_VIDEO_FRAMES,1196,直播播放中 · 线路 1/1,
Android 9 模拟器,100,CCTV第一剧场频道,cjs,cjs/cmg.m3u:29,https://raw.githubusercontent.com/TvWasm/cjs/main/cmg.cjs?id=600099655,NATIVE_VIDEO_FRAMES,1315,直播播放中 · 线路 1/1,
Android 9 模拟器,101,CCTV怀旧剧场频道,cjs,cjs/cmg.m3u:30,https://raw.githubusercontent.com/TvWasm/cjs/main/cmg.cjs?id=600099620,NATIVE_VIDEO_FRAMES,1217,直播播放中 · 线路 1/1,
Android 9 模拟器,102,CCTV-1 综合,cjs,cjs/cmg.m3u:31; cjs/cctv.cjs + ChannelCatalog,https://raw.githubusercontent.com/TvWasm/cjs/main/cctv.cjs?id=cctv1,NATIVE_VIDEO_FRAMES,1632,直播播放中 · 线路 1/1,
Android 9 模拟器,103,CCTV-2 财经,cjs,cjs/cmg.m3u:32; cjs/cctv.cjs + ChannelCatalog,https://raw.githubusercontent.com/TvWasm/cjs/main/cctv.cjs?id=cctv2,NATIVE_VIDEO_FRAMES,1248,直播播放中 · 线路 1/1,
Android 9 模拟器,104,CCTV-3 综艺,cjs,cjs/cmg.m3u:33; cjs/cctv.cjs + ChannelCatalog,https://raw.githubusercontent.com/TvWasm/cjs/main/cctv.cjs?id=cctv3,NATIVE_VIDEO_FRAMES,1234,直播播放中 · 线路 1/1,
Android 9 模拟器,105,CCTV-4 中文国际（亚）,cjs,cjs/cmg.m3u:34; cjs/cctv.cjs + ChannelCatalog,https://raw.githubusercontent.com/TvWasm/cjs/main/cctv.cjs?id=cctv4,NATIVE_VIDEO_FRAMES,1230,直播播放中 · 线路 1/1,
Android 9 模拟器,106,CCTV-5 体育,cjs,cjs/cmg.m3u:35; cjs/cctv.cjs + ChannelCatalog,https://raw.githubusercontent.com/TvWasm/cjs/main/cctv.cjs?id=cctv5,NATIVE_VIDEO_FRAMES,1667,直播播放中 · 线路 1/1,
Android 9 模拟器,107,CCTV-6 电影,cjs,cjs/cmg.m3u:36; cjs/cctv.cjs + ChannelCatalog,https://raw.githubusercontent.com/TvWasm/cjs/main/cctv.cjs?id=cctv6,NATIVE_VIDEO_FRAMES,814,直播播放中 · 线路 1/1,
Android 9 模拟器,108,CCTV-7 国防军事,cjs,cjs/cmg.m3u:37; cjs/cctv.cjs + ChannelCatalog,https://raw.githubusercontent.com/TvWasm/cjs/main/cctv.cjs?id=cctv7,NATIVE_VIDEO_FRAMES,1219,直播播放中 · 线路 1/1,
Android 9 模拟器,109,CCTV-8 电视剧,cjs,cjs/cmg.m3u:38; cjs/cctv.cjs + ChannelCatalog,https://raw.githubusercontent.com/TvWasm/cjs/main/cctv.cjs?id=cctv8,NATIVE_VIDEO_FRAMES,1231,直播播放中 · 线路 1/1,
Android 9 模拟器,110,CCTV-9 纪录,cjs,cjs/cmg.m3u:39; cjs/cctv.cjs + ChannelCatalog,https://raw.githubusercontent.com/TvWasm/cjs/main/cctv.cjs?id=cctvjilu,NATIVE_VIDEO_FRAMES,1230,直播播放中 · 线路 1/1,
Android 9 模拟器,111,CCTV-10 科教,cjs,cjs/cmg.m3u:40; cjs/cctv.cjs + ChannelCatalog,https://raw.githubusercontent.com/TvWasm/cjs/main/cctv.cjs?id=cctv10,NATIVE_VIDEO_FRAMES,1219,直播播放中 · 线路 1/1,
Android 9 模拟器,112,CCTV-11 戏曲,cjs,cjs/cmg.m3u:41; cjs/cctv.cjs + ChannelCatalog,https://raw.githubusercontent.com/TvWasm/cjs/main/cctv.cjs?id=cctv11,NATIVE_VIDEO_FRAMES,1615,直播播放中 · 线路 1/1,
Android 9 模拟器,113,CCTV-12 社会与法,cjs,cjs/cmg.m3u:42; cjs/cctv.cjs + ChannelCatalog,https://raw.githubusercontent.com/TvWasm/cjs/main/cctv.cjs?id=cctv12,NATIVE_VIDEO_FRAMES,1249,直播播放中 · 线路 1/1,
Android 9 模拟器,114,CCTV-13 新闻,cjs,cjs/cmg.m3u:43; cjs/cctv.cjs + ChannelCatalog,https://raw.githubusercontent.com/TvWasm/cjs/main/cctv.cjs?id=cctv13,NATIVE_VIDEO_FRAMES,1246,直播播放中 · 线路 1/1,
Android 9 模拟器,115,CCTV-14 少儿,cjs,cjs/cmg.m3u:44; cjs/cctv.cjs + ChannelCatalog,https://raw.githubusercontent.com/TvWasm/cjs/main/cctv.cjs?id=cctvchild,NATIVE_VIDEO_FRAMES,1231,直播播放中 · 线路 1/1,
Android 9 模拟器,116,CCTV-15 音乐,cjs,cjs/cmg.m3u:45; cjs/cctv.cjs + ChannelCatalog,https://raw.githubusercontent.com/TvWasm/cjs/main/cctv.cjs?id=cctv15,NATIVE_VIDEO_FRAMES,1218,直播播放中 · 线路 1/1,
Android 9 模拟器,117,CCTV-16 奥林匹克,cjs,cjs/cmg.m3u:46; cjs/cctv.cjs + ChannelCatalog,https://raw.githubusercontent.com/TvWasm/cjs/main/cctv.cjs?id=cctv16,NATIVE_VIDEO_FRAMES,2064,直播播放中 · 线路 1/1,
Android 9 模拟器,118,CCTV-17 农业农村,cjs,cjs/cmg.m3u:47; cjs/cctv.cjs + ChannelCatalog,https://raw.githubusercontent.com/TvWasm/cjs/main/cctv.cjs?id=cctv17,NATIVE_VIDEO_FRAMES,1233,直播播放中 · 线路 1/1,
Android 9 模拟器,119,CCTV-5+ 体育赛事,cjs,cjs/cmg.m3u:48; cjs/cctv.cjs + ChannelCatalog,https://raw.githubusercontent.com/TvWasm/cjs/main/cctv.cjs?id=cctv5plus,NATIVE_VIDEO_FRAMES,1633,直播播放中 · 线路 1/1,
Android 9 模拟器,120,CCTV-4 中文国际（欧）,cjs,cjs/cmg.m3u:49; cjs/cctv.cjs + ChannelCatalog,https://raw.githubusercontent.com/TvWasm/cjs/main/cctv.cjs?id=cctveurope,NATIVE_VIDEO_FRAMES,1231,直播播放中 · 线路 1/1,
Android 9 模拟器,121,CCTV-4 中文国际（美）,cjs,cjs/cmg.m3u:50; cjs/cctv.cjs + ChannelCatalog,https://raw.githubusercontent.com/TvWasm/cjs/main/cctv.cjs?id=cctvamerica,NATIVE_VIDEO_FRAMES,1217,直播播放中 · 线路 1/1,
Android 9 模拟器,122,北京卫视,cjs,cjs/cmg.m3u:51,https://raw.githubusercontent.com/TvWasm/cjs/main/cmg.cjs?id=600002309,NATIVE_VIDEO_FRAMES,1216,直播播放中 · 线路 1/1,
Android 9 模拟器,123,江苏卫视,cjs,cjs/cmg.m3u:52,https://raw.githubusercontent.com/TvWasm/cjs/main/cmg.cjs?id=600002521,NATIVE_VIDEO_FRAMES,1332,直播播放中 · 线路 1/1,
Android 9 模拟器,124,东方卫视,cjs,cjs/cmg.m3u:53,https://raw.githubusercontent.com/TvWasm/cjs/main/cmg.cjs?id=600002483,NATIVE_VIDEO_FRAMES,1216,直播播放中 · 线路 1/1,
Android 9 模拟器,125,浙江卫视,cjs,cjs/cmg.m3u:54,https://raw.githubusercontent.com/TvWasm/cjs/main/cmg.cjs?id=600002520,NATIVE_VIDEO_FRAMES,1230,直播播放中 · 线路 1/1,
Android 9 模拟器,126,湖南卫视,cjs,cjs/cmg.m3u:55,https://raw.githubusercontent.com/TvWasm/cjs/main/cmg.cjs?id=600002475,NATIVE_VIDEO_FRAMES,1250,直播播放中 · 线路 1/1,
Android 9 模拟器,127,湖北卫视,cjs,cjs/cmg.m3u:56,https://raw.githubusercontent.com/TvWasm/cjs/main/cmg.cjs?id=600002508,NATIVE_VIDEO_FRAMES,1286,直播播放中 · 线路 1/1,
Android 9 模拟器,128,广东卫视,cjs,cjs/cmg.m3u:57,https://raw.githubusercontent.com/TvWasm/cjs/main/cmg.cjs?id=600002485,NATIVE_VIDEO_FRAMES,1231,直播播放中 · 线路 1/1,
Android 9 模拟器,129,广西卫视,cjs,cjs/cmg.m3u:58,https://raw.githubusercontent.com/TvWasm/cjs/main/cmg.cjs?id=600002509,NATIVE_VIDEO_FRAMES,1218,直播播放中 · 线路 1/1,
Android 9 模拟器,130,黑龙江卫视,cjs,cjs/cmg.m3u:59,https://raw.githubusercontent.com/TvWasm/cjs/main/cmg.cjs?id=600002498,NATIVE_VIDEO_FRAMES,1230,直播播放中 · 线路 1/1,
Android 9 模拟器,131,海南卫视,cjs,cjs/cmg.m3u:60,https://raw.githubusercontent.com/TvWasm/cjs/main/cmg.cjs?id=600002506,NATIVE_VIDEO_FRAMES,1300,直播播放中 · 线路 1/1,
Android 9 模拟器,132,重庆卫视,cjs,cjs/cmg.m3u:61,https://raw.githubusercontent.com/TvWasm/cjs/main/cmg.cjs?id=600002531,NATIVE_VIDEO_FRAMES,1218,直播播放中 · 线路 1/1,
Android 9 模拟器,133,深圳卫视,cjs,cjs/cmg.m3u:62,https://raw.githubusercontent.com/TvWasm/cjs/main/cmg.cjs?id=600002481,NATIVE_VIDEO_FRAMES,1224,直播播放中 · 线路 1/1,
Android 9 模拟器,134,四川卫视,cjs,cjs/cmg.m3u:63,https://raw.githubusercontent.com/TvWasm/cjs/main/cmg.cjs?id=600002516,NATIVE_VIDEO_FRAMES,1223,直播播放中 · 线路 1/1,
Android 9 模拟器,135,河南卫视,cjs,cjs/cmg.m3u:64,https://raw.githubusercontent.com/TvWasm/cjs/main/cmg.cjs?id=600002525,NATIVE_VIDEO_FRAMES,1216,直播播放中 · 线路 1/1,
Android 9 模拟器,136,福建东南卫视,cjs,cjs/cmg.m3u:65,https://raw.githubusercontent.com/TvWasm/cjs/main/cmg.cjs?id=600002484,NATIVE_VIDEO_FRAMES,1233,直播播放中 · 线路 1/1,
Android 9 模拟器,137,贵州卫视,cjs,cjs/cmg.m3u:66,https://raw.githubusercontent.com/TvWasm/cjs/main/cmg.cjs?id=600002490,NATIVE_VIDEO_FRAMES,1632,直播播放中 · 线路 1/1,
Android 9 模拟器,138,江西卫视,cjs,cjs/cmg.m3u:67,https://raw.githubusercontent.com/TvWasm/cjs/main/cmg.cjs?id=600002503,NATIVE_VIDEO_FRAMES,1218,直播播放中 · 线路 1/1,
Android 9 模拟器,139,辽宁卫视,cjs,cjs/cmg.m3u:68,https://raw.githubusercontent.com/TvWasm/cjs/main/cmg.cjs?id=600002505,NATIVE_VIDEO_FRAMES,1281,直播播放中 · 线路 1/1,
Android 9 模拟器,140,安徽卫视,cjs,cjs/cmg.m3u:69,https://raw.githubusercontent.com/TvWasm/cjs/main/cmg.cjs?id=600002532,NATIVE_VIDEO_FRAMES,1751,直播播放中 · 线路 1/1,
Android 9 模拟器,141,河北卫视,cjs,cjs/cmg.m3u:70,https://raw.githubusercontent.com/TvWasm/cjs/main/cmg.cjs?id=600002493,NATIVE_VIDEO_FRAMES,815,直播播放中 · 线路 1/1,
Android 9 模拟器,142,山东卫视,cjs,cjs/cmg.m3u:71,https://raw.githubusercontent.com/TvWasm/cjs/main/cmg.cjs?id=600002513,NATIVE_VIDEO_FRAMES,1200,直播播放中 · 线路 1/1,
Android 9 模拟器,143,天津卫视,cjs,cjs/cmg.m3u:72,https://raw.githubusercontent.com/TvWasm/cjs/main/cmg.cjs?id=600152137,NATIVE_VIDEO_FRAMES,1283,直播播放中 · 线路 1/1,
Android 9 模拟器,144,吉林卫视,cjs,cjs/cmg.m3u:73,https://raw.githubusercontent.com/TvWasm/cjs/main/cmg.cjs?id=600190405,NATIVE_VIDEO_FRAMES,1218,直播播放中 · 线路 1/1,
Android 9 模拟器,145,陕西卫视,cjs,cjs/cmg.m3u:74,https://raw.githubusercontent.com/TvWasm/cjs/main/cmg.cjs?id=600190400,NATIVE_VIDEO_FRAMES,1981,直播播放中 · 线路 1/1,
Android 9 模拟器,146,甘肃卫视,cjs,cjs/cmg.m3u:75,https://raw.githubusercontent.com/TvWasm/cjs/main/cmg.cjs?id=600190408,NATIVE_VIDEO_FRAMES,1500,直播播放中 · 线路 1/1,
Android 9 模拟器,147,宁夏卫视,cjs,cjs/cmg.m3u:76,https://raw.githubusercontent.com/TvWasm/cjs/main/cmg.cjs?id=600190737,NATIVE_VIDEO_FRAMES,1755,直播播放中 · 线路 1/1,
Android 9 模拟器,148,内蒙古卫视,cjs,cjs/cmg.m3u:77,https://raw.githubusercontent.com/TvWasm/cjs/main/cmg.cjs?id=600190401,NATIVE_VIDEO_FRAMES,1748,直播播放中 · 线路 1/1,
Android 9 模拟器,149,云南卫视,cjs,cjs/cmg.m3u:78,https://raw.githubusercontent.com/TvWasm/cjs/main/cmg.cjs?id=600190402,NATIVE_VIDEO_FRAMES,1629,直播播放中 · 线路 1/1,
Android 9 模拟器,150,山西卫视,cjs,cjs/cmg.m3u:79,https://raw.githubusercontent.com/TvWasm/cjs/main/cmg.cjs?id=600190407,NATIVE_VIDEO_FRAMES,2151,直播播放中 · 线路 1/1,
Android 9 模拟器,151,青海卫视,cjs,cjs/cmg.m3u:80,https://raw.githubusercontent.com/TvWasm/cjs/main/cmg.cjs?id=600190406,NATIVE_VIDEO_FRAMES,1299,直播播放中 · 线路 1/1,
Android 9 模拟器,152,西藏卫视,cjs,cjs/cmg.m3u:81,https://raw.githubusercontent.com/TvWasm/cjs/main/cmg.cjs?id=600190403,NATIVE_VIDEO_FRAMES,1246,直播播放中 · 线路 1/1,
Android 9 模拟器,153,中国教育电视台1频道,cjs,cjs/cmg.m3u:82,https://raw.githubusercontent.com/TvWasm/cjs/main/cmg.cjs?id=600171827,NATIVE_VIDEO_FRAMES,1635,直播播放中 · 线路 1/1,
Android 9 模拟器,154,新疆卫视,cjs,cjs/cmg.m3u:83,https://raw.githubusercontent.com/TvWasm/cjs/main/cmg.cjs?id=600152138,NATIVE_VIDEO_FRAMES,816,直播播放中 · 线路 1/1,
Android 9 模拟器,155,广西综艺旅游,cjs,cjs/gxtv.m3u:1,https://raw.githubusercontent.com/TvWasm/cjs/main/gxtv.cjs?id=f3335975f9fe11e88bcfe41f13b60c62,NATIVE_VIDEO_FRAMES,1614,直播播放中 · 线路 1/1,
Android 9 模拟器,156,广西都市,cjs,cjs/gxtv.m3u:2,https://raw.githubusercontent.com/TvWasm/cjs/main/gxtv.cjs?id=fdbaf085f9fe11e88bcfe41f13b60c62,NATIVE_VIDEO_FRAMES,1221,直播播放中 · 线路 1/1,
Android 9 模拟器,157,广西影视,cjs,cjs/gxtv.m3u:3,https://raw.githubusercontent.com/TvWasm/cjs/main/gxtv.cjs?id=5e923d82058e11e9ba67e41f13b60c62,NATIVE_VIDEO_FRAMES,824,直播播放中 · 线路 1/1,
Android 9 模拟器,158,广西新闻,cjs,cjs/gxtv.m3u:4,https://raw.githubusercontent.com/TvWasm/cjs/main/gxtv.cjs?id=9dfd8600075811e9ba67e41f13b60c62,NATIVE_VIDEO_FRAMES,1251,直播播放中 · 线路 1/1,
Android 9 模拟器,159,广西国际,cjs,cjs/gxtv.m3u:5,https://raw.githubusercontent.com/TvWasm/cjs/main/gxtv.cjs?id=bfa17b64157f11e999f0e41f13b60c62,NATIVE_VIDEO_FRAMES,815,直播播放中 · 线路 1/1,
Android 9 模拟器,160,CETV-1,cjs,cjs/gxtv.m3u:6,https://raw.githubusercontent.com/TvWasm/cjs/main/gxtv.cjs?id=ffa6b6e1b32b4a16a73eb3ef66f8bfc7,NATIVE_VIDEO_FRAMES,815,直播播放中 · 线路 1/1,
Android 9 模拟器,161,CETV-2,cjs,cjs/gxtv.m3u:7,https://raw.githubusercontent.com/TvWasm/cjs/main/gxtv.cjs?id=80d0ffb42c114eaf9663708629ff0a3e,NATIVE_VIDEO_FRAMES,815,直播播放中 · 线路 1/1,
Android 9 模拟器,162,CETV-4,cjs,cjs/gxtv.m3u:8,https://raw.githubusercontent.com/TvWasm/cjs/main/gxtv.cjs?id=67eace939278435bb4bca90800fb4225,NATIVE_VIDEO_FRAMES,816,直播播放中 · 线路 1/1,
Android 9 模拟器,163,migu测试,media,webSourceM3U8/k-web/ku9.txt:24,https://raw.githubusercontent.com/mytv-android/mytvJS/refs/heads/main/js/mgd_github.js?channel=CCTV1综合,RESOLVE_FAILED,8315,线路解析失败，当前频道没有备用线路 · 线路 1/1,
Android 9 模拟器,164,音轨测试,media,webSourceM3U8/k-web/ku9.txt:25,https://r.jdshipin.com/62WM7,NATIVE_VIDEO_FRAMES,8303,直播播放中 · 线路 1/1,
Android 9 模拟器,165,H.264/MPEG-TS多语言字幕,media,webSourceM3U8/k-web/ku9.txt:26,https://devstreaming-cdn.apple.com/videos/streaming/examples/img_bipbop_adv_example_ts/master.m3u8,NATIVE_VIDEO_FRAMES,4583,直播播放中 · 线路 1/1,
Android 9 模拟器,166,H.264/fMP4多语言字幕,media,webSourceM3U8/k-web/ku9.txt:27,https://devstreaming-cdn.apple.com/videos/streaming/examples/img_bipbop_adv_example_fmp4/master.m3u8,NATIVE_VIDEO_FRAMES,2061,直播播放中 · 线路 1/1,
Android 9 模拟器,167,HEVC/H.264单字幕,media,webSourceM3U8/k-web/ku9.txt:28,https://devstreaming-cdn.apple.com/videos/streaming/examples/bipbop_adv_example_hevc/master.m3u8,NATIVE_VIDEO_FRAMES,5001,直播播放中 · 线路 1/1,
Android 9 模拟器,168,DolbyAtmos720PH264,media,webSourceM3U8/k-web/ku9.txt:29,https://ott.dolby.com/OnDelKits/DDP/Dolby_Digital_Plus_Online_Delivery_Kit_v1.4.1/Test_Signals/muxed_streams/HLS/Manifest_v4_packed_audio/ChID_voices_1280x720p_25fps_h264_6ch_640kbps_ddp_joc.m3u8,NATIVE_VIDEO_FRAMES,5813,直播播放中 · 线路 1/1,
Android 9 模拟器,169,DolbyAtmos720PH264,media,webSourceM3U8/k-web/ku9.txt:30,https://ott.dolby.com/OnDelKits/DDP/Dolby_Digital_Plus_Online_Delivery_Kit_v1.4.1/Test_Signals/muxed_streams/HLS/Manifest_v7_fMP4/ChID_voices_1280x720p_25fps_h264_6ch_640kbps_ddp_joc.m3u8,NATIVE_VIDEO_FRAMES,4999,直播播放中 · 线路 1/1,
Android 9 模拟器,170,DolbyAtmosHEVC1080P,media,webSourceM3U8/k-web/ku9.txt:31,https://ott.dolby.com/OnDelKits/DDP/Dolby_Digital_Plus_Online_Delivery_Kit_v1.4.1/Test_Signals/muxed_streams/HLS/Manifest_v7_fMP4/ChID_voices_1920x1080p_25fps_h265_6ch_640kbps_ddp_joc.m3u8,NATIVE_VIDEO_FRAMES,3300,直播播放中 · 线路 1/1,
Android 9 模拟器,171,DolbyAtmos720pH264,media,webSourceM3U8/k-web/ku9.txt:32,https://ott.dolby.com/OnDelKits/DDP/Dolby_Digital_Plus_Online_Delivery_Kit_v1.4.1/Test_Signals/muxed_streams/MP4/Example/ChID_voices_1280x720p_25fps_h264_6ch_640kbps_ddp_joc.mp4,NATIVE_VIDEO_FRAMES,1632,直播播放中 · 线路 1/1,
Android 9 模拟器,172,DolbyAtmos1080HEVC,media,webSourceM3U8/k-web/ku9.txt:33,https://ott.dolby.com/OnDelKits/DDP/Dolby_Digital_Plus_Online_Delivery_Kit_v1.4.1/Test_Signals/muxed_streams/MP4/Example/ChID_voices_1920x1080p_25fps_h265_6ch_640kbps_ddp_joc.mp4,NATIVE_VIDEO_FRAMES,2040,直播播放中 · 线路 1/1,
Android 9 模拟器,173,ms-6mbps-4k,media,webSourceM3U8/k-web/ku9.txt:34,https://test.playready.microsoft.com/media/profficialsite/bbb-3840x2160-cfg02-frag-6mbps.mp4,NO_PLAYBACK_OBSERVED,20357,正在连接视频 · 线路 1/1,
Android 9 模拟器,174,ms-12mbps-4k,media,webSourceM3U8/k-web/ku9.txt:35,https://test.playready.microsoft.com/media/profficialsite/bbb-3840x2160-cfg02-frag-12mbps.mp4,NO_PLAYBACK_OBSERVED,20415,正在连接视频 · 线路 1/1,
Android 9 模拟器,175,ms-24mbps-4k,media,webSourceM3U8/k-web/ku9.txt:36,https://test.playready.microsoft.com/media/profficialsite/bbb-3840x2160-cfg02-frag-24mbps.mp4,NO_PLAYBACK_OBSERVED,20416,正在连接视频 · 线路 1/1,
Android 9 模拟器,176,tearsofsteel_4k_h265,media,webSourceM3U8/k-web/ku9.txt:37,https://test.playready.microsoft.com/media/profficialsite/tearsofsteel_4k_60s_24fps.12000kbps.3840x2160.h265-10b.2ch.128kbps.aac.mp4,NO_PLAYBACK_OBSERVED,20382,正在连接视频 · 线路 1/1,
Android 9 模拟器,177,bbb_sunflower4k,media,webSourceM3U8/k-web/ku9.txt:38,https://mirrors.kodi.tv/demo-files/BBB/bbb_sunflower_2160p_60fps_normal.mp4,NATIVE_VIDEO_FRAMES,4534,直播播放中 · 线路 1/1,
Android 9 模拟器,178,big_buck_bunny4K-h265,media,webSourceM3U8/k-web/ku9.txt:39,https://storage.googleapis.com/vulkan-video-samples/hevc/hevc-big_buck_bunny_2160p.h265,RESOLVE_FAILED,1266,线路解析失败，当前频道没有备用线路 · 线路 1/1,
Android 9 模拟器,179,宿州新闻综合,media,webSourceM3U8/webview.txt:91,https://live.ahsz.tv/video/s10001-szzh/index.m3u8,NATIVE_VIDEO_FRAMES,816,直播播放中 · 线路 1/1,
Android 9 模拟器,180,宿州科教生活,media,webSourceM3U8/webview.txt:92,https://live.ahsz.tv/video/s10001-kxjy/index.m3u8,NATIVE_VIDEO_FRAMES,809,直播播放中 · 线路 1/1,
Android 9 模拟器,181,定西综合,media,webSourceM3U8/webview.txt:100,http://play.kankanlive.com/live/1745232061100288.m3u8,NATIVE_VIDEO_FRAMES,3323,直播播放中 · 线路 1/1,
Android 9 模拟器,182,定西文旅生活,media,webSourceM3U8/webview.txt:101,http://play.kankanlive.com/live/1745232082475287.m3u8,NATIVE_VIDEO_FRAMES,4567,直播播放中 · 线路 1/1,
Android 9 模拟器,183,广州综合,media,webSourceM3U8/webview.txt:127,http://tencentplaygzrb01.gztv.com/live/zonghes.m3u8,NATIVE_VIDEO_FRAMES,832,直播播放中 · 线路 1/1,
Android 9 模拟器,184,广州新闻,media,webSourceM3U8/webview.txt:128,http://tencentplaygzrb01.gztv.com/live/xinwen.m3u8,NATIVE_VIDEO_FRAMES,808,直播播放中 · 线路 1/1,
Android 9 模拟器,185,广州影视,media,webSourceM3U8/webview.txt:129,http://tencentplaygzrb01.gztv.com/live/yingshi.m3u8,NO_PLAYBACK_OBSERVED,20260,线路播放失败，当前频道没有备用线路 · 线路 1/1,
Android 9 模拟器,186,广州法治,media,webSourceM3U8/webview.txt:130,http://tencentplaygzrb01.gztv.com/live/fazhi.m3u8,NO_PLAYBACK_OBSERVED,20281,线路播放失败，当前频道没有备用线路 · 线路 1/1,
Android 9 模拟器,187,广州南国都市,media,webSourceM3U8/webview.txt:131,http://tencentplaygzrb01.gztv.com/live/nanguodushi.m3u8,NATIVE_VIDEO_FRAMES,811,直播播放中 · 线路 1/1,
Android 9 模拟器,188,河源综合,media,webSourceM3U8/webview.txt:141,https://tmpstream.hyrtv.cn/xwzh/sd/live.m3u8,NATIVE_VIDEO_FRAMES,1217,直播播放中 · 线路 1/1,
Android 9 模拟器,189,河源公共,media,webSourceM3U8/webview.txt:142,https://tmpstream.hyrtv.cn/hygg/sd/live.m3u8,NATIVE_VIDEO_FRAMES,806,直播播放中 · 线路 1/1,
Android 9 模拟器,190,洛阳综合,media,webSourceM3U8/webview.txt:192,https://live.lytv.com.cn/live/LYTV1.m3u8,NATIVE_VIDEO_FRAMES,808,直播播放中 · 线路 1/1,
Android 9 模拟器,191,洛阳科教,media,webSourceM3U8/webview.txt:194,https://live.lytv.com.cn/live/LYTV2.m3u8,NATIVE_VIDEO_FRAMES,807,直播播放中 · 线路 1/1,
Android 9 模拟器,192,洛阳文旅,media,webSourceM3U8/webview.txt:195,https://live.lytv.com.cn/live/LYTV3.m3u8,NATIVE_VIDEO_FRAMES,424,直播播放中 · 线路 1/1,
Android 9 模拟器,193,绥化新闻综合,media,webSourceM3U8/webview.txt:237,https://liveplaysr.dbw.cn/lsdream/amzPoBP/1000/live.m3u8,NATIVE_VIDEO_FRAMES,1649,直播播放中 · 线路 1/1,
Android 9 模拟器,194,无锡新闻综合,media,webSourceM3U8/webview.txt:263,http://stream.thmz.com/wxtv1/playlist.m3u8,NATIVE_VIDEO_FRAMES,1650,直播播放中 · 线路 1/1,
Android 9 模拟器,195,无锡娱乐,media,webSourceM3U8/webview.txt:264,http://stream.thmz.com/wxtv2/playlist.m3u8,NATIVE_VIDEO_FRAMES,1232,直播播放中 · 线路 1/1,
Android 9 模拟器,196,无锡都市资讯,media,webSourceM3U8/webview.txt:265,http://stream.thmz.com/wxtv3/playlist.m3u8,NATIVE_VIDEO_FRAMES,1217,直播播放中 · 线路 1/1,
Android 9 模拟器,197,无锡生活,media,webSourceM3U8/webview.txt:266,http://stream.thmz.com/wxtv4/playlist.m3u8,NATIVE_VIDEO_FRAMES,1215,直播播放中 · 线路 1/1,
Android 9 模拟器,198,无锡经济,media,webSourceM3U8/webview.txt:267,http://stream.thmz.com/wxtv5/playlist.m3u8,NATIVE_VIDEO_FRAMES,815,直播播放中 · 线路 1/1,
Android 9 模拟器,199,泰州-2,media,webSourceM3U8/webview.txt:268,http://stream1.mytaizhou.net/jjshnew/playlist.m3u8,NATIVE_VIDEO_FRAMES,816,直播播放中 · 线路 1/1,
Android 9 模拟器,200,泰州-3,media,webSourceM3U8/webview.txt:269,http://stream1.mytaizhou.net/ysylnew/playlist.m3u8,NATIVE_VIDEO_FRAMES,855,直播播放中 · 线路 1/1,
Android 9 模拟器,201,苏州新闻综合,media,webSourceM3U8/webview.txt:270,https://live-auth.51kandianshi.com/szgd/csztv1.m3u8,NATIVE_VIDEO_FRAMES,809,直播播放中 · 线路 1/1,
Android 9 模拟器,202,苏州社会经济,media,webSourceM3U8/webview.txt:271,https://live-auth.51kandianshi.com/szgd/csztv2.m3u8,NATIVE_VIDEO_FRAMES,810,直播播放中 · 线路 1/1,
Android 9 模拟器,203,苏州电影娱乐,media,webSourceM3U8/webview.txt:272,https://live-auth.51kandianshi.com/szgd/csztv4.m3u8,NATIVE_VIDEO_FRAMES,832,直播播放中 · 线路 1/1,
Android 9 模拟器,204,苏州生活资讯,media,webSourceM3U8/webview.txt:273,https://live-auth.51kandianshi.com/szgd/csztv5.m3u8,NATIVE_VIDEO_FRAMES,407,直播播放中 · 线路 1/1,
Android 9 模拟器,205,苏州4K,media,webSourceM3U8/webview.txt:274,https://live-auth.51kandianshi.com/szgd/csztv4k_4k.m3u8,NATIVE_VIDEO_FRAMES,1228,直播播放中 · 线路 1/1,
Android 9 模拟器,206,榆林综合,media,webSourceM3U8/webview.txt:325,https://49c1f938208318cdf8288bc36b62472a.livehwc4.com/hplayer1.juyun.tv/camera/186023110.m3u8,NATIVE_VIDEO_FRAMES,1295,直播播放中 · 线路 1/1,
Android 9 模拟器,207,榆林文化旅游,media,webSourceM3U8/webview.txt:326,https://49c1f938208318cdf8288bc36b62472a.livehwc4.com/hplayer1.juyun.tv/camera/186022194.m3u8,NATIVE_VIDEO_FRAMES,2046,直播播放中 · 线路 1/1,
Android 9 模拟器,208,商洛综合,media,webSourceM3U8/webview.txt:327,https://player4.juyun.tv/camera/171844138.m3u8,NO_PLAYBACK_OBSERVED,20055,线路播放失败，当前频道没有备用线路 · 线路 1/1,
Android 9 模拟器,209,延安综合,media,webSourceM3U8/webview.txt:328,https://srs.yanews.cn/video/YATV-1/index.m3u8,NATIVE_VIDEO_FRAMES,810,直播播放中 · 线路 1/1,
Android 9 模拟器,210,延安公共,media,webSourceM3U8/webview.txt:329,https://srs.yanews.cn/video/YATV-2/index.m3u8,NATIVE_VIDEO_FRAMES,814,直播播放中 · 线路 1/1,
Android 9 模拟器,211,郑州教育,media,webSourceM3U8/webview.txt:377,https://livezzutv.chinamcache.com/live/zb02.m3u8,NATIVE_VIDEO_FRAMES,823,直播播放中 · 线路 1/1,
Android 9 模拟器,212,平顶山教育,media,webSourceM3U8/webview.txt:378,http://219.150.204.175:81/hls/live1.m3u8,NATIVE_VIDEO_FRAMES,820,直播播放中 · 线路 1/1,
Android 9 模拟器,213,拉萨藏语综合,media,webSourceM3U8/webview.txt:420,https://tvfile.lasatv.cn/nmip-media/channellive/channel104335/playlist.m3u8,NATIVE_VIDEO_FRAMES,1238,直播播放中 · 线路 1/1,
Android 9 模拟器,214,拉萨综合,media,webSourceM3U8/webview.txt:421,https://tvfile.lasatv.cn/nmip-media/channellive/channel101894/playlist.m3u8,NATIVE_VIDEO_FRAMES,805,直播播放中 · 线路 1/1,
Android 9 模拟器,215,拉萨文化旅游,media,webSourceM3U8/webview.txt:422,https://tvfile.lasatv.cn/nmip-media/channellive/channel103157/playlist.m3u8,NATIVE_VIDEO_FRAMES,829,直播播放中 · 线路 1/1,
Android 9 模拟器,216,日喀则汉语,media,webSourceM3U8/webview.txt:423,https://console.rkzrm.cn:20323/4.m3u8,NATIVE_VIDEO_FRAMES,4980,直播播放中 · 线路 1/1,
Android 9 模拟器,217,日喀则藏语,media,webSourceM3U8/webview.txt:424,https://console.rkzrm.cn:20323/8.m3u8,NATIVE_VIDEO_FRAMES,1634,直播播放中 · 线路 1/1,
Android 9 模拟器,218,央视网,web,webSourceM3U8/JoyPage.txt:1,webview://https://tv.cctv.com,PAGE_LOADED_PLAYBACK_NOT_VERIFIED,4008,网页已打开 · 手机飞鼠可操作 · 线路 1/1,
Android 9 模拟器,219,央视频,web,webSourceM3U8/JoyPage.txt:2,webview://https://www.yangshipin.cn,PAGE_LOADED_PLAYBACK_NOT_VERIFIED,4389,网页已打开 · 手机飞鼠可操作 · 线路 1/1,
Android 9 模拟器,220,B站,web,webSourceM3U8/JoyPage.txt:3,webview://https://www.bilibili.com,PAGE_LOADED_PLAYBACK_NOT_VERIFIED,4253,网页已打开 · 手机飞鼠可操作 · 线路 1/1,
Android 9 模拟器,221,爱奇艺,web,webSourceM3U8/JoyPage.txt:4,webview://https://www.iqiyi.com,PAGE_LOADED_PLAYBACK_NOT_VERIFIED,4008,网页已打开 · 手机飞鼠可操作 · 线路 1/1,
Android 9 模拟器,222,优酷,web,webSourceM3U8/JoyPage.txt:5,webview://https://www.youku.com,PAGE_LOADED_PLAYBACK_NOT_VERIFIED,4280,网页已打开 · 手机飞鼠可操作 · 线路 1/1,
Android 9 模拟器,223,腾讯视频,web,webSourceM3U8/JoyPage.txt:6,webview://https://v.qq.com,PAGE_LOADED_PLAYBACK_NOT_VERIFIED,4390,网页已打开 · 手机飞鼠可操作 · 线路 1/1,
Android 9 模拟器,224,芒果TV,web,webSourceM3U8/JoyPage.txt:7,webview://https://www.mgtv.com,PAGE_LOADED_PLAYBACK_NOT_VERIFIED,4411,网页已打开 · 手机飞鼠可操作 · 线路 1/1,
Android 9 模拟器,225,咪咕视频,web,webSourceM3U8/JoyPage.txt:8,webview://https://www.miguvideo.com,PAGE_LOADED_PLAYBACK_NOT_VERIFIED,4393,网页已打开 · 手机飞鼠可操作 · 线路 1/1,
Android 9 模拟器,226,网易云音乐,web,webSourceM3U8/JoyPage.txt:9,webview://https://music.163.com,PAGE_LOADED_PLAYBACK_NOT_VERIFIED,4069,网页已打开 · 手机飞鼠可操作 · 线路 1/1,
Android 9 模拟器,227,QQ音乐,web,webSourceM3U8/JoyPage.txt:10,webview://https://y.qq.com,PAGE_LOADED_PLAYBACK_NOT_VERIFIED,4399,网页已打开 · 手机飞鼠可操作 · 线路 1/1,
Android 9 模拟器,228,酷狗音乐,web,webSourceM3U8/JoyPage.txt:11,webview://https://www.kugou.com,PAGE_LOADED_PLAYBACK_NOT_VERIFIED,4261,网页已打开 · 手机飞鼠可操作 · 线路 1/1,
Android 9 模拟器,229,咪咕音乐,web,webSourceM3U8/JoyPage.txt:12,webview://https://music.migu.cn,PAGE_LOADED_PLAYBACK_NOT_VERIFIED,4100,网页已打开 · 手机飞鼠可操作 · 线路 1/1,
Android 9 模拟器,230,果汁教育,web,webSourceM3U8/JoyPage.txt:13,webview://http://guozhivip.com/edu,PAGE_LOADED_PLAYBACK_NOT_VERIFIED,4147,网页已打开 · 手机飞鼠可操作 · 线路 1/1,
Android 9 模拟器,231,墨墨背单词,web,webSourceM3U8/JoyPage.txt:14,webview://https://www.maimemo.com/home/login?continue=home/web_study,PAGE_LOADED_PLAYBACK_NOT_VERIFIED,4133,网页已打开 · 手机飞鼠可操作 · 线路 1/1,
Android 9 模拟器,232,古诗文网,web,webSourceM3U8/JoyPage.txt:15,webview://https://www.gushiwen.cn,PAGE_LOADED_PLAYBACK_NOT_VERIFIED,4322,网页已打开 · 手机飞鼠可操作 · 线路 1/1,
Android 9 模拟器,233,汉典,web,webSourceM3U8/JoyPage.txt:16,webview://https://www.zdic.net,PAGE_LOADED_PLAYBACK_NOT_VERIFIED,4199,网页已打开 · 手机飞鼠可操作 · 线路 1/1,
Android 9 模拟器,234,国家中小学智慧教育平台,web,webSourceM3U8/JoyPage.txt:17,webview://https://basic.smartedu.cn,PAGE_LOADED_PLAYBACK_NOT_VERIFIED,4331,正在加载网页直播 · 线路 1/1,
Android 9 模拟器,235,中国大学MOOC(慕课),web,webSourceM3U8/JoyPage.txt:18,webview://https://www.icourse163.org,PAGE_LOADED_PLAYBACK_NOT_VERIFIED,4333,网页已打开 · 手机飞鼠可操作 · 线路 1/1,
Android 9 模拟器,236,中国高校外语慕课,web,webSourceM3U8/JoyPage.txt:19,webview://http://moocs.unipus.cn,PAGE_LOADED_PLAYBACK_NOT_VERIFIED,4276,网页已打开 · 手机飞鼠可操作 · 线路 1/1,
Android 9 模拟器,237,学堂在线,web,webSourceM3U8/JoyPage.txt:20,webview://https://www.xuetangx.com,PAGE_LOADED_PLAYBACK_NOT_VERIFIED,4040,网页已打开 · 手机飞鼠可操作 · 线路 1/1,
Android 9 模拟器,238,网易公开课,web,webSourceM3U8/JoyPage.txt:21,webview://https://open.163.com,PAGE_LOADED_PLAYBACK_NOT_VERIFIED,4197,网页已打开 · 手机飞鼠可操作 · 线路 1/1,
Android 9 模拟器,239,TED(演讲),web,webSourceM3U8/JoyPage.txt:22,webview://https://www.ted.com,NO_PLAYBACK_OBSERVED,12397,正在加载网页直播 · 线路 1/1,
Android 9 模拟器,240,多邻国,web,webSourceM3U8/JoyPage.txt:23,webview://https://www.duolingo.cn,PAGE_LOADED_PLAYBACK_NOT_VERIFIED,4225,网页已打开 · 手机飞鼠可操作 · 线路 1/1,
Android 9 模拟器,241,网易云课堂,web,webSourceM3U8/JoyPage.txt:24,webview://https://study.163.com,PAGE_LOADED_PLAYBACK_NOT_VERIFIED,4200,网页已打开 · 手机飞鼠可操作 · 线路 1/1,
Android 9 模拟器,242,中国国家数字图书馆,web,webSourceM3U8/JoyPage.txt:25,webview://https://www.nlc.cn,PAGE_LOADED_PLAYBACK_NOT_VERIFIED,4182,网页已打开 · 手机飞鼠可操作 · 线路 1/1,
Android 9 模拟器,243,国图公开课,web,webSourceM3U8/JoyPage.txt:26,webview://http://open.nlc.cn,PAGE_LOADED_PLAYBACK_NOT_VERIFIED,4198,网页已打开 · 手机飞鼠可操作 · 线路 1/1,
Android 9 模拟器,244,全历史(历史知识),web,webSourceM3U8/JoyPage.txt:27,webview://https://www.allhistory.com,PAGE_LOADED_PLAYBACK_NOT_VERIFIED,4323,网页已打开 · 手机飞鼠可操作 · 线路 1/1,
Android 9 模拟器,245,央视纪录片,web,webSourceM3U8/JoyPage.txt:28,webview://https://jishi.cctv.com,PAGE_LOADED_PLAYBACK_NOT_VERIFIED,4190,网页已打开 · 手机飞鼠可操作 · 线路 1/1,
Android 9 模拟器,246,中国数字科技馆,web,webSourceM3U8/JoyPage.txt:29,webview://https://www.cdstm.cn,PAGE_LOADED_PLAYBACK_NOT_VERIFIED,4357,网页已打开 · 手机飞鼠可操作 · 线路 1/1,
Android 9 模拟器,247,果壳,web,webSourceM3U8/JoyPage.txt:30,webview://https://www.guokr.com,PAGE_LOADED_PLAYBACK_NOT_VERIFIED,4192,网页已打开 · 手机飞鼠可操作 · 线路 1/1,
Android 9 模拟器,248,科普中国,web,webSourceM3U8/JoyPage.txt:31,webview://https://www.kepuchina.cn,PAGE_LOADED_PLAYBACK_NOT_VERIFIED,4040,正在加载网页直播 · 线路 1/1,
Android 9 模拟器,249,中国国家博物馆,web,webSourceM3U8/JoyPage.txt:32,webview://https://www.chnmuseum.cn,PAGE_LOADED_PLAYBACK_NOT_VERIFIED,4209,网页已打开 · 手机飞鼠可操作 · 线路 1/1,
Android 9 模拟器,250,全景故宫,web,webSourceM3U8/JoyPage.txt:33,webview://https://pano.dpm.org.cn/,NATIVE_VIDEO_FRAMES,2285,直播播放中 · 线路 1/1,
Android 9 模拟器,251,故宫数字文物库,web,webSourceM3U8/JoyPage.txt:34,webview://https://digicol.dpm.org.cn,PAGE_LOADED_PLAYBACK_NOT_VERIFIED,4313,网页已打开 · 手机飞鼠可操作 · 线路 1/1,
Android 9 模拟器,252,故宫名画记,web,webSourceM3U8/JoyPage.txt:35,webview://https://minghuaji.dpm.org.cn,PAGE_LOADED_PLAYBACK_NOT_VERIFIED,4322,网页已打开 · 手机飞鼠可操作 · 线路 1/1,
Android 9 模拟器,253,数字多宝阁,web,webSourceM3U8/JoyPage.txt:36,webview://https://www.dpm.org.cn/shuziduobaoge/html.html,PAGE_LOADED_PLAYBACK_NOT_VERIFIED,4126,网页已打开 · 手机飞鼠可操作 · 线路 1/1,
Android 9 模拟器,254,数字敦煌,web,webSourceM3U8/JoyPage.txt:37,webview://https://www.e-dunhuang.com,PAGE_LOADED_PLAYBACK_NOT_VERIFIED,4224,网页已打开 · 手机飞鼠可操作 · 线路 1/1,
Android 9 模拟器,255,甘肃石窟全景漫游,web,webSourceM3U8/JoyPage.txt:38,webview://https://vr.e-dunhuang.com,PAGE_LOADED_PLAYBACK_NOT_VERIFIED,4106,网页已打开 · 手机飞鼠可操作 · 线路 1/1,
Android 9 模拟器,256,数字敦煌开放素材库,web,webSourceM3U8/JoyPage.txt:39,webview://https://ip.e-dunhuang.com,PAGE_LOADED_PLAYBACK_NOT_VERIFIED,4405,正在加载网页直播 · 线路 1/1,
Android 9 模拟器,257,数字藏经洞,web,webSourceM3U8/JoyPage.txt:40,webview://https://cave17.e-dunhuang.com,NATIVE_VIDEO_FRAMES,2102,直播播放中 · 线路 1/1,
Android 9 模拟器,258,云上龙门,web,webSourceM3U8/JoyPage.txt:41,webview://https://lmsk.org.cn/home/vr.html,NO_PLAYBACK_OBSERVED,12137,直播播放中 · 线路 1/1,
Android 9 模拟器,259,美璟龙门,web,webSourceM3U8/JoyPage.txt:42,webview://https://vr.mzgf.com/?projectCode=00g6201M,NO_PLAYBACK_OBSERVED,12261,直播播放中 · 线路 1/1,
Android 9 模拟器,260,全景大足,web,webSourceM3U8/JoyPage.txt:43,webview://https://www.dzskyjy.cn/web/column/col5008981.html,NATIVE_VIDEO_FRAMES,3096,直播播放中 · 线路 1/1,
Android 9 模拟器,261,NASA Eyes,web,webSourceM3U8/JoyPage.txt:44,webview://https://science.nasa.gov/eyes,NATIVE_VIDEO_FRAMES,2585,直播播放中 · 线路 1/1,
Android 9 模拟器,262,Stellarium Web,web,webSourceM3U8/JoyPage.txt:45,webview://https://stellarium-web.org,PAGE_LOADED_PLAYBACK_NOT_VERIFIED,9013,网页已打开 · 手机飞鼠可操作 · 线路 1/1,
Android 9 模拟器,263,地球气象,web,webSourceM3U8/JoyPage.txt:46,webview://https://earth.nullschool.net/zh-cn,PAGE_LOADED_PLAYBACK_NOT_VERIFIED,4190,网页已打开 · 手机飞鼠可操作 · 线路 1/1,
Android 9 模拟器,264,实时地球,web,webSourceM3U8/JoyPage.txt:47,webview://https://zoom.earth,PAGE_LOADED_PLAYBACK_NOT_VERIFIED,4132,网页已打开 · 手机飞鼠可操作 · 线路 1/1,
Android 9 模拟器,265,果汁导航,web,webSourceM3U8/JoyPage.txt:48,webview://http://guozhivip.com,PAGE_LOADED_PLAYBACK_NOT_VERIFIED,4200,网页已打开 · 手机飞鼠可操作 · 线路 1/1,
Android 9 模拟器,266,果汁排行榜,web,webSourceM3U8/JoyPage.txt:49,webview://http://guozhivip.com/rank,PAGE_LOADED_PLAYBACK_NOT_VERIFIED,4182,网页已打开 · 手机飞鼠可操作 · 线路 1/1,
Android 9 模拟器,267,今日热榜,web,webSourceM3U8/JoyPage.txt:50,webview://https://tophub.today/c/news,PAGE_LOADED_PLAYBACK_NOT_VERIFIED,4184,网页已打开 · 手机飞鼠可操作 · 线路 1/1,
Android 9 模拟器,268,工具哇,web,webSourceM3U8/JoyPage.txt:51,webview://https://toolwa.com,PAGE_LOADED_PLAYBACK_NOT_VERIFIED,4038,网页已打开 · 手机飞鼠可操作 · 线路 1/1,
Android 9 模拟器,269,必应,web,webSourceM3U8/JoyPage.txt:52,webview://https://www.bing.com,PAGE_LOADED_PLAYBACK_NOT_VERIFIED,4107,网页已打开 · 手机飞鼠可操作 · 线路 1/1,
Android 9 模拟器,270,yandex,web,webSourceM3U8/JoyPage.txt:53,webview://https://yandex.com,NO_PLAYBACK_OBSERVED,12156,正在加载网页直播 · 线路 1/1,
Android 9 模拟器,271,720云,web,webSourceM3U8/JoyPage.txt:54,webview://https://www.720yun.com,PAGE_LOADED_PLAYBACK_NOT_VERIFIED,4369,网页已打开 · 手机飞鼠可操作 · 线路 1/1,
Android 9 模拟器,272,美璟世界,web,webSourceM3U8/JoyPage.txt:55,webview://https://www.mzgf.com,PAGE_LOADED_PLAYBACK_NOT_VERIFIED,4169,网页已打开 · 手机飞鼠可操作 · 线路 1/1,
Android 9 模拟器,273,视觉中国,web,webSourceM3U8/JoyPage.txt:56,webview://https://www.vcg.com,NO_PLAYBACK_OBSERVED,12909,正在加载网页直播 · 线路 1/1,
Android 9 模拟器,274,09年的B站,web,webSourceM3U8/JoyPage.txt:57,webview://https://www.bilibili.com/blackboard/bilibili2009.html,NO_PLAYBACK_OBSERVED,12931,正在加载网页直播 · 线路 1/1,
Android 9 模拟器,275,Neal.fun,web,webSourceM3U8/JoyPage.txt:58,webview://https://neal.fun,NO_PLAYBACK_OBSERVED,12899,正在加载网页直播 · 线路 1/1,
Android 9 模拟器,276,4399,web,webSourceM3U8/JoyPage.txt:59,webview://https://4399.com,NO_PLAYBACK_OBSERVED,12932,正在加载网页直播 · 线路 1/1,
Android 9 模拟器,277,宝玩,web,webSourceM3U8/JoyPage.txt:60,webview://https://poki.com/zh,NO_PLAYBACK_OBSERVED,12915,正在加载网页直播 · 线路 1/1,
Android 9 模拟器,278,疯狂游戏,web,webSourceM3U8/JoyPage.txt:61,webview://https://www.crazygames.com,NO_PLAYBACK_OBSERVED,12982,正在加载网页直播 · 线路 1/1,
Android 9 模拟器,279,B站4k免限,web,webSourceM3U8/k-web/ku9.txt:19,webview://https://www.bilibili.com/video/BV1NGZtBwELa,NO_PLAYBACK_OBSERVED,12914,正在加载网页直播 · 线路 1/1,
Android 9 模拟器,280,B站直播测试,web,webSourceM3U8/k-web/ku9.txt:20,webview://https://live.bilibili.com/24022841,NO_PLAYBACK_OBSERVED,12899,正在加载网页直播 · 线路 1/1,
Android 9 模拟器,281,CCTV1,web,webSourceM3U8/webview.txt:1,webview://https://yangshipin.cn/tv/home?pid=600001859,NATIVE_VIDEO_FRAMES,1752,直播播放中 · 线路 1/1,
Android 9 模拟器,282,CCTV2,web,webSourceM3U8/webview.txt:2,webview://https://yangshipin.cn/tv/home?pid=600001800,NATIVE_VIDEO_FRAMES,1220,直播播放中 · 线路 1/1,
Android 9 模拟器,283,CCTV3,web,webSourceM3U8/webview.txt:3,webview://https://yangshipin.cn/tv/home?pid=600001801,NATIVE_VIDEO_FRAMES,1730,直播播放中 · 线路 1/1,
Android 9 模拟器,284,CCTV4,web,webSourceM3U8/webview.txt:4,webview://https://yangshipin.cn/tv/home?pid=600001814,NATIVE_VIDEO_FRAMES,1335,直播播放中 · 线路 1/1,
Android 9 模拟器,285,CCTV5,web,webSourceM3U8/webview.txt:5,webview://https://yangshipin.cn/tv/home?pid=600001818,NATIVE_VIDEO_FRAMES,1213,直播播放中 · 线路 1/1,
Android 9 模拟器,286,CCTV6,web,webSourceM3U8/webview.txt:6,webview://https://yangshipin.cn/tv/home?pid=600108442,NATIVE_VIDEO_FRAMES,1216,直播播放中 · 线路 1/1,
Android 9 模拟器,287,CCTV7,web,webSourceM3U8/webview.txt:7,webview://https://yangshipin.cn/tv/home?pid=600004092,NATIVE_VIDEO_FRAMES,1214,直播播放中 · 线路 1/1,
Android 9 模拟器,288,CCTV8,web,webSourceM3U8/webview.txt:8,webview://https://yangshipin.cn/tv/home?pid=600001803,NATIVE_VIDEO_FRAMES,1251,直播播放中 · 线路 1/1,
Android 9 模拟器,289,CCTV9,web,webSourceM3U8/webview.txt:9,webview://https://yangshipin.cn/tv/home?pid=600004078,NATIVE_VIDEO_FRAMES,1631,直播播放中 · 线路 1/1,
Android 9 模拟器,290,CCTV10,web,webSourceM3U8/webview.txt:10,webview://https://yangshipin.cn/tv/home?pid=600001805,NATIVE_VIDEO_FRAMES,1280,直播播放中 · 线路 1/1,
Android 9 模拟器,291,CCTV11,web,webSourceM3U8/webview.txt:11,webview://https://yangshipin.cn/tv/home?pid=600001806,NATIVE_VIDEO_FRAMES,1217,直播播放中 · 线路 1/1,
Android 9 模拟器,292,CCTV12,web,webSourceM3U8/webview.txt:12,webview://https://yangshipin.cn/tv/home?pid=600001807,NATIVE_VIDEO_FRAMES,1217,直播播放中 · 线路 1/1,
Android 9 模拟器,293,CCTV13,web,webSourceM3U8/webview.txt:13,webview://https://yangshipin.cn/tv/home?pid=600001811,NATIVE_VIDEO_FRAMES,816,直播播放中 · 线路 1/1,
Android 9 模拟器,294,CCTV14,web,webSourceM3U8/webview.txt:14,webview://https://yangshipin.cn/tv/home?pid=600001809,NATIVE_VIDEO_FRAMES,1265,直播播放中 · 线路 1/1,
Android 9 模拟器,295,CCTV15,web,webSourceM3U8/webview.txt:15,webview://https://yangshipin.cn/tv/home?pid=600001815,NATIVE_VIDEO_FRAMES,1216,直播播放中 · 线路 1/1,
Android 9 模拟器,296,CCTV16,web,webSourceM3U8/webview.txt:16,webview://https://yangshipin.cn/tv/home?pid=600098637,NATIVE_VIDEO_FRAMES,1232,直播播放中 · 线路 1/1,
Android 9 模拟器,297,CCTV17,web,webSourceM3U8/webview.txt:17,webview://https://yangshipin.cn/tv/home?pid=600001810,NATIVE_VIDEO_FRAMES,1236,直播播放中 · 线路 1/1,
Android 9 模拟器,298,CCTV5+,web,webSourceM3U8/webview.txt:18,webview://https://yangshipin.cn/tv/home?pid=600001817,NATIVE_VIDEO_FRAMES,813,直播播放中 · 线路 1/1,
Android 9 模拟器,299,CCTV4K,web,webSourceM3U8/webview.txt:19,webview://https://yangshipin.cn/tv/home?pid=600002264,NATIVE_VIDEO_FRAMES,1698,直播播放中 · 线路 1/1,
Android 9 模拟器,300,CCTV8K,web,webSourceM3U8/webview.txt:20,webview://https://yangshipin.cn/tv/home?pid=600156816,NATIVE_VIDEO_FRAMES,1251,直播播放中 · 线路 1/1,
Android 9 模拟器,301,CCTV1,web,webSourceM3U8/webview.txt:21,webview://https://tv.cctv.com/live/cctv1/,NATIVE_VIDEO_FRAMES,1648,直播播放中 · 线路 1/1,
Android 9 模拟器,302,CCTV2,web,webSourceM3U8/webview.txt:22,webview://https://tv.cctv.com/live/cctv2/,NATIVE_VIDEO_FRAMES,1217,直播播放中 · 线路 1/1,
Android 9 模拟器,303,CCTV3,web,webSourceM3U8/webview.txt:23,webview://https://tv.cctv.com/live/cctv3/,NATIVE_VIDEO_FRAMES,1231,直播播放中 · 线路 1/1,
Android 9 模拟器,304,CCTV4,web,webSourceM3U8/webview.txt:24,webview://https://tv.cctv.com/live/cctv4/,NATIVE_VIDEO_FRAMES,815,直播播放中 · 线路 1/1,
Android 9 模拟器,305,CCTV5,web,webSourceM3U8/webview.txt:25,webview://https://tv.cctv.com/live/cctv5/,NATIVE_VIDEO_FRAMES,1637,直播播放中 · 线路 1/1,
Android 9 模拟器,306,CCTV6,web,webSourceM3U8/webview.txt:26,webview://https://tv.cctv.com/live/cctv6/,NATIVE_VIDEO_FRAMES,1212,直播播放中 · 线路 1/1,
Android 9 模拟器,307,CCTV7,web,webSourceM3U8/webview.txt:27,webview://https://tv.cctv.com/live/cctv7/,NATIVE_VIDEO_FRAMES,1232,直播播放中 · 线路 1/1,
Android 9 模拟器,308,CCTV8,web,webSourceM3U8/webview.txt:28,webview://https://tv.cctv.com/live/cctv8/,NATIVE_VIDEO_FRAMES,1224,直播播放中 · 线路 1/1,
Android 9 模拟器,309,CCTV9,web,webSourceM3U8/webview.txt:29,webview://https://tv.cctv.com/live/cctvjilu/,NATIVE_VIDEO_FRAMES,1227,直播播放中 · 线路 1/1,
Android 9 模拟器,310,CCTV10,web,webSourceM3U8/webview.txt:30,webview://https://tv.cctv.com/live/cctv10/,NATIVE_VIDEO_FRAMES,1217,直播播放中 · 线路 1/1,
Android 9 模拟器,311,CCTV11,web,webSourceM3U8/webview.txt:31,webview://https://tv.cctv.com/live/cctv11/,NATIVE_VIDEO_FRAMES,1227,直播播放中 · 线路 1/1,
Android 9 模拟器,312,CCTV12,web,webSourceM3U8/webview.txt:32,webview://https://tv.cctv.com/live/cctv12/,NATIVE_VIDEO_FRAMES,1217,直播播放中 · 线路 1/1,
Android 9 模拟器,313,CCTV13,web,webSourceM3U8/webview.txt:33,webview://https://tv.cctv.com/live/cctv13/,NATIVE_VIDEO_FRAMES,1216,直播播放中 · 线路 1/1,
Android 9 模拟器,314,CCTV14,web,webSourceM3U8/webview.txt:34,webview://https://tv.cctv.com/live/cctvchild/,NATIVE_VIDEO_FRAMES,1649,直播播放中 · 线路 1/1,
Android 9 模拟器,315,CCTV15,web,webSourceM3U8/webview.txt:35,webview://https://tv.cctv.com/live/cctv15/,NATIVE_VIDEO_FRAMES,1231,直播播放中 · 线路 1/1,
Android 9 模拟器,316,CCTV16,web,webSourceM3U8/webview.txt:36,webview://https://tv.cctv.com/live/cctv16/,NATIVE_VIDEO_FRAMES,2066,直播播放中 · 线路 1/1,
Android 9 模拟器,317,CCTV17,web,webSourceM3U8/webview.txt:37,webview://https://tv.cctv.com/live/cctv17/,NATIVE_VIDEO_FRAMES,1232,直播播放中 · 线路 1/1,
Android 9 模拟器,318,CCTV4(欧),web,webSourceM3U8/webview.txt:38,webview://https://tv.cctv.com/live/cctveurope/,NATIVE_VIDEO_FRAMES,1217,直播播放中 · 线路 1/1,
Android 9 模拟器,319,CCTV4(美),web,webSourceM3U8/webview.txt:39,webview://https://tv.cctv.com/live/cctvamerica/,NATIVE_VIDEO_FRAMES,1216,直播播放中 · 线路 1/1,
Android 9 模拟器,320,CCTV5+,web,webSourceM3U8/webview.txt:40,webview://https://tv.cctv.com/live/cctv5plus/,NATIVE_VIDEO_FRAMES,1632,直播播放中 · 线路 1/1,
Android 9 模拟器,321,CCTV风云剧场,web,webSourceM3U8/webview.txt:41,webview://https://yangshipin.cn/tv/home?pid=600099658,NATIVE_VIDEO_FRAMES,1219,直播播放中 · 线路 1/1,
Android 9 模拟器,322,CCTV第一剧场,web,webSourceM3U8/webview.txt:42,webview://https://yangshipin.cn/tv/home?pid=600099655,NATIVE_VIDEO_FRAMES,1229,直播播放中 · 线路 1/1,
Android 9 模拟器,323,CCTV怀旧剧场,web,webSourceM3U8/webview.txt:43,webview://https://yangshipin.cn/tv/home?pid=600099620,NATIVE_VIDEO_FRAMES,1215,直播播放中 · 线路 1/1,
Android 9 模拟器,324,CGTN英语,web,webSourceM3U8/webview.txt:44,webview://https://yangshipin.cn/tv/home?pid=600014550,NATIVE_VIDEO_FRAMES,1216,直播播放中 · 线路 1/1,
Android 9 模拟器,325,CGTN记录,web,webSourceM3U8/webview.txt:45,webview://https://yangshipin.cn/tv/home?pid=600084781,NATIVE_VIDEO_FRAMES,1633,直播播放中 · 线路 1/1,
Android 9 模拟器,326,CGTN俄语,web,webSourceM3U8/webview.txt:46,webview://https://yangshipin.cn/tv/home?pid=600084758,NATIVE_VIDEO_FRAMES,1666,直播播放中 · 线路 1/1,
Android 9 模拟器,327,CGTN法语,web,webSourceM3U8/webview.txt:47,webview://https://yangshipin.cn/tv/home?pid=600084704,NATIVE_VIDEO_FRAMES,1634,直播播放中 · 线路 1/1,
Android 9 模拟器,328,CGTN西语,web,webSourceM3U8/webview.txt:48,webview://https://yangshipin.cn/tv/home?pid=600084744,NATIVE_VIDEO_FRAMES,1418,直播播放中 · 线路 1/1,
Android 9 模拟器,329,CGTN阿语,web,webSourceM3U8/webview.txt:49,webview://https://yangshipin.cn/tv/home?pid=600084782,NATIVE_VIDEO_FRAMES,1645,直播播放中 · 线路 1/1,
Android 9 模拟器,330,北京卫视,web,webSourceM3U8/webview.txt:50,webview://https://yangshipin.cn/tv/home?pid=600002309,NATIVE_VIDEO_FRAMES,1650,直播播放中 · 线路 1/1,
Android 9 模拟器,331,江苏卫视,web,webSourceM3U8/webview.txt:51,webview://https://yangshipin.cn/tv/home?pid=600002521,NATIVE_VIDEO_FRAMES,1227,直播播放中 · 线路 1/1,
Android 9 模拟器,332,东方卫视,web,webSourceM3U8/webview.txt:52,webview://https://yangshipin.cn/tv/home?pid=600002483,NATIVE_VIDEO_FRAMES,1321,直播播放中 · 线路 1/1,
Android 9 模拟器,333,浙江卫视,web,webSourceM3U8/webview.txt:53,webview://https://yangshipin.cn/tv/home?pid=600002520,NATIVE_VIDEO_FRAMES,1684,直播播放中 · 线路 1/1,
Android 9 模拟器,334,湖南卫视,web,webSourceM3U8/webview.txt:54,webview://https://yangshipin.cn/tv/home?pid=600002475,NATIVE_VIDEO_FRAMES,1661,直播播放中 · 线路 1/1,
Android 9 模拟器,335,湖北卫视,web,webSourceM3U8/webview.txt:55,webview://https://yangshipin.cn/tv/home?pid=600002508,NATIVE_VIDEO_FRAMES,1233,直播播放中 · 线路 1/1,
Android 9 模拟器,336,广东卫视,web,webSourceM3U8/webview.txt:56,webview://https://yangshipin.cn/tv/home?pid=600002485,NATIVE_VIDEO_FRAMES,1224,直播播放中 · 线路 1/1,
Android 9 模拟器,337,广西卫视,web,webSourceM3U8/webview.txt:57,webview://https://yangshipin.cn/tv/home?pid=600002509,NATIVE_VIDEO_FRAMES,1273,直播播放中 · 线路 1/1,
Android 9 模拟器,338,黑龙江卫视,web,webSourceM3U8/webview.txt:58,webview://https://yangshipin.cn/tv/home?pid=600002498,NATIVE_VIDEO_FRAMES,1234,直播播放中 · 线路 1/1,
Android 9 模拟器,339,海南卫视,web,webSourceM3U8/webview.txt:59,webview://https://yangshipin.cn/tv/home?pid=600002506,NATIVE_VIDEO_FRAMES,1230,直播播放中 · 线路 1/1,
Android 9 模拟器,340,重庆卫视,web,webSourceM3U8/webview.txt:60,webview://https://yangshipin.cn/tv/home?pid=600002531,NATIVE_VIDEO_FRAMES,1618,直播播放中 · 线路 1/1,
Android 9 模拟器,341,深圳卫视,web,webSourceM3U8/webview.txt:61,webview://https://yangshipin.cn/tv/home?pid=600002481,NATIVE_VIDEO_FRAMES,1230,直播播放中 · 线路 1/1,
Android 9 模拟器,342,四川卫视,web,webSourceM3U8/webview.txt:62,webview://https://yangshipin.cn/tv/home?pid=600002516,NATIVE_VIDEO_FRAMES,1016,直播播放中 · 线路 1/1,
Android 9 模拟器,343,河南卫视,web,webSourceM3U8/webview.txt:63,webview://https://yangshipin.cn/tv/home?pid=600002525,NATIVE_VIDEO_FRAMES,1216,直播播放中 · 线路 1/1,
Android 9 模拟器,344,福建东南卫视,web,webSourceM3U8/webview.txt:64,webview://https://yangshipin.cn/tv/home?pid=600002484,NATIVE_VIDEO_FRAMES,1282,直播播放中 · 线路 1/1,
Android 9 模拟器,345,贵州卫视,web,webSourceM3U8/webview.txt:65,webview://https://yangshipin.cn/tv/home?pid=600002490,NATIVE_VIDEO_FRAMES,1232,直播播放中 · 线路 1/1,
Android 9 模拟器,346,江西卫视,web,webSourceM3U8/webview.txt:66,webview://https://yangshipin.cn/tv/home?pid=600002503,NATIVE_VIDEO_FRAMES,1252,直播播放中 · 线路 1/1,
Android 9 模拟器,347,辽宁卫视,web,webSourceM3U8/webview.txt:67,webview://https://yangshipin.cn/tv/home?pid=600002505,NATIVE_VIDEO_FRAMES,1230,直播播放中 · 线路 1/1,
Android 9 模拟器,348,安徽卫视,web,webSourceM3U8/webview.txt:68,webview://https://yangshipin.cn/tv/home?pid=600002532,NATIVE_VIDEO_FRAMES,1232,直播播放中 · 线路 1/1,
Android 9 模拟器,349,河北卫视,web,webSourceM3U8/webview.txt:69,webview://https://yangshipin.cn/tv/home?pid=600002493,NATIVE_VIDEO_FRAMES,1217,直播播放中 · 线路 1/1,
Android 9 模拟器,350,山东卫视,web,webSourceM3U8/webview.txt:70,webview://https://yangshipin.cn/tv/home?pid=600002513,NATIVE_VIDEO_FRAMES,1232,直播播放中 · 线路 1/1,
Android 9 模拟器,351,天津卫视,web,webSourceM3U8/webview.txt:71,webview://https://yangshipin.cn/tv/home?pid=600152137,NATIVE_VIDEO_FRAMES,833,直播播放中 · 线路 1/1,
Android 9 模拟器,352,吉林卫视,web,webSourceM3U8/webview.txt:72,webview://https://yangshipin.cn/tv/home?pid=600190405,NATIVE_VIDEO_FRAMES,1215,直播播放中 · 线路 1/1,
Android 9 模拟器,353,陕西卫视,web,webSourceM3U8/webview.txt:73,webview://https://yangshipin.cn/tv/home?pid=600190400,NATIVE_VIDEO_FRAMES,1632,直播播放中 · 线路 1/1,
Android 9 模拟器,354,甘肃卫视,web,webSourceM3U8/webview.txt:74,webview://https://yangshipin.cn/tv/home?pid=600190408,NATIVE_VIDEO_FRAMES,1799,直播播放中 · 线路 1/1,
Android 9 模拟器,355,宁夏卫视,web,webSourceM3U8/webview.txt:75,webview://https://yangshipin.cn/tv/home?pid=600190737,NATIVE_VIDEO_FRAMES,1232,直播播放中 · 线路 1/1,
Android 9 模拟器,356,内蒙古卫视,web,webSourceM3U8/webview.txt:76,webview://https://yangshipin.cn/tv/home?pid=600190401,NATIVE_VIDEO_FRAMES,1717,直播播放中 · 线路 1/1,
Android 9 模拟器,357,云南卫视,web,webSourceM3U8/webview.txt:77,webview://https://yangshipin.cn/tv/home?pid=600190402,NATIVE_VIDEO_FRAMES,1221,直播播放中 · 线路 1/1,
Android 9 模拟器,358,山西卫视,web,webSourceM3U8/webview.txt:78,webview://https://yangshipin.cn/tv/home?pid=600190407,NATIVE_VIDEO_FRAMES,1227,直播播放中 · 线路 1/1,
Android 9 模拟器,359,青海卫视,web,webSourceM3U8/webview.txt:79,webview://https://yangshipin.cn/tv/home?pid=600190406,NATIVE_VIDEO_FRAMES,1634,直播播放中 · 线路 1/1,
Android 9 模拟器,360,西藏卫视,web,webSourceM3U8/webview.txt:80,webview://https://yangshipin.cn/tv/home?pid=600190403,NATIVE_VIDEO_FRAMES,1234,直播播放中 · 线路 1/1,
Android 9 模拟器,361,新疆卫视,web,webSourceM3U8/webview.txt:81,webview://https://www.yangshipin.cn/tv/home?pid=600152138,NATIVE_VIDEO_FRAMES,839,直播播放中 · 线路 1/1,
Android 9 模拟器,362,亳州综合,web,webSourceM3U8/webview.txt:82,webview://https://www.ahbztv.com/televisi0n.html,NATIVE_VIDEO_FRAMES,8510,直播播放中 · 线路 1/1,
Android 9 模拟器,363,芜湖新闻综合,web,webSourceM3U8/webview.txt:83,webview://http://www.wuhubtv.com/folder1194/#,NATIVE_VIDEO_FRAMES,2970,直播播放中 · 线路 1/1,
Android 9 模拟器,364,合肥新闻,web,webSourceM3U8/webview.txt:84,webview://https://app.hfbtc.cn/shows/2/1.html,NO_PLAYBACK_OBSERVED,12165,网页已打开 · 手机飞鼠可操作 · 线路 1/1,
Android 9 模拟器,365,合肥生活,web,webSourceM3U8/webview.txt:85,webview://https://app.hfbtc.cn/shows/2/2.html,NO_PLAYBACK_OBSERVED,12115,网页已打开 · 手机飞鼠可操作 · 线路 1/1,
Android 9 模拟器,366,合肥科创,web,webSourceM3U8/webview.txt:86,webview://https://app.hfbtc.cn/shows/2/3.html,NO_PLAYBACK_OBSERVED,12124,网页已打开 · 手机飞鼠可操作 · 线路 1/1,
Android 9 模拟器,367,合肥教育法治,web,webSourceM3U8/webview.txt:87,webview://https://app.hfbtc.cn/shows/2/4.html,NO_PLAYBACK_OBSERVED,12130,网页已打开 · 手机飞鼠可操作 · 线路 1/1,
Android 9 模拟器,368,铜陵新闻综合,web,webSourceM3U8/webview.txt:88,webview://http://wxfx.tlbts.com/mag/livevideo/v1/video/wapVideoView?id=56,NATIVE_VIDEO_FRAMES,1252,直播播放中 · 线路 1/1,
Android 9 模拟器,369,阜阳新闻综合,web,webSourceM3U8/webview.txt:89,webview://https://web.guangdianyun.tv/tv/2851?uin=2577,NATIVE_VIDEO_FRAMES,4999,直播播放中 · 线路 1/1,
Android 9 模拟器,370,阜阳生活,web,webSourceM3U8/webview.txt:90,webview://https://web.guangdianyun.tv/tv/2853?uin=2577,NATIVE_VIDEO_FRAMES,3300,直播播放中 · 线路 1/1,
Android 9 模拟器,371,泉州新闻综合,web,webSourceM3U8/webview.txt:93,webview://https://www.qztv.cn/index/Medias/index/media_id/wq95wqbDnMKyd8KiwqzChnt0w5nChcKowoHCoQ/stream_name/news.html,NATIVE_VIDEO_FRAMES,2133,直播播放中 · 线路 1/1,
Android 9 模拟器,372,泉州闽南语,web,webSourceM3U8/webview.txt:94,webview://https://www.qztv.cn/index/Medias/index/media_id/wq95wqbDnMKyd8KiwqzChnt0w5nChcKofcKh/stream_name/mny.html,NATIVE_VIDEO_FRAMES,828,直播播放中 · 线路 1/1,
Android 9 模拟器,373,晋江电视台,web,webSourceM3U8/webview.txt:95,webview://http://www.jinjiang.tv/live/,NO_PLAYBACK_OBSERVED,12161,网页已打开 · 手机飞鼠可操作 · 线路 1/1,
Android 9 模拟器,374,兰州新闻综合,web,webSourceM3U8/webview.txt:96,webview://https://www.lzr.com.cn/folder25/folder26/,NATIVE_VIDEO_FRAMES,5292,直播播放中 · 线路 1/1,
Android 9 模拟器,375,兰州新闻综合,web,webSourceM3U8/webview.txt:97,webview://https://lanzhoubcnew.zainanjing365.com/share/live/detailTv?resourceId=12&appscheme=gdmm-ailanzhou,NATIVE_VIDEO_FRAMES,1281,直播播放中 · 线路 1/1,
Android 9 模拟器,376,兰州文旅,web,webSourceM3U8/webview.txt:98,webview://https://www.lzr.com.cn/folder25/folder26/folder30/,NATIVE_VIDEO_FRAMES,2749,直播播放中 · 线路 1/1,
Android 9 模拟器,377,兰州文旅,web,webSourceM3U8/webview.txt:99,webview://https://lanzhoubcnew.zainanjing365.com/share/live/detailTv?resourceId=14&appscheme=gdmm-ailanzhou,NATIVE_VIDEO_FRAMES,849,直播播放中 · 线路 1/1,
Android 9 模拟器,378,广东卫视,web,webSourceM3U8/webview.txt:102,webview://https://www.gdtv.cn/tvChannelDetail/43,NATIVE_VIDEO_FRAMES,3614,直播播放中 · 线路 1/1,
Android 9 模拟器,379,广东珠江,web,webSourceM3U8/webview.txt:103,webview://https://www.gdtv.cn/tvChannelDetail/44,NATIVE_VIDEO_FRAMES,2500,直播播放中 · 线路 1/1,
Android 9 模拟器,380,广东新闻,web,webSourceM3U8/webview.txt:104,webview://https://www.gdtv.cn/tvChannelDetail/45,NATIVE_VIDEO_FRAMES,2514,直播播放中 · 线路 1/1,
Android 9 模拟器,381,广东民生,web,webSourceM3U8/webview.txt:105,webview://https://www.gdtv.cn/tvChannelDetail/48,NATIVE_VIDEO_FRAMES,2433,直播播放中 · 线路 1/1,
Android 9 模拟器,382,广东体育,web,webSourceM3U8/webview.txt:106,webview://https://www.gdtv.cn/tvChannelDetail/47,NATIVE_VIDEO_FRAMES,2464,直播播放中 · 线路 1/1,
Android 9 模拟器,383,大湾区卫视,web,webSourceM3U8/webview.txt:107,webview://https://www.gdtv.cn/tvChannelDetail/51,NATIVE_VIDEO_FRAMES,3112,直播播放中 · 线路 1/1,
Android 9 模拟器,384,大湾区卫视（海外版）,web,webSourceM3U8/webview.txt:108,webview://https://www.gdtv.cn/tvChannelDetail/46,NATIVE_VIDEO_FRAMES,2475,直播播放中 · 线路 1/1,
Android 9 模拟器,385,广东影视,web,webSourceM3U8/webview.txt:109,webview://https://www.gdtv.cn/tvChannelDetail/53,NATIVE_VIDEO_FRAMES,2475,直播播放中 · 线路 1/1,
Android 9 模拟器,386,4K超高清,web,webSourceM3U8/webview.txt:110,webview://https://www.gdtv.cn/tvChannelDetail/16,NATIVE_VIDEO_FRAMES,2465,直播播放中 · 线路 1/1,
Android 9 模拟器,387,广东少儿,web,webSourceM3U8/webview.txt:111,webview://https://www.gdtv.cn/tvChannelDetail/54,NATIVE_VIDEO_FRAMES,2482,直播播放中 · 线路 1/1,
Android 9 模拟器,388,嘉佳卡通,web,webSourceM3U8/webview.txt:112,webview://https://www.gdtv.cn/tvChannelDetail/66,NATIVE_VIDEO_FRAMES,2449,直播播放中 · 线路 1/1,
Android 9 模拟器,389,南方购物,web,webSourceM3U8/webview.txt:113,webview://https://www.gdtv.cn/tvChannelDetail/42,NATIVE_VIDEO_FRAMES,2849,直播播放中 · 线路 1/1,
Android 9 模拟器,390,岭南戏曲,web,webSourceM3U8/webview.txt:114,webview://https://www.gdtv.cn/tvChannelDetail/15,NATIVE_VIDEO_FRAMES,2048,直播播放中 · 线路 1/1,
Android 9 模拟器,391,广东移动,web,webSourceM3U8/webview.txt:115,webview://https://www.gdtv.cn/tvChannelDetail/74,NATIVE_VIDEO_FRAMES,2082,直播播放中 · 线路 1/1,
Android 9 模拟器,392,荔枝台,web,webSourceM3U8/webview.txt:116,webview://https://www.gdtv.cn/tvChannelDetail/100,NATIVE_VIDEO_FRAMES,2534,直播播放中 · 线路 1/1,
Android 9 模拟器,393,纪录片,web,webSourceM3U8/webview.txt:117,webview://https://www.gdtv.cn/tvChannelDetail/94,NATIVE_VIDEO_FRAMES,1665,直播播放中 · 线路 1/1,
Android 9 模拟器,394,GRTN生活频道,web,webSourceM3U8/webview.txt:118,webview://https://www.gdtv.cn/tvChannelDetail/102,NATIVE_VIDEO_FRAMES,2463,直播播放中 · 线路 1/1,
Android 9 模拟器,395,深圳卫视,web,webSourceM3U8/webview.txt:119,webview://https://www.sztv.com.cn/dianshi.shtml?id=7867,NATIVE_VIDEO_FRAMES,7030,直播播放中 · 线路 1/1,
Android 9 模拟器,396,深圳都市,web,webSourceM3U8/webview.txt:120,webview://https://www.sztv.com.cn/dianshi.shtml?id=7868,NATIVE_VIDEO_FRAMES,2115,直播播放中 · 线路 1/1,
Android 9 模拟器,397,深圳电视剧,web,webSourceM3U8/webview.txt:121,webview://https://www.sztv.com.cn/dianshi.shtml?id=7880,NATIVE_VIDEO_FRAMES,2951,直播播放中 · 线路 1/1,
Android 9 模拟器,398,深圳财经,web,webSourceM3U8/webview.txt:122,webview://https://www.sztv.com.cn/dianshi.shtml?id=7871,NATIVE_VIDEO_FRAMES,2915,直播播放中 · 线路 1/1,
Android 9 模拟器,399,深圳少儿,web,webSourceM3U8/webview.txt:123,webview://https://www.sztv.com.cn/dianshi.shtml?id=7881,NATIVE_VIDEO_FRAMES,1699,直播播放中 · 线路 1/1,
Android 9 模拟器,400,深圳移动,web,webSourceM3U8/webview.txt:124,webview://https://www.sztv.com.cn/dianshi.shtml?id=7869,NATIVE_VIDEO_FRAMES,2499,直播播放中 · 线路 1/1,
Android 9 模拟器,401,深圳宜和购物,web,webSourceM3U8/webview.txt:125,webview://https://www.sztv.com.cn/dianshi.shtml?id=7878,NATIVE_VIDEO_FRAMES,3831,直播播放中 · 线路 1/1,
Android 9 模拟器,402,深圳国际,web,webSourceM3U8/webview.txt:126,webview://https://www.sztv.com.cn/dianshi.shtml?id=7944,NATIVE_VIDEO_FRAMES,2100,直播播放中 · 线路 1/1,
Android 9 模拟器,403,东莞生活咨询,web,webSourceM3U8/webview.txt:132,webview://https://dgrtv.sun0769.com/online/280.html,NO_PLAYBACK_OBSERVED,12165,正在连接视频 · 线路 1/1,
Android 9 模拟器,404,东莞新闻综合,web,webSourceM3U8/webview.txt:133,webview://https://dgrtv.sun0769.com/online/279.html,NATIVE_VIDEO_FRAMES,849,直播播放中 · 线路 1/1,
Android 9 模拟器,405,江门综合,web,webSourceM3U8/webview.txt:134,webview://http://www.jmtv.cn/live/jm_live_h5.shtml?pid=1,NATIVE_VIDEO_FRAMES,2149,直播播放中 · 线路 1/1,
Android 9 模拟器,406,河源综合,web,webSourceM3U8/webview.txt:135,webview://https://www.hyrtv.cn/itv/zhds/,NATIVE_VIDEO_FRAMES,3431,直播播放中 · 线路 1/1,
Android 9 模拟器,407,河源生活,web,webSourceM3U8/webview.txt:136,webview://https://www.hyrtv.cn/itv/ggds/,NATIVE_VIDEO_FRAMES,2183,直播播放中 · 线路 1/1,
Android 9 模拟器,408,清远新闻综合,web,webSourceM3U8/webview.txt:137,webview://https://h5.qyrb.cn/h5/nfzmy-television-and-radio/#/?channelId=1,NATIVE_VIDEO_FRAMES,3800,直播播放中 · 线路 1/1,
Android 9 模拟器,409,清远文旅生活,web,webSourceM3U8/webview.txt:138,webview://https://h5.qyrb.cn/h5/nfzmy-television-and-radio/#/?channelId=3,NATIVE_VIDEO_FRAMES,828,直播播放中 · 线路 1/1,
Android 9 模拟器,410,韶关,web,webSourceM3U8/webview.txt:139,webview://https://www.sgmsw.cn/v/tv?spm=0.0.0.0.nRYAvk&id=SB05RIYZOU8JR418AUQOF62CAJQ08D0E,NATIVE_VIDEO_FRAMES,3519,直播播放中 · 线路 1/1,
Android 9 模拟器,411,肇庆综合,web,webSourceM3U8/webview.txt:140,webview://https://zqh5.xjrb.com/h5/nfzmy-television-and-radio/#/?channelId=33,NATIVE_VIDEO_FRAMES,2566,直播播放中 · 线路 1/1,
Android 9 模拟器,412,清远新闻综合,web,webSourceM3U8/webview.txt:143,webview://https://www.qyrb.cn/tv/rM834x3d5a.html,NATIVE_VIDEO_FRAMES,2615,直播播放中 · 线路 1/1,
Android 9 模拟器,413,韶关新闻综合,web,webSourceM3U8/webview.txt:144,webview://https://www.sgmsw.cn/v/tv?spm=0.0.0.0.HGiuAr&id=SB05RIYZOU8JR418AUQOF62CAJQ08D0E,NATIVE_VIDEO_FRAMES,1233,直播播放中 · 线路 1/1,
Android 9 模拟器,414,来宾,web,webSourceM3U8/webview.txt:145,webview://https://share-laibin.gxlbcloud.com/fhshare/#/live_detail?contentType=4&id=9,NATIVE_VIDEO_FRAMES,3397,直播播放中 · 线路 1/1,
Android 9 模拟器,415,北海新闻综合,web,webSourceM3U8/webview.txt:146,webview://https://res.gxbhxww.cn/html/rft/live.html?channelId=389d764cf13244de97a30bc44161d235&type=1&siteId=c510269b15014be4aaf5aa6d2b92c629&shareAppId=c510269b15014be4aaf5aa6d2b92c629,NATIVE_VIDEO_FRAMES,2974,直播播放中 · 线路 1/1,
Android 9 模拟器,416,北海经济科教,web,webSourceM3U8/webview.txt:147,webview://https://res.gxbhxww.cn/html/rft/live.html?channelId=51733cd2fd0548d288c3015ec3d0535b&type=1&siteId=c510269b15014be4aaf5aa6d2b92c629&shareAppId=c510269b15014be4aaf5aa6d2b92c629,NATIVE_VIDEO_FRAMES,2109,直播播放中 · 线路 1/1,
Android 9 模拟器,417,贵州卫视,web,webSourceM3U8/webview.txt:148,webview://https://www.gzstv.com/tv/ch01,NATIVE_VIDEO_FRAMES,1314,直播播放中 · 线路 1/1,
Android 9 模拟器,418,贵州公共,web,webSourceM3U8/webview.txt:149,webview://https://www.gzstv.com/tv/ch02,NATIVE_VIDEO_FRAMES,834,直播播放中 · 线路 1/1,
Android 9 模拟器,419,贵州影视文艺,web,webSourceM3U8/webview.txt:150,webview://https://www.gzstv.com/tv/ch03,NATIVE_VIDEO_FRAMES,829,直播播放中 · 线路 1/1,
Android 9 模拟器,420,贵州大众生活,web,webSourceM3U8/webview.txt:151,webview://https://www.gzstv.com/tv/ch04,NATIVE_VIDEO_FRAMES,832,直播播放中 · 线路 1/1,
Android 9 模拟器,421,贵州生态乡村,web,webSourceM3U8/webview.txt:152,webview://https://www.gzstv.com/tv/ch05,NATIVE_VIDEO_FRAMES,870,直播播放中 · 线路 1/1,
Android 9 模拟器,422,贵州科教健康,web,webSourceM3U8/webview.txt:153,webview://https://www.gzstv.com/tv/ch06,NATIVE_VIDEO_FRAMES,849,直播播放中 · 线路 1/1,
Android 9 模拟器,423,贵州移动,web,webSourceM3U8/webview.txt:154,webview://https://www.gzstv.com/tv/ch13,NATIVE_VIDEO_FRAMES,827,直播播放中 · 线路 1/1,
Android 9 模拟器,424,肇庆综合,web,webSourceM3U8/webview.txt:155,webview://https://zqh5.xjrb.com/h5/nfzmy-television-and-radio/#/?channelId=34,NATIVE_VIDEO_FRAMES,1238,直播播放中 · 线路 1/1,
Android 9 模拟器,425,黔南新闻综合,web,webSourceM3U8/webview.txt:156,webview://http://m.qntv.net/cms-tv,NATIVE_VIDEO_FRAMES,2301,直播播放中 · 线路 1/1,
Android 9 模拟器,426,安顺新闻综合,web,webSourceM3U8/webview.txt:157,webview://https://www.gzastv.cn/live/live.shtml,NATIVE_VIDEO_FRAMES,2932,直播播放中 · 线路 1/1,
Android 9 模拟器,427,海南卫视,web,webSourceM3U8/webview.txt:158,webview://http://tc.hnntv.cn/,NATIVE_VIDEO_FRAMES,5598,直播播放中 · 线路 1/1,
Android 9 模拟器,428,三沙卫视,web,webSourceM3U8/webview.txt:159,webview://https://www.hnntv.cn/live.html?playType=livePlay&channelId=5&referPage=home,NATIVE_VIDEO_FRAMES,2587,直播播放中 · 线路 1/1,
Android 9 模拟器,429,海南新闻,web,webSourceM3U8/webview.txt:160,webview://https://www.hnntv.cn/live.html?playType=livePlay&channelId=3&referPage=home,NATIVE_VIDEO_FRAMES,1231,直播播放中 · 线路 1/1,
Android 9 模拟器,430,海南社会与法,web,webSourceM3U8/webview.txt:161,webview://https://www.hnntv.cn/live.html?playType=livePlay&channelId=4&referPage=home,NO_PLAYBACK_OBSERVED,12118,网页已打开 · 手机飞鼠可操作 · 线路 1/1,
Android 9 模拟器,431,海南文旅,web,webSourceM3U8/webview.txt:162,webview://https://www.hnntv.cn/live.html?playType=livePlay&channelId=6&referPage=home,NATIVE_VIDEO_FRAMES,1221,直播播放中 · 线路 1/1,
Android 9 模拟器,432,海南少儿,web,webSourceM3U8/webview.txt:163,webview://https://www.hnntv.cn/live.html?playType=livePlay&channelId=7&referPage=home,NATIVE_VIDEO_FRAMES,841,直播播放中 · 线路 1/1,
Android 9 模拟器,433,海南自贸,web,webSourceM3U8/webview.txt:164,webview://https://www.hnntv.cn/live.html?playType=livePlay&channelId=1&referPage=home,NATIVE_VIDEO_FRAMES,1690,直播播放中 · 线路 1/1,
Android 9 模拟器,434,河北卫视,web,webSourceM3U8/webview.txt:165,webview://https://www.hebtv.com/19/19js/st/xdszb/index.shtml?index=0,NATIVE_VIDEO_FRAMES,2075,直播播放中 · 线路 1/1,
Android 9 模拟器,435,河北经济生活,web,webSourceM3U8/webview.txt:166,webview://https://www.hebtv.com/19/19js/st/xdszb/index.shtml?index=1,NATIVE_VIDEO_FRAMES,1281,直播播放中 · 线路 1/1,
Android 9 模拟器,436,河北都市,web,webSourceM3U8/webview.txt:167,webview://https://www.hebtv.com/19/19js/st/xdszb/index.shtml?index=2,NATIVE_VIDEO_FRAMES,833,直播播放中 · 线路 1/1,
Android 9 模拟器,437,河北文旅体育,web,webSourceM3U8/webview.txt:168,webview://https://www.hebtv.com/19/19js/st/xdszb/index.shtml?index=3,NATIVE_VIDEO_FRAMES,839,直播播放中 · 线路 1/1,
Android 9 模拟器,438,河北少儿科教,web,webSourceM3U8/webview.txt:169,webview://https://www.hebtv.com/19/19js/st/xdszb/index.shtml?index=4,NATIVE_VIDEO_FRAMES,825,直播播放中 · 线路 1/1,
Android 9 模拟器,439,河北三农,web,webSourceM3U8/webview.txt:170,webview://https://www.hebtv.com/19/19js/st/xdszb/index.shtml?index=5,NATIVE_VIDEO_FRAMES,1249,直播播放中 · 线路 1/1,
Android 9 模拟器,440,河北三佳购物,web,webSourceM3U8/webview.txt:171,webview://https://www.hebtv.com/19/19js/st/xdszb/index.shtml?index=6,NATIVE_VIDEO_FRAMES,852,直播播放中 · 线路 1/1,
Android 9 模拟器,441,河南卫视,web,webSourceM3U8/webview.txt:172,webview://https://static.hntv.tv/kds/#/,NATIVE_VIDEO_FRAMES,1784,直播播放中 · 线路 1/1,
Android 9 模拟器,442,河南卫视,web,webSourceM3U8/webview.txt:173,webview://https://www.hndyjyfw.gov.cn/livePlay.html?u=1,NATIVE_VIDEO_FRAMES,1109,直播播放中 · 线路 1/1,
Android 9 模拟器,443,河南新闻,web,webSourceM3U8/webview.txt:174,webview://https://static.hntv.tv/total/television/?id=149&u-link=1,NO_PLAYBACK_OBSERVED,12117,网页已打开 · 手机飞鼠可操作 · 线路 1/1,
Android 9 模拟器,444,河南都市,web,webSourceM3U8/webview.txt:175,webview://https://www.hndyjyfw.gov.cn/livePlay.html?u=2,NATIVE_VIDEO_FRAMES,840,直播播放中 · 线路 1/1,
Android 9 模拟器,445,河南都市,web,webSourceM3U8/webview.txt:176,webview://https://www.hntv2.net/index.html#/pages/tv/index,NO_PLAYBACK_OBSERVED,12175,网页已打开 · 手机飞鼠可操作 · 线路 1/1,
Android 9 模拟器,446,河南民生,web,webSourceM3U8/webview.txt:177,webview://https://www.hndyjyfw.gov.cn/livePlay.html?u=3,NATIVE_VIDEO_FRAMES,825,直播播放中 · 线路 1/1,
Android 9 模拟器,447,河南梨园,web,webSourceM3U8/webview.txt:178,webview://https://www.hndyjyfw.gov.cn/livePlay.html?u=4,NATIVE_VIDEO_FRAMES,838,直播播放中 · 线路 1/1,
Android 9 模拟器,448,河南法治,web,webSourceM3U8/webview.txt:179,webview://https://static.hntv.tv/total/television/?id=147&u-link=1,NO_PLAYBACK_OBSERVED,12136,网页已打开 · 手机飞鼠可操作 · 线路 1/1,
Android 9 模拟器,449,河南公共,web,webSourceM3U8/webview.txt:180,webview://https://static.hntv.tv/total/television/?id=151&u-link=1,NO_PLAYBACK_OBSERVED,12111,网页已打开 · 手机飞鼠可操作 · 线路 1/1,
Android 9 模拟器,450,河南乡村,web,webSourceM3U8/webview.txt:181,webview://https://static.hntv.tv/total/television/?id=152&u-link=1,NO_PLAYBACK_OBSERVED,12115,网页已打开 · 手机飞鼠可操作 · 线路 1/1,
Android 9 模拟器,451,河南乡村,web,webSourceM3U8/webview.txt:182,webview://https://www.hndyjyfw.gov.cn/livePlay.html?u=5,NATIVE_VIDEO_FRAMES,822,直播播放中 · 线路 1/1,
Android 9 模拟器,452,河南电视剧,web,webSourceM3U8/webview.txt:183,webview://https://static.hntv.tv/total/television/?id=148&u-link=1,NO_PLAYBACK_OBSERVED,12126,网页已打开 · 手机飞鼠可操作 · 线路 1/1,
Android 9 模拟器,453,河南文物宝库,web,webSourceM3U8/webview.txt:184,webview://https://static.hntv.tv/total/television/?id=155&u-link=1,NO_PLAYBACK_OBSERVED,12115,网页已打开 · 手机飞鼠可操作 · 线路 1/1,
Android 9 模拟器,454,河南武术世界,web,webSourceM3U8/webview.txt:185,webview://https://static.hntv.tv/total/television/?id=156&u-link=1,NO_PLAYBACK_OBSERVED,12116,网页已打开 · 手机飞鼠可操作 · 线路 1/1,
Android 9 模拟器,455,河南武术世界,web,webSourceM3U8/webview.txt:186,webview://https://www.hndyjyfw.gov.cn/livePlay.html?u=6,NATIVE_VIDEO_FRAMES,819,直播播放中 · 线路 1/1,
Android 9 模拟器,456,河南曲艺,web,webSourceM3U8/webview.txt:187,webview://https://static.hntv.tv/total/television/?id=157&u-link=1,NO_PLAYBACK_OBSERVED,12110,网页已打开 · 手机飞鼠可操作 · 线路 1/1,
Android 9 模拟器,457,河南国学,web,webSourceM3U8/webview.txt:188,webview://https://static.hntv.tv/total/television/?id=194&u-link=1,NO_PLAYBACK_OBSERVED,12116,网页已打开 · 手机飞鼠可操作 · 线路 1/1,
Android 9 模拟器,458,河南远程党员教育,web,webSourceM3U8/webview.txt:189,webview://https://www.hndyjyfw.gov.cn/livePlay.html?u=0,NATIVE_VIDEO_FRAMES,815,直播播放中 · 线路 1/1,
Android 9 模拟器,459,郑州综合,web,webSourceM3U8/webview.txt:190,webview://https://static.hntv.tv/total/television/?id=197&u-link=1,NO_PLAYBACK_OBSERVED,12136,网页已打开 · 手机飞鼠可操作 · 线路 1/1,
Android 9 模拟器,460,开封新闻综合,web,webSourceM3U8/webview.txt:191,webview://https://static.hntv.tv/total/television/?id=198&u-link=1,NO_PLAYBACK_OBSERVED,12112,网页已打开 · 手机飞鼠可操作 · 线路 1/1,
Android 9 模拟器,461,洛阳综合,web,webSourceM3U8/webview.txt:193,webview://https://static.hntv.tv/total/television/?id=204&u-link=1,NO_PLAYBACK_OBSERVED,12116,网页已打开 · 手机飞鼠可操作 · 线路 1/1,
Android 9 模拟器,462,平顶山综合,web,webSourceM3U8/webview.txt:196,webview://https://static.hntv.tv/total/television/?id=205&u-link=1,NO_PLAYBACK_OBSERVED,12120,网页已打开 · 手机飞鼠可操作 · 线路 1/1,
Android 9 模拟器,463,安阳新闻综合,web,webSourceM3U8/webview.txt:197,webview://https://static.hntv.tv/total/television/?id=206&u-link=1,NO_PLAYBACK_OBSERVED,12113,网页已打开 · 手机飞鼠可操作 · 线路 1/1,
Android 9 模拟器,464,安阳新闻综合,web,webSourceM3U8/webview.txt:198,webview://https://share.aynews.net.cn/share/page/tvLive/?tvid=1&tvType=1&webTenId=1&origin=1,NATIVE_VIDEO_FRAMES,1631,直播播放中 · 线路 1/1,
Android 9 模拟器,465,安阳文旅,web,webSourceM3U8/webview.txt:199,webview://https://share.aynews.net.cn/share/page/tvLive/?tvid=3&tvType=1&webTenId=1&origin=1,NATIVE_VIDEO_FRAMES,829,直播播放中 · 线路 1/1,
Android 9 模拟器,466,鹤壁综合,web,webSourceM3U8/webview.txt:200,webview://https://static.hntv.tv/total/television/?id=207&u-link=1,NO_PLAYBACK_OBSERVED,12135,网页已打开 · 手机飞鼠可操作 · 线路 1/1,
Android 9 模拟器,467,新乡综合,web,webSourceM3U8/webview.txt:201,webview://https://static.hntv.tv/total/television/?id=208&u-link=1,NO_PLAYBACK_OBSERVED,12115,网页已打开 · 手机飞鼠可操作 · 线路 1/1,
Android 9 模拟器,468,焦作综合,web,webSourceM3U8/webview.txt:202,webview://https://static.hntv.tv/total/television/?id=209&u-link=1,NO_PLAYBACK_OBSERVED,12116,网页已打开 · 手机飞鼠可操作 · 线路 1/1,
Android 9 模拟器,469,焦作综合,web,webSourceM3U8/webview.txt:203,webview://http://www.jzrt.com/list-zhpd.html,NATIVE_VIDEO_FRAMES,1266,直播播放中 · 线路 1/1,
Android 9 模拟器,470,焦作综合,web,webSourceM3U8/webview.txt:204,webview://https://jiaozuo.dxhmt.cn/api/page/goLivePage?liveId=a15a6b9e3e1f435584f903641e85a975,NATIVE_VIDEO_FRAMES,832,直播播放中 · 线路 1/1,
Android 9 模拟器,471,焦作文旅,web,webSourceM3U8/webview.txt:205,webview://http://www.jzrt.com/list-ggpd.html,NATIVE_VIDEO_FRAMES,1684,直播播放中 · 线路 1/1,
Android 9 模拟器,472,焦作文旅,web,webSourceM3U8/webview.txt:206,webview://https://jiaozuo.dxhmt.cn/api/page/goLivePage?liveId=6a8a51398cf44ad28bb7808afdc94f4d,NATIVE_VIDEO_FRAMES,425,直播播放中 · 线路 1/1,
Android 9 模拟器,473,濮阳综合,web,webSourceM3U8/webview.txt:207,webview://https://static.hntv.tv/total/television/?id=219&u-link=1,NO_PLAYBACK_OBSERVED,12137,网页已打开 · 手机飞鼠可操作 · 线路 1/1,
Android 9 模拟器,474,许昌综合,web,webSourceM3U8/webview.txt:208,webview://https://static.hntv.tv/total/television/?id=220&u-link=1,NO_PLAYBACK_OBSERVED,12115,网页已打开 · 手机飞鼠可操作 · 线路 1/1,
Android 9 模拟器,475,许昌综合,web,webSourceM3U8/webview.txt:209,webview://http://xctv.cn/2359,NATIVE_VIDEO_FRAMES,1634,直播播放中 · 线路 1/1,
Android 9 模拟器,476,许昌农业科教,web,webSourceM3U8/webview.txt:210,webview://http://xctv.cn/3918,NATIVE_VIDEO_FRAMES,1232,直播播放中 · 线路 1/1,
Android 9 模拟器,477,漯河综合,web,webSourceM3U8/webview.txt:211,webview://https://static.hntv.tv/total/television/?id=221&u-link=1,NO_PLAYBACK_OBSERVED,12121,网页已打开 · 手机飞鼠可操作 · 线路 1/1,
Android 9 模拟器,478,三门峡综合,web,webSourceM3U8/webview.txt:212,webview://https://static.hntv.tv/total/television/?id=222&u-link=1,NO_PLAYBACK_OBSERVED,12107,网页已打开 · 手机飞鼠可操作 · 线路 1/1,
Android 9 模拟器,479,南阳综合,web,webSourceM3U8/webview.txt:213,webview://https://static.hntv.tv/total/television/?id=223&u-link=1,NO_PLAYBACK_OBSERVED,12116,网页已打开 · 手机飞鼠可操作 · 线路 1/1,
Android 9 模拟器,480,商丘综合,web,webSourceM3U8/webview.txt:214,webview://https://static.hntv.tv/total/television/?id=224&u-link=1,NO_PLAYBACK_OBSERVED,12116,网页已打开 · 手机飞鼠可操作 · 线路 1/1,
Android 9 模拟器,481,信阳综合,web,webSourceM3U8/webview.txt:215,webview://https://static.hntv.tv/total/television/?id=225&u-link=1,NO_PLAYBACK_OBSERVED,12115,网页已打开 · 手机飞鼠可操作 · 线路 1/1,
Android 9 模拟器,482,信阳综合,web,webSourceM3U8/webview.txt:216,webview://https://wap.xytv.cn/share/page/tvLive/?tvid=1&webProId=1&tvType=1&webTenId=1&invCode=&userName=&origin=1&webSoleId=4f6012673a674a07ba7380a6bfd99ee9,NATIVE_VIDEO_FRAMES,1633,直播播放中 · 线路 1/1,
Android 9 模拟器,483,信阳文旅,web,webSourceM3U8/webview.txt:217,webview://https://wap.xytv.cn/share/page/tvLive?tvid=3&webProId=1&tvType=1&webTenId=1&invCode=&userName=&origin=1&webSoleId=39afabf7e90b4e708f7583ec223ea541,NATIVE_VIDEO_FRAMES,1296,直播播放中 · 线路 1/1,
Android 9 模拟器,484,信阳综合,web,webSourceM3U8/webview.txt:218,webview://https://www.xytv.cn/h5/pages/tv/detail?id=137,NATIVE_VIDEO_FRAMES,1255,直播播放中 · 线路 1/1,
Android 9 模拟器,485,信阳文旅,web,webSourceM3U8/webview.txt:219,webview://https://www.xytv.cn/h5/pages/tv/detail?id=138,NATIVE_VIDEO_FRAMES,828,直播播放中 · 线路 1/1,
Android 9 模拟器,486,周口综合,web,webSourceM3U8/webview.txt:220,webview://http://wxyszk.yszkapp.cn/share/views/share/index_share.html?contentType=tvlive&channelId=1&mmsurl=http://mms.yszkapp.cn:18080/mms4.6.3&token=pmqhukcpyipvqmoz,NATIVE_VIDEO_FRAMES,1262,直播播放中 · 线路 1/1,
Android 9 模拟器,487,周口公共,web,webSourceM3U8/webview.txt:221,webview://http://wxyszk.yszkapp.cn/share/views/share/index_share.html?contentType=tvlive&channelId=2&mmsurl=http%3A%2F%2Fmms.yszkapp.cn%3A18080%2Fmms4.6.3&token=pmqhukcpyipvqmoz&tencentShare=1,NATIVE_VIDEO_FRAMES,838,直播播放中 · 线路 1/1,
Android 9 模拟器,488,周口教育,web,webSourceM3U8/webview.txt:222,webview://http://wxyszk.yszkapp.cn/share/views/share/index_share.html?contentType=tvlive&channelId=3&mmsurl=http%3A%2F%2Fmms.yszkapp.cn%3A18080%2Fmms4.6.3&token=pmqhukcpyipvqmoz&tencentShare=1,NATIVE_VIDEO_FRAMES,831,直播播放中 · 线路 1/1,
Android 9 模拟器,489,驻马店综合,web,webSourceM3U8/webview.txt:223,webview://https://static.hntv.tv/total/television/?id=227&u-link=1,NO_PLAYBACK_OBSERVED,12185,网页已打开 · 手机飞鼠可操作 · 线路 1/1,
Android 9 模拟器,490,济源综合,web,webSourceM3U8/webview.txt:224,webview://https://static.hntv.tv/total/television/?id=228&u-link=1,NO_PLAYBACK_OBSERVED,12115,网页已打开 · 手机飞鼠可操作 · 线路 1/1,
Android 9 模拟器,491,黑龙江卫视,web,webSourceM3U8/webview.txt:225,webview://https://www.dbw.cn/zhibodan/zhibo_dan/hljws/,NATIVE_VIDEO_FRAMES,1283,直播播放中 · 线路 1/1,
Android 9 模拟器,492,黑龙江文体,web,webSourceM3U8/webview.txt:226,webview://https://www.dbw.cn/zhibodan/zhibo_dan/hljwt/,NATIVE_VIDEO_FRAMES,831,直播播放中 · 线路 1/1,
Android 9 模拟器,493,黑龙江影视,web,webSourceM3U8/webview.txt:227,webview://https://www.dbw.cn/zhibodan/zhibo_dan/hljys/,NATIVE_VIDEO_FRAMES,831,直播播放中 · 线路 1/1,
Android 9 模拟器,494,黑龙江新闻法治,web,webSourceM3U8/webview.txt:228,webview://https://www.dbw.cn/zhibodan/zhibo_dan/heilongjiang/,NATIVE_VIDEO_FRAMES,832,直播播放中 · 线路 1/1,
Android 9 模拟器,495,黑龙江都市,web,webSourceM3U8/webview.txt:229,webview://https://www.dbw.cn/zhibodan/zhibo_dan/hljds/,NATIVE_VIDEO_FRAMES,2900,直播播放中 · 线路 1/1,
Android 9 模拟器,496,黑龙江农业·科技,web,webSourceM3U8/webview.txt:230,webview://https://www.dbw.cn/zhibodan/zhibo_dan/hljnykj/,NATIVE_VIDEO_FRAMES,2898,直播播放中 · 线路 1/1,
Android 9 模拟器,497,黑龙江少儿,web,webSourceM3U8/webview.txt:231,webview://https://www.dbw.cn/zhibodan/zhibo_dan/hljse/,NATIVE_VIDEO_FRAMES,2067,直播播放中 · 线路 1/1,
Android 9 模拟器,498,哈尔滨新闻综合,web,webSourceM3U8/webview.txt:232,webview://https://www.hrbtv.net/folder79/folder81/,NO_PLAYBACK_OBSERVED,12130,正在加载网页直播 · 线路 1/1,
Android 9 模拟器,499,哈尔滨生活,web,webSourceM3U8/webview.txt:233,webview://https://www.hrbtv.net/folder79/folder85/,NO_PLAYBACK_OBSERVED,12164,正在加载网页直播 · 线路 1/1,
Android 9 模拟器,500,哈尔滨影视,web,webSourceM3U8/webview.txt:234,webview://https://www.hrbtv.net/folder79/folder87/,NO_PLAYBACK_OBSERVED,12165,正在加载网页直播 · 线路 1/1,
Android 9 模拟器,501,齐齐哈尔新闻综合,web,webSourceM3U8/webview.txt:235,webview://https://www.qqhrnews.cn/p/qiqihaerxinwen.html,NO_PLAYBACK_OBSERVED,12118,视频播放失败，按返回键回到原网页 · 线路 1/1,
Android 9 模拟器,502,齐齐哈尔经济·法治,web,webSourceM3U8/webview.txt:236,webview://https://www.qqhrnews.cn/p/jingjifazhipindao.html,NO_PLAYBACK_OBSERVED,12066,视频播放失败，按返回键回到原网页 · 线路 1/1,
Android 9 模拟器,503,金鹰卡通,web,webSourceM3U8/webview.txt:238,webview://https://www.mgtv.com/live,NATIVE_VIDEO_FRAMES,3230,直播播放中 · 线路 1/1,
Android 9 模拟器,504,娄底1,web,webSourceM3U8/webview.txt:239,webview://http://www.ldntv.cn/folder51/folder154/folder171,NATIVE_VIDEO_FRAMES,4666,直播播放中 · 线路 1/1,
Android 9 模拟器,505,吉林卫视,web,webSourceM3U8/webview.txt:240,webview://https://www.jlntv.cn/tv?tag=0,NO_PLAYBACK_OBSERVED,12149,网页已打开 · 手机飞鼠可操作 · 线路 1/1,
Android 9 模拟器,506,延边汉语综合,web,webSourceM3U8/webview.txt:241,webview://https://www.iyb983.cn/ybtv2/,NO_PLAYBACK_OBSERVED,12232,网页已打开 · 手机飞鼠可操作 · 线路 1/1,
Android 9 模拟器,507,延边朝语综合,web,webSourceM3U8/webview.txt:242,webview://https://www.iyb983.cn/live/index.html,NO_PLAYBACK_OBSERVED,12192,网页已打开 · 手机飞鼠可操作 · 线路 1/1,
Android 9 模拟器,508,延边卫视,web,webSourceM3U8/webview.txt:243,webview://https://www.iyb983.cn/cys/,NO_PLAYBACK_OBSERVED,12306,网页已打开 · 手机飞鼠可操作 · 线路 1/1,
Android 9 模拟器,509,江苏卫视4K,web,webSourceM3U8/webview.txt:244,webview://https://live.jstv.com/?channelId=676,NATIVE_VIDEO_FRAMES,2549,直播播放中 · 线路 1/1,
Android 9 模拟器,510,江苏卫视,web,webSourceM3U8/webview.txt:245,webview://https://live.jstv.com/?channelId=670,NATIVE_VIDEO_FRAMES,1272,直播播放中 · 线路 1/1,
Android 9 模拟器,511,江苏城市,web,webSourceM3U8/webview.txt:246,webview://https://live.jstv.com/?channelId=669,NATIVE_VIDEO_FRAMES,830,直播播放中 · 线路 1/1,
Android 9 模拟器,512,江苏综艺,web,webSourceM3U8/webview.txt:247,webview://https://live.jstv.com/?channelId=663,NATIVE_VIDEO_FRAMES,1229,直播播放中 · 线路 1/1,
Android 9 模拟器,513,江苏影视,web,webSourceM3U8/webview.txt:248,webview://https://live.jstv.com/?channelId=664,NATIVE_VIDEO_FRAMES,1269,直播播放中 · 线路 1/1,
Android 9 模拟器,514,江苏新闻,web,webSourceM3U8/webview.txt:249,webview://https://live.jstv.com/?channelId=668,NATIVE_VIDEO_FRAMES,1228,直播播放中 · 线路 1/1,
Android 9 模拟器,515,江苏教育,web,webSourceM3U8/webview.txt:250,webview://https://live.jstv.com/?channelId=666,NATIVE_VIDEO_FRAMES,1234,直播播放中 · 线路 1/1,
Android 9 模拟器,516,江苏体育休闲,web,webSourceM3U8/webview.txt:251,webview://https://live.jstv.com/?channelId=665,NATIVE_VIDEO_FRAMES,831,直播播放中 · 线路 1/1,
Android 9 模拟器,517,江苏国际,web,webSourceM3U8/webview.txt:252,webview://https://live.jstv.com/?channelId=671,NATIVE_VIDEO_FRAMES,1232,直播播放中 · 线路 1/1,
Android 9 模拟器,518,优漫卡通,web,webSourceM3U8/webview.txt:253,webview://https://live.jstv.com/?channelId=667,NATIVE_VIDEO_FRAMES,882,直播播放中 · 线路 1/1,
Android 9 模拟器,519,南京新闻综合频道,web,webSourceM3U8/webview.txt:254,webview://https://www.nbs.cn/live/?id=109152,NATIVE_VIDEO_FRAMES,884,直播播放中 · 线路 1/1,
Android 9 模拟器,520,南京十八生活频道,web,webSourceM3U8/webview.txt:255,webview://https://www.nbs.cn/live/?id=110094,NATIVE_VIDEO_FRAMES,842,直播播放中 · 线路 1/1,
Android 9 模拟器,521,南京教育科技频道,web,webSourceM3U8/webview.txt:256,webview://https://www.nbs.cn/live/?id=109153,NATIVE_VIDEO_FRAMES,839,直播播放中 · 线路 1/1,
Android 9 模拟器,522,南京文旅纪录频道,web,webSourceM3U8/webview.txt:257,webview://https://www.nbs.cn/live/?id=110093,NATIVE_VIDEO_FRAMES,843,直播播放中 · 线路 1/1,
Android 9 模拟器,523,南京少年儿童频道,web,webSourceM3U8/webview.txt:258,webview://https://www.nbs.cn/live/?id=110095,NO_PLAYBACK_OBSERVED,12122,网页已打开 · 手机飞鼠可操作 · 线路 1/1,
Android 9 模拟器,524,盐城一套,web,webSourceM3U8/webview.txt:259,webview://https://www.0515yc.cn/folder147/folder148/folder156/,NO_PLAYBACK_OBSERVED,12179,正在加载网页直播 · 线路 1/1,
Android 9 模拟器,525,铜川综合,web,webSourceM3U8/webview.txt:260,webview://https://www.tcsrm.cn/tvradio/tczhpd.html,NATIVE_VIDEO_FRAMES,1683,直播播放中 · 线路 1/1,
Android 9 模拟器,526,铜川公共,web,webSourceM3U8/webview.txt:261,webview://https://www.tcsrm.cn/tvradio/tcggpd.html,NO_PLAYBACK_OBSERVED,12066,视频播放失败，按返回键回到原网页 · 线路 1/1,
Android 9 模拟器,527,无锡移动,web,webSourceM3U8/webview.txt:262,webview://https://live.wifiwx.com/m2/?page=live&id=494#/pkgA/pages/live/live?id=494,NATIVE_VIDEO_FRAMES,3813,直播播放中 · 线路 1/1,
Android 9 模拟器,528,南昌新闻综合,web,webSourceM3U8/webview.txt:275,webview://https://www.nctv.net.cn/live?channel=1,NATIVE_VIDEO_FRAMES,1734,直播播放中 · 线路 1/1,
Android 9 模拟器,529,宜春综合,web,webSourceM3U8/webview.txt:276,webview://https://h5-yc.newsyc.com/front-cloudlive-manage-h5/index.html?id=610897459610271744,NATIVE_VIDEO_FRAMES,4181,直播播放中 · 线路 1/1,
Android 9 模拟器,530,宜春新闻综合,web,webSourceM3U8/webview.txt:277,webview://https://h5-yc.newsyc.com/front-cloudlive-manage-h5/index.html?id=610897459610271744&company_id=397#/,NATIVE_VIDEO_FRAMES,1720,直播播放中 · 线路 1/1,
Android 9 模拟器,531,宜春法治·民生,web,webSourceM3U8/webview.txt:278,webview://https://h5-yc.newsyc.com/front-cloudlive-manage-h5/index.html?id=636127231831396352&company_id=397#/,NATIVE_VIDEO_FRAMES,1638,直播播放中 · 线路 1/1,
Android 9 模拟器,532,青海卫视,web,webSourceM3U8/webview.txt:279,webview://https://h5.qhbtv.com.cn/front-cloudlive-manage-h5/index.html?id=786181204964564992&company_id=1075&utaot=1,NATIVE_VIDEO_FRAMES,3833,直播播放中 · 线路 1/1,
Android 9 模拟器,533,青海经视,web,webSourceM3U8/webview.txt:280,webview://https://h5.qhbtv.com.cn/front-cloudlive-manage-h5/index.html?id=786227316454875136&company_id=1075&utaot=1,NATIVE_VIDEO_FRAMES,2663,直播播放中 · 线路 1/1,
Android 9 模拟器,534,青海都市,web,webSourceM3U8/webview.txt:281,webview://https://h5.qhbtv.com.cn/front-cloudlive-manage-h5/index.html?id=786227009616371712&company_id=1075&utaot=1,NATIVE_VIDEO_FRAMES,2249,直播播放中 · 线路 1/1,
Android 9 模拟器,535,西宁新闻综合,web,webSourceM3U8/webview.txt:282,webview://https://xiningbcnew.zainanjing365.com/share/live/detailTv?resourceId=5&appscheme=gdmm-zhangshangxining,NATIVE_VIDEO_FRAMES,2518,直播播放中 · 线路 1/1,
Android 9 模拟器,536,西宁生活服务,web,webSourceM3U8/webview.txt:283,webview://https://xiningbcnew.zainanjing365.com/share/live/detailTv?resourceId=6&appscheme=gdmm-zhangshangxining,NO_PLAYBACK_OBSERVED,12083,视频播放失败，按返回键回到原网页 · 线路 1/1,
Android 9 模拟器,537,山东教育卫视,web,webSourceM3U8/webview.txt:284,webview://https://www.sdetv.com.cn/edu/pc/live/index.html,NATIVE_VIDEO_FRAMES,1282,直播播放中 · 线路 1/1,
Android 9 模拟器,538,东营1,web,webSourceM3U8/webview.txt:285,webview://https://ady.dongyingnews.cn/share/dHZsLTUzNy0x.html,NATIVE_VIDEO_FRAMES,2617,直播播放中 · 线路 1/1,
Android 9 模拟器,539,东营2,web,webSourceM3U8/webview.txt:286,webview://https://ady.dongyingnews.cn/share/dHZsLTUzNy0z.html,NATIVE_VIDEO_FRAMES,5442,直播播放中 · 线路 1/1,
Android 9 模拟器,540,东营3,web,webSourceM3U8/webview.txt:287,webview://https://ady.dongyingnews.cn/share/dHZsLTUzNy03.html,NATIVE_VIDEO_FRAMES,2066,直播播放中 · 线路 1/1,
Android 9 模拟器,541,潍坊1,web,webSourceM3U8/webview.txt:288,webview://http://www.wfcmw.cn/wfrtv_pdLive.html?tv=1,NATIVE_VIDEO_FRAMES,2133,直播播放中 · 线路 1/1,
Android 9 模拟器,542,潍坊2,web,webSourceM3U8/webview.txt:289,webview://http://www.wfcmw.cn/wfrtv_pdLive.html?tv=2,NATIVE_VIDEO_FRAMES,1247,直播播放中 · 线路 1/1,
Android 9 模拟器,543,潍坊3,web,webSourceM3U8/webview.txt:290,webview://http://www.wfcmw.cn/wfrtv_pdLive.html?tv=3,NATIVE_VIDEO_FRAMES,831,直播播放中 · 线路 1/1,
Android 9 模拟器,544,潍坊4,web,webSourceM3U8/webview.txt:291,webview://http://www.wfcmw.cn/wfrtv_pdLive.html?tv=4,NATIVE_VIDEO_FRAMES,849,直播播放中 · 线路 1/1,
Android 9 模拟器,545,山东卫视,web,webSourceM3U8/webview.txt:292,webview://https://v.iqilu.com/live/sdtv/index.html,NATIVE_VIDEO_FRAMES,1667,直播播放中 · 线路 1/1,
Android 9 模拟器,546,聊城综合,web,webSourceM3U8/webview.txt:293,webview://https://www.lcxw.cn/kands/?tag=0,NATIVE_VIDEO_FRAMES,1800,直播播放中 · 线路 1/1,
Android 9 模拟器,547,聊城民生,web,webSourceM3U8/webview.txt:294,webview://https://www.lcxw.cn/kands/?tag=1,NATIVE_VIDEO_FRAMES,831,直播播放中 · 线路 1/1,
Android 9 模拟器,548,山西卫视,web,webSourceM3U8/webview.txt:295,webview://https://www.sxrtv.com/tv/index.shtml,NATIVE_VIDEO_FRAMES,2376,直播播放中 · 线路 1/1,
Android 9 模拟器,549,山西经济与科技,web,webSourceM3U8/webview.txt:296,webview://https://apphhplushttps.sxrtv.com//television/live_wap_653.html,NATIVE_VIDEO_FRAMES,1757,直播播放中 · 线路 1/1,
Android 9 模拟器,550,山西影视,web,webSourceM3U8/webview.txt:297,webview://https://apphhplushttps.sxrtv.com//television/live_wap_654.html,NATIVE_VIDEO_FRAMES,1376,直播播放中 · 线路 1/1,
Android 9 模拟器,551,山西社会与法治,web,webSourceM3U8/webview.txt:298,webview://https://apphhplushttps.sxrtv.com//television/live_wap_655.html,NATIVE_VIDEO_FRAMES,1303,直播播放中 · 线路 1/1,
Android 9 模拟器,552,山西文体生活,web,webSourceM3U8/webview.txt:299,webview://https://apphhplushttps.sxrtv.com//television/live_wap_656.html,NATIVE_VIDEO_FRAMES,1298,直播播放中 · 线路 1/1,
Android 9 模拟器,553,太原新闻综合,web,webSourceM3U8/webview.txt:300,webview://https://www.sxtygdy.com/23/23mbdszb/index.shtml,NATIVE_VIDEO_FRAMES,5045,直播播放中 · 线路 1/1,
Android 9 模拟器,554,阳泉新闻综合,web,webSourceM3U8/webview.txt:301,webview://https://www.yqrtv.com/folder74/folder139?id=10,NATIVE_VIDEO_FRAMES,2115,直播播放中 · 线路 1/1,
Android 9 模拟器,555,阳泉科教,web,webSourceM3U8/webview.txt:302,webview://https://www.yqrtv.com/folder74/folder139?id=11,NATIVE_VIDEO_FRAMES,2515,直播播放中 · 线路 1/1,
Android 9 模拟器,556,太原新闻综合,web,webSourceM3U8/webview.txt:303,webview://https://web.wx.sztv.com.cn/cms/rmt2018/23/23mbdszb/index.shtml,NATIVE_VIDEO_FRAMES,1654,直播播放中 · 线路 1/1,
Android 9 模拟器,557,黄河,web,webSourceM3U8/webview.txt:304,webview://https://apphhplushttps.sxrtv.com//television/live_wap_651.html,NATIVE_VIDEO_FRAMES,1271,直播播放中 · 线路 1/1,
Android 9 模拟器,558,太原新闻综合,web,webSourceM3U8/webview.txt:305,webview://https://apphhplushttps.sxrtv.com//a/b/a/live_wap_811850.html,NATIVE_VIDEO_FRAMES,1257,直播播放中 · 线路 1/1,
Android 9 模拟器,559,大同新闻综合,web,webSourceM3U8/webview.txt:306,webview://http://share.dtradio.com.cn/?_hgOutLink=live/livedetail&channel_id=16,NATIVE_VIDEO_FRAMES,2599,直播播放中 · 线路 1/1,
Android 9 模拟器,560,大同公共,web,webSourceM3U8/webview.txt:307,webview://http://share.dtradio.com.cn/?_hgOutLink=live/livedetail&channel_id=8,NATIVE_VIDEO_FRAMES,1232,直播播放中 · 线路 1/1,
Android 9 模拟器,561,大同生活,web,webSourceM3U8/webview.txt:308,webview://http://share.dtradio.com.cn/?_hgOutLink=live/livedetail&channel_id=9,NATIVE_VIDEO_FRAMES,1683,直播播放中 · 线路 1/1,
Android 9 模拟器,562,晋中公共,web,webSourceM3U8/webview.txt:309,webview://https://app.jztvnews.cn//television/live_wap_12442.html,NATIVE_VIDEO_FRAMES,6500,直播播放中 · 线路 1/1,
Android 9 模拟器,563,陕西卫视,web,webSourceM3U8/webview.txt:310,webview://http://live.snrtv.com/star,NATIVE_VIDEO_FRAMES,927,直播播放中 · 线路 1/1,
Android 9 模拟器,564,陕西新闻资讯,web,webSourceM3U8/webview.txt:311,webview://http://live.snrtv.com/1,NATIVE_VIDEO_FRAMES,1322,直播播放中 · 线路 1/1,
Android 9 模拟器,565,陕西都市青春,web,webSourceM3U8/webview.txt:312,webview://http://live.snrtv.com/2,NATIVE_VIDEO_FRAMES,832,直播播放中 · 线路 1/1,
Android 9 模拟器,566,陕西银龄,web,webSourceM3U8/webview.txt:313,webview://http://live.snrtv.com/3,NO_PLAYBACK_OBSERVED,12231,正在连接视频 · 线路 1/1,
Android 9 模拟器,567,陕西秦腔,web,webSourceM3U8/webview.txt:314,webview://http://live.snrtv.com/5,NATIVE_VIDEO_FRAMES,835,直播播放中 · 线路 1/1,
Android 9 模拟器,568,陕西体育休闲,web,webSourceM3U8/webview.txt:315,webview://http://live.snrtv.com/7,NATIVE_VIDEO_FRAMES,831,直播播放中 · 线路 1/1,
Android 9 模拟器,569,陕西农林,web,webSourceM3U8/webview.txt:316,webview://http://live.snrtv.com/nl,NATIVE_VIDEO_FRAMES,832,直播播放中 · 线路 1/1,
Android 9 模拟器,570,陕西移动,web,webSourceM3U8/webview.txt:317,webview://http://www.sxtvs.com/sxtvs_ydpd/index.html,NATIVE_VIDEO_FRAMES,882,直播播放中 · 线路 1/1,
Android 9 模拟器,571,西安新闻综合,web,webSourceM3U8/webview.txt:318,webview://https://v.xiancity.cn/folder8/folder39/folder29/,NATIVE_VIDEO_FRAMES,2083,直播播放中 · 线路 1/1,
Android 9 模拟器,572,西安都市,web,webSourceM3U8/webview.txt:319,webview://https://v.xiancity.cn/folder8/folder39/folder30/,NATIVE_VIDEO_FRAMES,1235,直播播放中 · 线路 1/1,
Android 9 模拟器,573,西安商务资讯,web,webSourceM3U8/webview.txt:320,webview://https://v.xiancity.cn/folder8/folder39/folder31/,NO_PLAYBACK_OBSERVED,12161,视频播放失败，按返回键回到原网页 · 线路 1/1,
Android 9 模拟器,574,西安影视,web,webSourceM3U8/webview.txt:321,webview://https://v.xiancity.cn/folder8/folder39/folder32/,NATIVE_VIDEO_FRAMES,822,直播播放中 · 线路 1/1,
Android 9 模拟器,575,西安丝路,web,webSourceM3U8/webview.txt:322,webview://https://v.xiancity.cn/folder8/folder39/folder33/,NATIVE_VIDEO_FRAMES,830,直播播放中 · 线路 1/1,
Android 9 模拟器,576,榆林综合,web,webSourceM3U8/webview.txt:323,webview://https://v.ylrb.com/2/2tsp/zb/dszb/336843.shtml,NATIVE_VIDEO_FRAMES,5116,直播播放中 · 线路 1/1,
Android 9 模拟器,577,榆林公共,web,webSourceM3U8/webview.txt:324,webview://https://v.ylrb.com/2/2tsp/zb/dszb/336842.shtml,NATIVE_VIDEO_FRAMES,3915,直播播放中 · 线路 1/1,
Android 9 模拟器,578,咸阳综合,web,webSourceM3U8/webview.txt:330,webview://https://www.sxxynews.com.cn/tvradio/xyzhpd.html,NATIVE_VIDEO_FRAMES,1297,直播播放中 · 线路 1/1,
Android 9 模拟器,579,东方卫视,web,webSourceM3U8/webview.txt:331,webview://https://live.kankanews.com/huikan?id=1,NATIVE_VIDEO_FRAMES,3334,直播播放中 · 线路 1/1,
Android 9 模拟器,580,上海新闻综合,web,webSourceM3U8/webview.txt:332,webview://https://live.kankanews.com/huikan?id=2,NATIVE_VIDEO_FRAMES,2231,直播播放中 · 线路 1/1,
Android 9 模拟器,581,上海都市,web,webSourceM3U8/webview.txt:333,webview://https://live.kankanews.com/huikan?id=4,NATIVE_VIDEO_FRAMES,10949,直播播放中 · 线路 1/1,
Android 9 模拟器,582,第一财经,web,webSourceM3U8/webview.txt:334,webview://https://live.kankanews.com/huikan?id=5,NATIVE_VIDEO_FRAMES,2216,直播播放中 · 线路 1/1,
Android 9 模拟器,583,哈哈炫动,web,webSourceM3U8/webview.txt:335,webview://https://live.kankanews.com/huikan?id=9,NATIVE_VIDEO_FRAMES,3150,直播播放中 · 线路 1/1,
Android 9 模拟器,584,五星体育,web,webSourceM3U8/webview.txt:336,webview://https://live.kankanews.com/huikan?id=10,NATIVE_VIDEO_FRAMES,2598,直播播放中 · 线路 1/1,
Android 9 模拟器,585,魔都眼,web,webSourceM3U8/webview.txt:337,webview://https://live.kankanews.com/huikan?id=11,NATIVE_VIDEO_FRAMES,2232,直播播放中 · 线路 1/1,
Android 9 模拟器,586,新纪实,web,webSourceM3U8/webview.txt:338,webview://https://live.kankanews.com/huikan?id=12,NATIVE_VIDEO_FRAMES,2092,直播播放中 · 线路 1/1,
Android 9 模拟器,587,新疆卫视,web,webSourceM3U8/webview.txt:339,webview://https://www.xjtvs.com.cn/column/tv/434?channelId=1,NATIVE_VIDEO_FRAMES,2161,直播播放中 · 线路 1/1,
Android 9 模拟器,588,新疆2套,web,webSourceM3U8/webview.txt:340,webview://https://www.xjtvs.com.cn/column/tv/434?channelId=3,NATIVE_VIDEO_FRAMES,875,直播播放中 · 线路 1/1,
Android 9 模拟器,589,新疆3套,web,webSourceM3U8/webview.txt:341,webview://https://www.xjtvs.com.cn/column/tv/434?channelId=4,NATIVE_VIDEO_FRAMES,1769,直播播放中 · 线路 1/1,
Android 9 模拟器,590,新疆4套,web,webSourceM3U8/webview.txt:342,webview://https://www.xjtvs.com.cn/column/tv/434?channelId=16,NO_PLAYBACK_OBSERVED,12131,网页已打开 · 手机飞鼠可操作 · 线路 1/1,
Android 9 模拟器,591,新疆5套,web,webSourceM3U8/webview.txt:343,webview://https://www.xjtvs.com.cn/column/tv/434?channelId=17,NO_PLAYBACK_OBSERVED,12131,网页已打开 · 手机飞鼠可操作 · 线路 1/1,
Android 9 模拟器,592,新疆8套,web,webSourceM3U8/webview.txt:344,webview://https://www.xjtvs.com.cn/column/tv/434?channelId=23,NATIVE_VIDEO_FRAMES,1297,直播播放中 · 线路 1/1,
Android 9 模拟器,593,新建兵团卫视,web,webSourceM3U8/webview.txt:345,webview://https://www.btzx.com.cn/2024new/new_zhibo/index.shtml,NATIVE_VIDEO_FRAMES,3283,直播播放中 · 线路 1/1,
Android 9 模拟器,594,丽江广播电视,web,webSourceM3U8/webview.txt:346,webview://https://www.lijiang.cn/live/,NATIVE_VIDEO_FRAMES,2099,直播播放中 · 线路 1/1,
Android 9 模拟器,595,红河1,web,webSourceM3U8/webview.txt:347,webview://https://www.hh.cn/ynhhzMini/site/tv,NO_PLAYBACK_OBSERVED,12047,正在加载网页直播 · 线路 1/1,
Android 9 模拟器,596,普洱新闻综合,web,webSourceM3U8/webview.txt:348,webview://https://www.puerw.cn/col1992.html,NATIVE_VIDEO_FRAMES,2167,直播播放中 · 线路 1/1,
Android 9 模拟器,597,临沧新闻综合,web,webSourceM3U8/webview.txt:349,webview://https://mtydazzle.yntv.cn/pages/liveDetails/detail.html/?companyId=lincang&_id=5f51fa40e4b04f16d0288832&isTest=no,NATIVE_VIDEO_FRAMES,3501,直播播放中 · 线路 1/1,
Android 9 模拟器,598,临沧科教,web,webSourceM3U8/webview.txt:350,webview://https://mtydazzle.yntv.cn/pages/liveDetails/detail.html/?companyId=lincang&_id=5f51f80ee4b04f16d0288801&isTest=no,NATIVE_VIDEO_FRAMES,1698,直播播放中 · 线路 1/1,
Android 9 模拟器,599,浙江卫视,web,webSourceM3U8/webview.txt:351,webview://https://www.cztv.com/liveTV/101,NATIVE_VIDEO_FRAMES,2564,直播播放中 · 线路 1/1,
Android 9 模拟器,600,浙江钱江,web,webSourceM3U8/webview.txt:352,webview://https://www.cztv.com/liveTV/102,NATIVE_VIDEO_FRAMES,1700,直播播放中 · 线路 1/1,
Android 9 模拟器,601,浙江经济生活,web,webSourceM3U8/webview.txt:353,webview://https://www.cztv.com/liveTV/103,NATIVE_VIDEO_FRAMES,1232,直播播放中 · 线路 1/1,
Android 9 模拟器,602,浙江教科影视,web,webSourceM3U8/webview.txt:354,webview://https://www.cztv.com/liveTV/104,NATIVE_VIDEO_FRAMES,1298,直播播放中 · 线路 1/1,
Android 9 模拟器,603,浙江民生休闲,web,webSourceM3U8/webview.txt:355,webview://https://www.cztv.com/liveTV/106,NATIVE_VIDEO_FRAMES,1666,直播播放中 · 线路 1/1,
Android 9 模拟器,604,浙江新闻,web,webSourceM3U8/webview.txt:356,webview://https://www.cztv.com/liveTV/107,NATIVE_VIDEO_FRAMES,1248,直播播放中 · 线路 1/1,
Android 9 模拟器,605,浙江少儿,web,webSourceM3U8/webview.txt:357,webview://https://www.cztv.com/liveTV/108,NATIVE_VIDEO_FRAMES,1238,直播播放中 · 线路 1/1,
Android 9 模拟器,606,浙江国际,web,webSourceM3U8/webview.txt:358,webview://https://www.cztv.com/liveTV/110,NATIVE_VIDEO_FRAMES,1228,直播播放中 · 线路 1/1,
Android 9 模拟器,607,浙江好易购,web,webSourceM3U8/webview.txt:359,webview://https://www.cztv.com/liveTV/111,NATIVE_VIDEO_FRAMES,1668,直播播放中 · 线路 1/1,
Android 9 模拟器,608,浙江之江纪录,web,webSourceM3U8/webview.txt:360,webview://https://www.cztv.com/liveTV/112,NATIVE_VIDEO_FRAMES,1262,直播播放中 · 线路 1/1,
Android 9 模拟器,609,杭州综合,web,webSourceM3U8/webview.txt:361,webview://https://tv.hoolo.tv/hzzh/,NATIVE_VIDEO_FRAMES,2182,直播播放中 · 线路 1/1,
Android 9 模拟器,610,西湖明珠,web,webSourceM3U8/webview.txt:362,webview://https://tv.hoolo.tv/xhmz/,NATIVE_VIDEO_FRAMES,1315,直播播放中 · 线路 1/1,
Android 9 模拟器,611,杭州生活,web,webSourceM3U8/webview.txt:363,webview://https://tv.hoolo.tv/hzsh/,NATIVE_VIDEO_FRAMES,1225,直播播放中 · 线路 1/1,
Android 9 模拟器,612,杭州影视,web,webSourceM3U8/webview.txt:364,webview://https://tv.hoolo.tv/utv/,NATIVE_VIDEO_FRAMES,2041,直播播放中 · 线路 1/1,
Android 9 模拟器,613,杭州青少体育,web,webSourceM3U8/webview.txt:365,webview://https://tv.hoolo.tv/hzse/,NATIVE_VIDEO_FRAMES,2099,直播播放中 · 线路 1/1,
Android 9 模拟器,614,杭州文化,web,webSourceM3U8/webview.txt:366,webview://https://tv.hoolo.tv/whpd/,NO_PLAYBACK_OBSERVED,12218,网页已打开 · 手机飞鼠可操作 · 线路 1/1,
Android 9 模拟器,615,宁波-1,web,webSourceM3U8/webview.txt:367,webview://https://www.ncmc.nbtv.cn/gbds/folder8458/NBTV1/index.shtml,NATIVE_VIDEO_FRAMES,4779,直播播放中 · 线路 1/1,
Android 9 模拟器,616,宁波-2,web,webSourceM3U8/webview.txt:368,webview://https://www.ncmc.nbtv.cn/gbds/folder8458/NBTV2/index.shtml,NATIVE_VIDEO_FRAMES,1233,直播播放中 · 线路 1/1,
Android 9 模拟器,617,宁波-3,web,webSourceM3U8/webview.txt:369,webview://https://www.ncmc.nbtv.cn/gbds/folder8458/NBTV3/index.shtml,NATIVE_VIDEO_FRAMES,1235,直播播放中 · 线路 1/1,
Android 9 模拟器,618,宁波-4,web,webSourceM3U8/webview.txt:370,webview://https://www.ncmc.nbtv.cn/gbds/folder8458/NBTV4/index.shtml,NATIVE_VIDEO_FRAMES,829,直播播放中 · 线路 1/1,
Android 9 模拟器,619,绍兴公共,web,webSourceM3U8/webview.txt:371,webview://https://www.shaoxing.com.cn/app/tv/78,NATIVE_VIDEO_FRAMES,3100,直播播放中 · 线路 1/1,
Android 9 模拟器,620,绍兴新闻综合,web,webSourceM3U8/webview.txt:372,webview://https://www.shaoxing.com.cn/app/tv/74,NATIVE_VIDEO_FRAMES,2132,直播播放中 · 线路 1/1,
Android 9 模拟器,621,绍兴文化影视,web,webSourceM3U8/webview.txt:373,webview://http://www.shaoxing.com.cn/app/tv/75,NATIVE_VIDEO_FRAMES,2549,直播播放中 · 线路 1/1,
Android 9 模拟器,622,中国教育1 综合,web,webSourceM3U8/webview.txt:374,webview://https://www.yangshipin.cn/tv/home?pid=600171827,NATIVE_VIDEO_FRAMES,1649,直播播放中 · 线路 1/1,
Android 9 模拟器,623,上海教育,web,webSourceM3U8/webview.txt:375,webview://https://www.setv.sh.cn/#/tvshow,NATIVE_VIDEO_FRAMES,2149,直播播放中 · 线路 1/1,
Android 9 模拟器,624,武汉教育,web,webSourceM3U8/webview.txt:376,webview://https://ronghehao-h5.whjyapp.com/#/pages/live/tv,NATIVE_VIDEO_FRAMES,2182,直播播放中 · 线路 1/1,
Android 9 模拟器,625,深圳卫视,web,webSourceM3U8/webview.txt:379,webview://https://www.sztv.com.cn/dianshi.shtml?id=7867&u-link=1,NO_PLAYBACK_OBSERVED,12365,正在连接视频 · 线路 1/1,
Android 9 模拟器,626,深圳卫视4K,web,webSourceM3U8/webview.txt:380,webview://https://www.sztv.com.cn/dianshi.shtml?id=24725&u-link=1,NATIVE_VIDEO_FRAMES,3734,直播播放中 · 线路 1/1,
Android 9 模拟器,627,深圳都市,web,webSourceM3U8/webview.txt:381,webview://https://www.sztv.com.cn/dianshi.shtml?id=7868&u-link=1,NATIVE_VIDEO_FRAMES,3033,直播播放中 · 线路 1/1,
Android 9 模拟器,628,深圳电视剧,web,webSourceM3U8/webview.txt:382,webview://https://www.sztv.com.cn/dianshi.shtml?id=7880&u-link=1,NATIVE_VIDEO_FRAMES,4149,直播播放中 · 线路 1/1,
Android 9 模拟器,629,深圳国际,web,webSourceM3U8/webview.txt:383,webview://https://www.sztv.com.cn/dianshi.shtml?id=7944&u-link=1,NATIVE_VIDEO_FRAMES,2475,直播播放中 · 线路 1/1,
Android 9 模拟器,630,成都新闻综合,web,webSourceM3U8/webview.txt:384,webview://https://www.cditv.cn/show/4845-563.html,NO_PLAYBACK_OBSERVED,12120,网页已打开 · 手机飞鼠可操作 · 线路 1/1,
Android 9 模拟器,631,成都经济咨询,web,webSourceM3U8/webview.txt:385,webview://https://www.cditv.cn/show/4845-562.html,NO_PLAYBACK_OBSERVED,12099,网页已打开 · 手机飞鼠可操作 · 线路 1/1,
Android 9 模拟器,632,成都都市生活,web,webSourceM3U8/webview.txt:386,webview://https://www.cditv.cn/show/4845-561.html,NO_PLAYBACK_OBSERVED,12114,网页已打开 · 手机飞鼠可操作 · 线路 1/1,
Android 9 模拟器,633,成都影视文艺,web,webSourceM3U8/webview.txt:387,webview://https://www.cditv.cn/show/4845-560.html,NO_PLAYBACK_OBSERVED,12187,网页已打开 · 手机飞鼠可操作 · 线路 1/1,
Android 9 模拟器,634,成都生活,web,webSourceM3U8/webview.txt:388,webview://https://www.cditv.cn/show/4845-559.html,NO_PLAYBACK_OBSERVED,12115,网页已打开 · 手机飞鼠可操作 · 线路 1/1,
Android 9 模拟器,635,成都少儿,web,webSourceM3U8/webview.txt:389,webview://https://www.cditv.cn/show/4845-558.html,NO_PLAYBACK_OBSERVED,12113,网页已打开 · 手机飞鼠可操作 · 线路 1/1,
Android 9 模拟器,636,成都蓉城先锋,web,webSourceM3U8/webview.txt:390,webview://https://www.cditv.cn/show/4845-592.html,NO_PLAYBACK_OBSERVED,12041,视频播放失败，按返回键回到原网页 · 线路 1/1,
Android 9 模拟器,637,简阳新闻综合,web,webSourceM3U8/webview.txt:391,webview://https://www.cditv.cn/show/4844-578.html,NATIVE_VIDEO_FRAMES,7090,直播播放中 · 线路 1/1,
Android 9 模拟器,638,彭州综合,web,webSourceM3U8/webview.txt:392,webview://https://www.cditv.cn/show/4844-576.html,NATIVE_VIDEO_FRAMES,7497,直播播放中 · 线路 1/1,
Android 9 模拟器,639,青白江电视,web,webSourceM3U8/webview.txt:393,webview://https://www.cditv.cn/show/4844-584.html,NATIVE_VIDEO_FRAMES,7483,直播播放中 · 线路 1/1,
Android 9 模拟器,640,浦江电视,web,webSourceM3U8/webview.txt:394,webview://https://www.cditv.cn/show/4844-571.html,NATIVE_VIDEO_FRAMES,9231,直播播放中 · 线路 1/1,
Android 9 模拟器,641,大邑电视,web,webSourceM3U8/webview.txt:395,webview://https://www.cditv.cn/show/4844-572.html,NATIVE_VIDEO_FRAMES,8314,直播播放中 · 线路 1/1,
Android 9 模拟器,642,金堂电视,web,webSourceM3U8/webview.txt:396,webview://https://www.cditv.cn/show/4844-573.html,NATIVE_VIDEO_FRAMES,8484,直播播放中 · 线路 1/1,
Android 9 模拟器,643,邛崃综合,web,webSourceM3U8/webview.txt:397,webview://https://www.cditv.cn/show/4844-575.html,NATIVE_VIDEO_FRAMES,7979,直播播放中 · 线路 1/1,
Android 9 模拟器,644,双流综合,web,webSourceM3U8/webview.txt:398,webview://https://www.cditv.cn/show/4844-581.html,NATIVE_VIDEO_FRAMES,7950,直播播放中 · 线路 1/1,
Android 9 模拟器,645,新都综合,web,webSourceM3U8/webview.txt:399,webview://https://www.cditv.cn/show/4844-583.html,NATIVE_VIDEO_FRAMES,8332,直播播放中 · 线路 1/1,
Android 9 模拟器,646,成华有线,web,webSourceM3U8/webview.txt:400,webview://https://www.cditv.cn/show/4844-586.html,NATIVE_VIDEO_FRAMES,7945,直播播放中 · 线路 1/1,
Android 9 模拟器,647,武侯电视,web,webSourceM3U8/webview.txt:401,webview://https://www.cditv.cn/show/4844-587.html,NATIVE_VIDEO_FRAMES,6244,直播播放中 · 线路 1/1,
Android 9 模拟器,648,金牛,web,webSourceM3U8/webview.txt:402,webview://https://www.cditv.cn/show/4844-588.html,NATIVE_VIDEO_FRAMES,3357,直播播放中 · 线路 1/1,
Android 9 模拟器,649,南江综合,web,webSourceM3U8/webview.txt:403,webview://https://web.guangdianyun.tv/tv/?id=1670&uin=1822,NO_PLAYBACK_OBSERVED,12229,视频播放失败，按返回键回到原网页 · 线路 1/1,
Android 9 模拟器,650,泸县综合,web,webSourceM3U8/webview.txt:404,webview://https://web.guangdianyun.tv/tv/?id=1645&uin=2392,NO_PLAYBACK_OBSERVED,12118,视频播放失败，按返回键回到原网页 · 线路 1/1,
Android 9 模拟器,651,绵竹综合,web,webSourceM3U8/webview.txt:405,webview://https://web.guangdianyun.tv/tv/?id=1933&uin=3277,NATIVE_VIDEO_FRAMES,4134,直播播放中 · 线路 1/1,
Android 9 模拟器,652,射洪综合,web,webSourceM3U8/webview.txt:406,webview://https://web.guangdianyun.tv/tv/?id=391&uin=1743,NATIVE_VIDEO_FRAMES,4933,直播播放中 · 线路 1/1,
Android 9 模拟器,653,内江综合,web,webSourceM3U8/webview.txt:407,webview://http://www.scnj.tv/plus/live/live.php?id=15948060915449&flag=1,NO_PLAYBACK_OBSERVED,12080,网页已打开 · 手机飞鼠可操作 · 线路 1/1,
Android 9 模拟器,654,泸州新闻综合,web,webSourceM3U8/webview.txt:408,webview://https://www.luzhoubs.com/lztv1/index.html,NATIVE_VIDEO_FRAMES,1299,直播播放中 · 线路 1/1,
Android 9 模拟器,655,泸州科教生活,web,webSourceM3U8/webview.txt:409,webview://https://www.luzhoubs.com/lztv3/index.html,NATIVE_VIDEO_FRAMES,883,直播播放中 · 线路 1/1,
Android 9 模拟器,656,遂宁综合,web,webSourceM3U8/webview.txt:410,webview://https://www.snxw.com/suinMini/site/6642bf8360b26293fe689f04/6642d21860b26293fe689f4c,NATIVE_VIDEO_FRAMES,2799,直播播放中 · 线路 1/1,
Android 9 模拟器,657,广元文化生活,web,webSourceM3U8/webview.txt:411,webview://https://m3u8.channel.dzsm.com/nmip-media/channellive/channel101257/playlist.m3u8,NATIVE_VIDEO_FRAMES,850,直播播放中 · 线路 1/1,
Android 9 模拟器,658,甘孜综合,web,webSourceM3U8/webview.txt:412,webview://https://www.ganzitv.com/cms/tv,NATIVE_VIDEO_FRAMES,2798,直播播放中 · 线路 1/1,
Android 9 模拟器,659,雅安新闻综合,web,webSourceM3U8/webview.txt:413,webview://https://www.beiww.com/shiting,NO_PLAYBACK_OBSERVED,12154,网页已打开 · 手机飞鼠可操作 · 线路 1/1,
Android 9 模拟器,660,绵阳新闻综合,web,webSourceM3U8/webview.txt:414,webview://https://myntv.cn/html/zb/mytv1.asp,NATIVE_VIDEO_FRAMES,2528,直播播放中 · 线路 1/1,
Android 9 模拟器,661,内蒙古卫视,web,webSourceM3U8/webview.txt:415,webview://https://www.nmtv.cn/liveTv?tag=内蒙古卫视,NO_PLAYBACK_OBSERVED,12268,网页已打开 · 手机飞鼠可操作 · 线路 1/1,
Android 9 模拟器,662,乌海都市生活,web,webSourceM3U8/webview.txt:416,webview://https://app.wuhainews.org.cn/folder17/share/live/?channel_id=9,NATIVE_VIDEO_FRAMES,2133,直播播放中 · 线路 1/1,
Android 9 模拟器,663,赤峰经济服务,web,webSourceM3U8/webview.txt:417,webview://http://h5.cfrmw.cn/front-cloudlive-manage-h5/index.html?id=722728110696456192&company_id=1073#/,NATIVE_VIDEO_FRAMES,3895,直播播放中 · 线路 1/1,
Android 9 模拟器,664,赤峰影视娱乐,web,webSourceM3U8/webview.txt:418,webview://http://h5.cfrmw.cn/front-cloudlive-manage-h5/index.html?id=722728404075438080&company_id=1073#/,NATIVE_VIDEO_FRAMES,2167,直播播放中 · 线路 1/1,
Android 9 模拟器,665,乌兰察布经济生活,web,webSourceM3U8/webview.txt:419,webview://https://res.wrbtv.cn/html/rft/live.html?channelId=f5c8509c3b7b4c76b691d1863be29d27&type=1&siteId=82dcdad6b80b4f2d8a13067e5fce2e7a&shareAppId=82dcdad6b80b4f2d8a13067e5fce2e7a,NATIVE_VIDEO_FRAMES,4349,直播播放中 · 线路 1/1,
